外部验证数据集,口语化数据集,内部评估数据集,内部训练数据集
"医生：您好。先别着急，您慢慢说。您提到您母亲最近“发作”不定时、间隔越来越短，能具体说说她“发作”时的样子吗？比如是从什么时候开始出现这种情况的？

患者：就是最近这半年吧，以前没怎么见过。她一发作就突然愣住，然后眼神发直，有时候手会抖，接着就摔倒了，嘴里有白沫，脸色煞白，看着特别吓人。以前大概一两个月一次，现在有时候一个礼拜就两三次。

医生：听您这么描述，确实挺让人担心的。那她每次发作大概持续多长时间？发作完之后她有什么感觉，比如有没有说哪里不舒服或者记不记得刚才的事？

患者：一般也就一两分钟，但感觉特别漫长。醒了之后她特别累，有时候还头疼，不记得自己怎么摔的。最近她老说头晕得厉害，站着都晃，我们怕她再摔倒，家里人都轮流看着她。

医生：明白了。那她头晕是持续性的，还是一阵一阵的？跟刚才说的那种“发作”有没有关系？比如是先头晕然后发作，还是发作完以后才头晕？

患者：好像都有。有时候她先觉得天旋地转，接着就发作了；有时候发完以后能晕一整天。她现在都不敢自己出门，走路都得扶着。

医生：好的，这个情况很重要。那再问一下您母亲今年多大年纪？以前有没有高血压、糖尿病、心脏病，或者头部受过外伤、脑炎、脑膜炎这些情况？

患者：她58了。血压有点高，但没规律吃药。别的病没查过。年轻的时候从梯子上摔下来过一次，当时说没事，也没去医院看。

医生：嗯，这个信息也得留意。她最近这段时间除了头晕和“发作”，吃饭、睡觉怎么样？有没有说看东西模糊、恶心或者一侧手脚发麻没力气的情况？

患者：吃饭还行，就是睡得不好，总说害怕再犯病。有时候说手麻，但我看她两只手都麻，不是一边。恶心也有过，特别是头晕厉害的时候。

医生：了解了。那家里人有没有人有过类似这种“抽风”“羊角风”或者不明原因晕倒的情况？您母亲平时抽烟、喝酒吗？最近有没有在吃什么药？

患者：我姥姥好像年轻时抽过风，具体不知道。我妈不抽烟不喝酒，就吃点降压药，但断断续续的。

医生：好，您提供的这些信息很关键。我最后再问一下，她发作的时候有没有咬到过舌头、小便失禁？最近一次发作是哪天？

患者：咬到过嘴唇，倒没咬到舌头。没尿过裤子。最近一次是前天早上，吓得我赶紧请假回家。","医生：哎，我看您进来时候这脚步有点飘啊，怎么回事儿？今天遇上啥情况了？

患者：哎呀，医生，我跟您说，我是个剧组的化妆师。现在我这是真没法跟组干活了，身体扛不住。就是每天早上，刚开工给演员化妆那会儿，我精神头还挺好，手也稳当得很。可一到下午三点四点左右，完了，我这俩胳膊就开始越来越沉，酸得不行，举着粉刷、端着化妆盘都觉得贼费劲。昨天下午更吓人，我差点手一软，那化妆品就直接砸演员脸上了，可把我吓坏了，当时就赶紧跟导演请假跑来了。

医生：嗯，您这个一到下午就加重的上肢没劲儿，干精细活儿的时候尤其麻烦。那我再问问，除了手没劲儿，您下午化妆那会儿，有没有看演员的脸感觉变成两个影子？或者说，有没有觉得自己说话声音越来越小，听着鼻子还特别堵、带那种鼻音？

患者：哎哟，医生您可别提了，看东西重影太厉害了！昨天下午，我就盯着演员的眉毛看，硬生生看成四条眉毛，眼花得不行，眼皮也沉得跟睁不开似的。说话声音也不行，跟导演说妆容咋弄，没说几句嗓子就哑了，那声音就跟从鼻子里哼出来似的，虚得很。

医生：嗯，复视、眼皮耷拉、说话声音嘶哑，这几个凑一块儿，是特别典型的伴随表现。那您以前有没有做过胸部的CT啊？有没有大夫跟您提过，说您有胸腺瘤或者胸腺增生什么的？或者甲状腺有没有啥毛病？

患者：甲状腺……以前倒是查过，因为脖子肿得大，说是有点甲减，现在一直在吃药。胸腺瘤那个，真没查过。

医生：哦，甲减，这个自身免疫的病史挺有价值的。那再问问您家里，兄弟姐妹或者长辈里头，有没有人得过类风湿啊或者甲状腺这类病的？

患者：我妈吧，她甲状腺就一直不好，而且风湿还特别厉害。

医生：行，我大概心里有数了。最后再问问您平时生活作息，最近是不是跟组拍戏赶工没怎么休息？或者有没有不小心感冒发烧啥的？

患者：哎，最近剧组为了抢进度，天天拍大夜戏，我每天就能睡三四个小时，困得不行就猛灌咖啡。前些天在片场淋了雨，又得了重感冒，一直流鼻涕打喷嚏的，也没去打针吃药，就那么扛着。",医生：您好，请坐，看您用手撑着额头，眼皮好像也有些睁不开，今天是遇到了什么麻烦？患者：大夫，我是一家蛋糕店的糕点师。最近这一周，我每天早上刚到店里揉面团、挤奶油的时候，力气大得很。可是一过了中午，我这两只胳膊就像是被抽空了力气一样，连个轻飘飘的打蛋器都举不起来，手指头软绵绵的。昨天下午我差点因为拿不稳烤盘把手给烫了。而且一到下午，我的这两个眼皮就像是用胶水粘住了一样，死活睁不开。医生：这种典型的“早晨轻、傍晚重”，以及劳动后加剧的肌肉无力和眼睑下垂，不能当成普通的劳累。除了四肢无力，您最近有没有觉得看烤箱里的蛋糕会出现重影？或者吃晚饭的时候，嚼东西很费劲，腮帮子发酸？患者：太对了！昨天下午我看那个温度计的数字，全变成了两层重影，看得我头晕恶心。晚上在店里吃员工餐，连吃口面包都觉得咬不动，嚼几下脸部肌肉就酸得要命，最后只能用水泡软了生吞下去。医生：复视和咀嚼无力是极其重要的伴随症状。您以前体检的时候，有没有大夫提过您胸前有肿块，或者是胸腺瘤？有没有查出过甲亢？患者：甲亢我没查过。不过前年体检拍胸片，大夫确实说我胸口那有个什么胸腺瘤，个头不大，建议我做手术切掉。但我怕开刀休息影响挣钱，就一直拖着没去治。医生：这绝对是一个关键的既往史。您的家族长辈中，有没有人有过自身免疫系统疾病，比如红斑狼疮或者类风湿的？患者：我母亲有多年的风湿性关节炎，手指头都变形了。医生：了解。最后了解下您的生活状态，最近是不是店里生意忙，天天在后厨高温下烘焙，极度疲劳？发病前有没有感染过什么病毒，比如急性肠胃炎？患者：最近正赶上中秋做月饼，我每天要在后厨烤箱前站十几个小时，热得浑身湿透，累得腰都直不起来。半个月前我还因为吃了不干净的外卖得了急性肠胃炎，拉了三天肚子，硬扛着没休息，估计身体就是那时候垮的。,医生：您好，今天主要因为什么不舒服来就诊？患者：医生您好，主要是突然一侧肢体无力伴说话含糊。今天早上突然觉得左侧胳膊和腿没劲，拿杯子拿不稳，走路往一边偏，家里人说我说话含糊。医生：这些表现是突然出现还是逐渐加重？大概从什么时候开始，最明显影响到什么活动？患者：症状出现后没有马上完全好转，左侧手脚还是发笨，自己活动不方便。医生：除了这些明显情况，您有没有感觉一侧身体触碰不敏感、反应变慢、记不清刚发生的事，或者看东西缺了一块？患者：有，左侧手别人碰我感觉没有另一边清楚，说话时脑子有点乱，家人说我刚开始反应比平时慢。这次没有明显外伤，发作前也没有感冒。医生：接下来了解既往情况。您以前有没有类似发作或类似不适？平时有没有慢性病、住院史，或做过相关检查？患者：有高血压和血脂偏高，最近一段时间监测不规律，没有做过头部血管方面的详细检查。医生：家里直系亲属有没有发生过类似的肢体无力、抽搐、手抖、说话或走路异常等情况？患者：母亲有高血压，外公晚年有过类似突然昏倒后住院的经历。医生：平时生活习惯方面，是否经常久坐、熬夜、饮食偏咸偏油、饮酒吸烟？发作前有没有特别劳累或不适？患者：口味重，喜欢腌菜和肥肉，锻炼少，发作前一天搬了重物又情绪激动。
"医生：您好。今天主要是哪里不舒服想让我帮您看看？

患者：医生您好，我这个老毛病又犯了，想来看看有什么办法能控制住。就是抽风，整个人抽过去，什么都不知道了。

医生：别着急，慢慢说。您说的“抽风”，大概是什么时候开始的？当时是什么情况？

患者：具体第一次发作，是我十六七岁的时候，突然就倒地上了，全身抽搐，嘴里还吐白沫，人完全没意识。醒来后头特别疼，像要炸开一样，身上一点力气都没。

医生：听起来当时情况确实挺吓人的。那您还记得在那之前，比如小时候，头部有没有受过伤或者生过什么大病？

患者：有，我两三岁的时候从高处摔下来过，听说把耳朵后面那块骨头摔碎了，当时在医院治好了，也没留下什么不对劲的地方，一直到十六七岁才第一次抽。

医生：这个信息很重要。那您说现在大概每年都会发作一次，这个频率是近几年才变成这样的吗？以前呢？

患者：对，以前年轻时候好几年才犯一次，三五年吧。最近几年感觉越来越勤了，差不多一年就要来一回，心里很害怕。

医生：我理解您的担心。每次发作前，您自己有什么感觉，比如头晕、心慌、眼前发黑或者闻到奇怪的味道？

患者：有时候会突然觉得心里发慌，脑子一片空白，但多数时候是啥预感都没有，说倒就倒了。

医生：那家里人有没有说过，您发作的时候具体是什么表现？比如眼睛往哪边看，手脚是僵硬还是抽动，大概持续多久？

患者：他们说我眼睛往上翻，牙关咬得紧紧的，两个手攥着拳头，全身一抖一抖的，喊我也听不见。一般几分钟就自己好了，但醒过来那会儿人很糊涂，得过好一阵才能缓过来。

医生：好的，这些细节很有帮助。除了这种大的发作，您平时有没有出现过突然发呆、愣神，或者手里的东西突然掉了、说话突然中断，自己却不知道的情况？

患者：那倒没特别注意过，好像没有吧。主要就是这种大发作，太折磨人了。","医生：哎，您好您好，快请坐。今天这是碰上什么事儿了，这么急着就过来了？

患者：哎呀，医生，我跟您说，就家里头那老式窗户嘛，一下雨就卡死了。我今儿就双手扒着那窗框，死命地往旁边推，憋着劲儿使劲儿嘛。结果突然间，我这后脑勺就跟针扎一样，猛地疼了一下，然后我这左手吧，一下就完全没知觉了，整个人直接就瘫地上了。

医生：嗯，发力过猛，然后突发头痛，还带着一边身子没劲儿，这个得特别警惕。那我再问问，除了这个，这两天您有没有觉得左眼看东西好像缺了一半，看不太全？或者有没有感觉自己脾气变得特别暴躁，控制不住？

患者：哎，您这么一说，左眼还真是，老觉得眼角那边好像挡着东西，看不太全。脾气嘛，这几天就一直不太好，心里头烦得很，刚才推不开那窗户的时候，我更是火冒三丈，气得不行。

医生：好，我明白了。那您以前有没有查出来过高血压啊？或者体检的时候，医生有没有提过您脑子里头的血管有啥问题？

患者：高血压可有年头了，都十来年了。前年体检的时候，大夫倒是说过一次，说我有什么……轻微的脑部微血管退化。

医生：嗯，那您家里头，长辈里面有没有人得过偏瘫，或者因为高血压引起过脑梗这类病的？

患者：有啊，我父亲到晚年的时候，就是因为高血压，后来就偏瘫了，一直卧在床上。

医生：行，情况我大概清楚了。再问一下您平时的口味，是不是吃得比较咸、比较重？刚才推那窗户的时候，是不是使了特别大的劲儿，连气都憋着没敢喘？

患者：对对，我平时就爱吃味道重的，咸的辣的都行。刚才推窗户那会儿，真的是使了吃奶的劲儿，脸都憋紫了，就那么一下，突然就出事儿了。",医生：您好，看您进门的时候脚步有些虚浮，今天是遇到了什么突发状况？患者：医生，我是一名出租车司机。我现在的身体状况已经没法开车了。每天早上刚出车的时候，我精神百倍。可是到了下午三四点，我就觉得两只胳膊越来越沉，打方向盘都觉得极其吃力，踩刹车的右腿也发软。昨天下午我差点因为踩不住刹车追尾，吓得我直接把车停在路边不敢开了。医生：这种随时间推移加重的四肢无力在驾驶时非常危险。除了手脚没力气，您在下午开车的时候，有没有觉得看前方的车辆会变成两个影子？或者觉得说话的声音变得越来越小，带有浓浓的鼻音？患者：看东西重影太严重了！昨天下午我看着前面的一辆白车，硬生生看成了两辆重叠的白车，眼花缭乱的，眼皮也沉得睁不开。声音也是，跟乘客说话，说不到几句嗓子就哑了，声音像从鼻子里发出来的一样，虚得很。医生：复视、眼皮下垂和发音嘶哑是极其典型的伴随症状。您以前有没有做过胸部CT，大夫有没有说过您有胸腺瘤或者胸腺增生？或者有没有甲状腺的毛病？患者：甲状腺以前因为脖子肿大查过，说是有点甲减，在吃药。胸腺瘤倒是没查过。医生：这个甲减的自身免疫病史很有价值。那您的兄弟姐妹或者长辈里，有没有人也有类风湿或者甲状腺疾病的？患者：我母亲就是一直甲状腺不好，还有很严重的风湿病。医生：明白了。最后问问您平时的生活习惯，最近是不是长时间开车没怎么休息？或者有没有不小心得过什么感冒发烧？患者：最近为了多挣点份子钱，我每天连着开十四五个小时的车，困了就猛抽烟喝浓茶。前几天一直下雨，我开着窗户吹风，得了重感冒，一直流鼻涕打喷嚏，没去打针。,医生：您好，请您从最开始的不舒服说起，哪里最明显？患者：医生您好，主要是情绪激动后出现口齿不清和视物不清。昨晚情绪比较激动，后来出现说话不连贯，看东西有一块不清楚，左侧身体也不太听使唤。医生：请您描述一下发作或加重时的样子，包括持续时间、部位和对日常活动的影响。患者：是比较突然出现的，半个月前还基本正常，之后就一直没有完全恢复。医生：除了这些明显情况，您有没有感觉一侧身体触碰不敏感、反应变慢、记不清刚发生的事，或者看东西缺了一块？患者：我确实有点发呆，别人问我问题要想一会儿，喝水偶尔会呛一下，看东西右边像不太完整。医生：之前身体状况怎么样？有没有类似症状、慢性病、外伤史，或体检提示过异常？患者：血压一直偏高，药有时忘记吃，前几年体检说血管硬化。医生：再了解一下家族情况。您的父母、兄弟姐妹或子女中，有没有人出现过类似症状，或有相关的长期疾病？患者：母亲有高血压，外公晚年有过类似突然昏倒后住院的经历。医生：我还想了解生活和诱因：最近睡眠、压力、饮食、饮酒、吸烟、运动，以及外出或特殊接触情况如何？患者：口味重，喜欢腌菜和肥肉，锻炼少，发作前一天搬了重物又情绪激动。
"医生：您好。您今天来主要是哪里不舒服，能跟我具体说说吗？

患者：医生，我这个抽搐的毛病有两年了，一年大概犯两三次，每次犯起来浑身抽、牙关咬得紧紧的，特别吓人。犯完之后浑身疼，肚子也疼，头也疼。

医生：听您说“抽搐”这个情况，我心里大概有数了。为了更清楚，您能回忆一下，每次犯病之前，自己有什么特别的感觉？比如眼前闪光、心慌、闻到怪味，或者肚子不舒服？

患者：犯之前有时候会觉得肚子一阵难受，说不上来，然后好像就不知道了。也有几次是突然就抽了，事先没感觉。

医生：这个细节很重要。那您犯病的时候，大概持续多长时间？旁边的人有没有告诉过您，当时您有没有发出声音、口吐白沫，或者小便失禁的情况？

患者：家里人说我抽的时候嘴里会发出“呜呜”的声音，有时候有白沫，时间大概几分钟吧，具体我也不清楚。醒过来就觉得特别累，身上像被人打了一顿。小便失禁好像没注意过。

医生：明白了。那您平时身体怎么样？比如有没有发过高烧、脑袋受过伤，或者家里长辈、兄弟姐妹有没有类似抽风或癫痫的情况？

患者：我身体平时还行，没受过什么大伤。就是小时候有一次发高烧挺厉害的，但具体记不清了。家里好像我姑姑年轻时候也有过抽风，但后来没听说了。

医生：好的，这些背景信息对判断很有帮助。那您这两年因为这个问题，有没有去别的地方看过，或者自己吃过什么药？平时抽烟、喝酒吗？睡眠怎么样？

患者：没正经去医院看过，就犯完了歇几天。不抽烟，酒偶尔喝一点。睡觉还行，但犯病前后会睡得特别沉。","医生：哎，您好您好，看您是交警同志送过来的，路上这是出啥事儿了？

患者：哎呀，大夫，我刚才开车在快速路上呢，想踩刹车减速，结果您猜怎么着？我这右脚就跟木头似的，一点知觉都没有，根本抬不起来！我赶紧想用右手去拉手刹，结果右手也软了，使不上劲儿。最后没辙，车是擦着路边护栏蹭停下来的。交警过来一问话，一瞧我，说我嘴都歪了。

医生：哎呦，开车的时候突然半边身子没劲儿，脸也歪了，这太危险了。那我再问问，除了刚才说的这些，您这几天有没有觉得咽东西不太顺畅，有点噎得慌？或者扭头的时候，突然一阵天旋地转的晕？

患者：哎，晕！转头晕得太厉害了。就昨天，我倒车看后视镜，一扭脖子，晕得我直犯恶心。吞东西嘛……偶尔也会呛一下，咳半天。

医生：嗯，您说的这些都是脑供血不足的先兆表现。那您以前去医院查过没有，有没有确诊过高血压、高血脂，或者心脏有没有房颤这类问题？

患者：血脂……大夫说高得像粥一样，高血压也有，好多年了。但我寻思着不痛不痒的，也没觉得难受，就一直没吃过药。

医生：那家里头呢？您父母或者兄弟姐妹里头，有没有人得过中风偏瘫，或者心梗这样的病？

患者：有啊，我亲哥哥，几年前就是脑血管堵了，落下了偏瘫，到现在走路还不利索呢。

医生：行，我大概有数了。再问问您平时工作是啥样的，是不是一坐就是大半天的？抽烟抽得厉害不厉害？

患者：哎，我就是开网约车的，一天到晚在车上坐着，十几个小时下不来。为了提神嘛，那烟是一根接一根，抽得可凶了。",医生：您好，看您穿着外卖骑手的衣服，喘气这么厉害，今天主要是哪里不舒服来就诊的？患者：大夫，我这外卖是跑不下去了。我每天早上六七点钟刚出来跑单的时候，拎十几斤的外卖一口气爬五楼都不喘气。可是一过了下午两点，我这两只手拧电动车油门都觉得酸软无力，两条腿更是像面条一样，爬个二楼都得歇三趟，膝盖直打颤。送餐晚了还被客户投诉，我真是欲哭无泪。医生：这种早晨力气足、晚上体力完全不支的波动性无力感需要高度警惕。除了手脚没力气，您在下午骑车的时候，有没有觉得看前方的路牌会变成两个？或者晚上吃盒饭的时候，觉得肉根本嚼不烂？患者：重影真的有！昨天傍晚我送单，看着前面的红绿灯都变成了双份的，吓得我赶紧靠边停车揉眼睛，眼皮也像挂了秤砣一样往下掉。吃晚饭更是受罪，嚼个两三口盒饭里的硬肉，腮帮子就酸得动弹不得，咽下去的时候还卡嗓子眼，经常呛得我直咳嗽。医生：复视、眼睑下垂以及咀嚼、吞咽困难，这些伴随症状非常典型。回忆一下，您以前有没有做过胸部CT，大夫有没有说过您有胸腺增生或者肿瘤？有没有查出过甲状腺有问题？患者：甲状腺我没查过。不过两年前因为胸痛去拍过一次CT，大夫说我胸口这有个什么胸腺瘤，个头不大，建议我做手术切掉。但我天天跑单挣钱，哪有时间住院啊，就一直拖着。医生：这绝对是一个非常关键的病史。您的家族里，比如父母，有没有人得过自身免疫性的疾病，比如红斑狼疮或者甲亢？患者：我母亲有甲亢，一直在吃药控制。医生：了解了。最后了解一下您最近的生活状态，是不是跑外卖一直处于高温高压下，极度缺乏休息？发病前有没有生过什么大病？患者：最近正值酷暑，我每天要在外面暴晒跑十几个小时，热得浑身湿透，连喝水的时间都没有。上个月我还得了重度化脓性扁桃体炎，打了好几天吊瓶，身体亏空得很厉害。,医生：您好，今天主要因为什么不舒服来就诊？患者：医生您好，主要是突然一侧肢体无力伴说话含糊。今天早上突然觉得左侧胳膊和腿没劲，拿杯子拿不稳，走路往一边偏，家里人说我说话含糊。医生：这些表现是突然出现还是逐渐加重？大概从什么时候开始，最明显影响到什么活动？患者：症状出现后没有马上完全好转，左侧手脚还是发笨，自己活动不方便。医生：我再问一些不太容易注意到的表现：有没有答非所问、性格突然烦躁或发呆，吞咽呛咳，或者大小便控制变差？患者：有，左侧手别人碰我感觉没有另一边清楚，说话时脑子有点乱，家人说我刚开始反应比平时慢。这次没有明显外伤，发作前也没有感冒。医生：关于既往史，您之前有没有因为神经、头部、肌肉无力或意识变化等问题就医？平时有什么基础病？患者：血压一直偏高，药有时忘记吃，前几年体检说血管硬化。医生：您的家人中有没有人年轻或年老后出现过相似表现，或者被反复要求做头部、神经方面检查？患者：父亲年纪大时有过一次突然半边身子不能动，住过院，具体原因家里说不清。医生：我还想了解生活和诱因：最近睡眠、压力、饮食、饮酒、吸烟、运动，以及外出或特殊接触情况如何？患者：平时不太运动，常喝浓茶，睡眠不规律，最近家里事情多，情绪紧张。
"医生：您好。请坐，别着急，慢慢说。您今天是带孩子来看病的吗？孩子现在哪里不舒服？

患者：医生您好，是的，这是我女儿。最近她晚上睡觉的时候又“抽”了一次，比以前厉害，以前喊她几声就能醒，这次怎么喊都没反应，大概持续了快一分钟，可把我吓坏了。

医生：您描述得很清楚。这种“抽动”的情况，具体是发生在晚上刚睡着的时候，还是早上快要醒的时候？孩子发作的时候，眼睛是睁着还是闭着的？有没有出现口吐白沫或者小便失禁的情况？

患者：一般都是刚睡着没多久，或者早上快醒那半小时。眼睛是闭着的，脸在抽，身体也僵着抽动。以前没有吐过白沫，也没尿过床，就是这次叫不醒，我心里特别没底。

医生：我明白了。那孩子发作结束之后，她自己是马上就清醒了能正常说话，还是通常要睡上一阵子才能完全缓过来？另外，最近一周孩子有没有发烧、感冒，或者学习上压力特别大、睡眠不足的情况？

患者：以前抽完很快就睡着了，醒来说自己知道刚才动不了。这次抽完也睡了很久。最近没发烧，就是开学作业多，睡得有点晚，可能比平时少了两个小时的觉。

医生：睡眠不足确实可能是诱因之一。为了更全面地了解情况，我想问一下，孩子出生的时候顺利吗？您和她爸爸这边，有没有家人有过类似的“抽风”或“癫痫”病史？

患者：出生都挺好的，足月顺产。我们双方家里人没听说有谁得过这个病，这是第一次出现这种情况。

医生：好的，您提供的信息非常重要。那孩子发作过后，有没有说头痛、恶心想吐，或者看东西模糊、重影这些不舒服？另外，在平时不发作的时候，她走路、说话和同龄孩子比，发育都正常吗？

患者：没有说头痛恶心，平时走路说话都挺正常的，学习成绩也还可以。就是这次发作有点重，我很担心会不会对脑子有影响。","医生：哎，您好，看您这脸色发白啊，今天这是碰上什么突发状况了？

患者：哎呀，医生，我跟您说，就刚才在家里洗澡的时候出的事儿。我正洗着头呢，突然就听见一阵特别刺耳的电锯声，嗡嗡嗡的，可响了，但我心里明白，家里头根本没人在装修啊。我还没反应过来怎么回事儿呢，就什么都不知道了。后来我老婆说，她听见浴室里“扑通”一声，跑进去一看，我就光着身子倒在地上了，浑身抽抽，嘴里还吐白沫子。我现在想想，真是丢人丢到家了，而且这头啊，疼得要炸开一样。

医生：嗯，在浴室里头突然就人事不省了，这确实很危险，幸好家属发现得及时。那我问问，在您听到那奇怪的电锯声之前，有没有突然觉得胃里翻腾，恶心得厉害？或者有没有闻到什么烧焦的怪味儿？事后除了头痛，身上肌肉酸不酸？

患者：烧焦的味儿倒是没有闻见，就是那个声音，太真了，震得我脑瓜子都发麻。现在浑身肌肉，哎哟，就跟刚跑完马拉松似的，酸得我一点儿都不想动，就想躺着睡一觉。

医生：嗯，发作之前能听到这种声音，这个先兆对判断病灶位置很有帮助。那您以前有没有得过脑膜炎啊？或者做过脑部CT，大夫说过脑袋里有啥微小的损伤没有？

患者：有，我八岁那会儿得过结核性脑膜炎，当时可严重了，在医院治了快半年才出的院。

医生：好，明白了。那您家里头，比如说父母、爷爷奶奶他们，有没有人也得过这种突然晕倒、抽筋的毛病？

患者：这个真没有，家里人身体都还行，没听说有这种病。

医生：行。最后再问问您生活上的事儿。您发病之前，是不是在那种不透气的小空间里待了挺久？或者最近有没有喝大酒、累得够呛的情况？

患者：哎，最近为了赶一个设计图纸，我连着熬了两个通宵，每天就靠点外卖、猛抽烟顶着。今天也是觉得实在太累了，想洗个热水澡放松一下，结果可能水温调太高了，浴室里全是热乎乎的雾气，憋得慌，就突然出这事儿了。",医生：您好，看您是由家属搀扶着进来的，步伐不太稳，今天主要是遇到了什么状况？患者：大夫，我是在乡下承包果园的。最近这一周，每天早上下地剪枝摘果子，我还能挥得动剪刀。可是一到了快天黑的时候，我这两只胳膊和两条腿就像是被抽空了力气一样，连个摘果子的筐都拿不起来，走路一瘸一拐的。休息一晚上，第二天早上起来感觉又好多了，跟正常人一样。医生：这种典型的“晨轻暮重”现象，加上劳动后加剧的肌肉无力，必须引起重视。除了四肢没力气，您最近在干重活挑果子的时候，有没有觉得呼吸特别费力，气不够喘？或者晚上吃饭的时候，嚼那种硬一点的咸菜，嚼几下就腮帮子酸软？患者：您说得太对了！前天傍晚我挑着两筐苹果回家，走到半路觉得气都喘不上来，胸口闷得像要炸了，只能坐下来大口倒气。晚上吃饭也是，连嚼个萝卜干都觉得腮帮子酸痛，最后只能随便扒拉两口稀饭咽下去。医生：呼吸肌受累和咀嚼无力是非常危险的信号。您以前有没有被诊断过甲亢？或者在镇上体检的时候，大夫有没有说过您有胸腺肥大的情况？患者：前几年在卫生院查出来过甲状腺结节，大夫说我有点甲亢，给我开了药，我嫌贵吃了一阵子就停了。胸腺肥大倒是没查过。医生：甲亢的病史很有参考价值。那您的直系亲属中，有没有人发生过严重的免疫系统疾病，比如类风湿关节炎？患者：我妈有多年的风湿骨痛，手指关节都肿得变形了，一到下雨天就疼得下不了床。医生：了解。最后了解下您的生活状态，最近是不是因为果园收成极度劳累？发病前有没有拉过肚子或者感冒发烧？患者：最近正赶上摘苹果，我每天要在果园里干十几个小时的体力活，累得腰都直不起来。前两天还因为受凉得了热伤风，一直咳嗽流鼻涕，硬扛着下地的。,医生：您好，今天主要因为什么不舒服来就诊？患者：医生您好，主要是突发意识恍惚伴一侧手脚不听使唤。十来天前突然头胀痛得厉害，随后吐了一次，后来右侧手脚开始发麻，抬起来费劲。医生：请您描述一下发作或加重时的样子，包括持续时间、部位和对日常活动的影响。患者：起初我还想忍一忍，但家人看我反应慢、走路偏，就陪我来了。医生：除了这些明显情况，您有没有感觉一侧身体触碰不敏感、反应变慢、记不清刚发生的事，或者看东西缺了一块？患者：有，右侧手别人碰我感觉没有另一边清楚，说话时脑子有点乱，家人说我刚开始反应比平时慢。这次没有明显外伤，发作前也没有感冒。医生：我再问一下过去的身体情况：以前出现过这样的症状吗？有没有长期疾病、外伤、手术或正在服用的药物？患者：以前跌倒磕过头但没留下明显问题，平时血压波动比较大。医生：您的家人中有没有人年轻或年老后出现过相似表现，或者被反复要求做头部、神经方面检查？患者：父亲年纪大时有过一次突然半边身子不能动，住过院，具体原因家里说不清。医生：我还想了解生活和诱因：最近睡眠、压力、饮食、饮酒、吸烟、运动，以及外出或特殊接触情况如何？患者：平时不太运动，常喝浓茶，睡眠不规律，最近家里事情多，情绪紧张。
"医生：您好。想先详细了解一下您刚才提到的情况。您说睡觉的时候会发作，左腿和左胳膊抽动，这种情况大概是从什么时候开始出现的？

患者：大夫，这个毛病其实从小就有。我记得3岁那年发过一次，7岁又发过一次，后来好多年没事，最近这两年好像又开始了。

医生：嗯，我明白了。那最近这两次发作，您自己还有印象吗？每次大概持续多长时间？发作的时候您是完全不知道，还是心里清楚但控制不了身体？

患者：我有时候迷迷糊糊知道一点，但说不出话。家里人说我每次抽也就一两分钟，最长不超过三分钟。抽完以后我左边胳膊腿就软得跟不是自己的似的，得好一阵子才能缓过来。

医生：这个信息很重要。您提到每次发作前都有炎症、感冒，还有头疼、发烧、舌头僵、说不出话、左口角流唾液这些表现——这些不舒服的感觉，是出现在抽动之前，还是跟抽动同时发生的？

患者：一般先是感冒发烧，头疼得厉害，然后就开始觉得舌头不对劲，说话费劲，接着嘴也往左边歪，口水就流出来了，最后胳膊腿才抽起来。顺序差不多就是这样。

医生：好的，您说得很清楚。那平时不感冒、不发烧的时候，有没有出现过类似的情况？另外，您家里长辈或者兄弟姐妹，有没有人有过抽风、癫痫或者不明原因晕倒的毛病？

患者：平时不感冒好像没犯过。家里……我印象里没有谁得过癫痫，也没听老人提过谁抽风。就我自己这样。

医生：明白了。还有几个问题跟您确认一下：您发作的时候有没有咬到过舌头？有没有尿过裤子？另外，您小时候3岁和7岁那两次，大人有没有说过当时也是先发烧感冒，还是说睡着睡着突然就抽了？

患者：咬舌头好像没有，但口水流得厉害。没尿过裤子。小时候那两次，听我妈说也都是先发烧，烧得挺高，然后晚上睡着觉就犯病了。那时候去医院看过，医生怀疑是癫痫，但没确诊，后来也没吃药。","医生：您好，我看您是交警同志送过来的，这路上是出什么事儿了？

患者：哎哟，医生，我现在这手还抖得厉害呢！我刚才开着车在快速路上跑，不知道咋回事，突然之间脑子就一片空白，啥都不知道了。等我回过神来，交警跟我说，我的车擦着中央护栏滑出去十几米才停下来。他们说叫醒我的时候，我满嘴都是血，把自己舌头给咬破了，还说我当时在车里抽了好一阵子。

医生：开车的时候突然就失去知觉还抽搐，这确实太危险了。在你彻底断片之前那几秒钟，你有没有闻到什么怪味儿？比如臭鸡蛋味儿、烧糊了的味儿？或者眼前有没有看见什么五颜六色的光斑、闪的东西？

患者：怪味儿倒是没闻见。但是我当时正盯着前面的路呢，突然胃里就一阵翻腾，恶心得不行，就跟坐电梯“咣当”一下往下掉那种失重感似的。紧接着心里头就涌上来一股强烈的害怕，那种怕劲儿一上来，我直接就断片了，后面啥也不知道了。

医生：嗯，先是胃里不舒服，然后是害怕，接着就失去意识，这个顺序对我们判断发作类型很有用。我再问你，你以前有没有查出来过脑子里面有血管畸形之类的问题？或者脑袋有没有受过什么比较重的伤？

患者：有！三年前我从家里的楼梯上滚下来过，脑袋磕得不轻。当时去医院，大夫说是硬膜下血肿，后来没做手术，靠打针吃药血块慢慢吸收了，我也就没再管它。

医生：好，这个病史我得记下来。那你家里的长辈，比如你父母、爷爷那一辈，有没有人有过那种突然就晕倒、不省人事，过一会儿自己又醒过来的情况？

患者：我爷爷以前就有这毛病！隔三差五的，说倒就倒，在地上躺一会儿自己就醒了，家里人那会儿都管那叫羊角风。

医生：好，明白了。最后问问你的生活习惯，你平时工作是经常熬夜的那种吗？发病之前那段时间，是不是特别累，或者烟抽得特别凶？

患者：哎，我就是跑长途运输的，熬夜开车那是家常便饭。为了提神，我每天两三包烟打底。作息完全就是颠倒的，今天也是熬了一整个通宵在赶路，实在困得不行了还在硬撑。",医生：您好，请坐。看您脸色有些苍白，手一直托着下巴，今天是遇到了什么状况？患者：医生，我是个做美容美甲的。最近这半个月我真是连饭碗都快保不住了。每天上午给头几个客人做护理的时候我还生龙活虎的，可是到了晚上营业高峰期，我举着美容仪和修甲工具的双手，就像挂了沙袋一样，酸痛无力，胳膊直往下掉。而且我现在连皱眉头、闭眼睛这种简单的动作都做不好了，脸上就像贴了一层硬膜，客人跟我打招呼我都挤不出笑脸。医生：这种四肢近端无力伴随“晨轻暮重”的规律，还有面部表情肌肉的僵硬感，是非常有特征性的。除了这些，您最近有没有觉得一到下午眼皮就耷拉下来睁不开？或者喝水的时候老是容易呛到气管里咳半天？患者：有的！一到下午，我的右眼皮就沉得抬不起来，得经常用手去揉。喝水也很痛苦，最近老是觉得喉咙那块的肌肉不协调，喝急了就剧烈呛咳，眼泪都呛出来了，连说话声音都变得又小又哑。医生：眼睑下垂、吞咽呛咳和发音无力是很危险的隐性症状。您以前体检的时候，有没有大夫提过您胸前有肿块，或者是胸腺增生？有没有查出过甲亢？患者：两年前体检，大夫确实提过一句，说胸片显示我胸腺有些肥大，让我最好去做个增强CT，我当时心疼钱，也没觉得哪疼，就没去查。医生：这绝对是一个关键的线索。您的家族长辈中，有没有人有过自身免疫系统疾病，比如红斑狼疮或者类风湿的？患者：我亲大姐有系统性红斑狼疮，现在一直在用激素治疗。医生：明白了。最后了解下您的生活状态，最近美容院工作是不是一直低着头或者举着手，极度疲劳？发病前有没有感染过什么病毒？患者：干我们这行的，忙起来一天站十二三个小时是常态。上周店里空调开得特别冷，我得了重感冒，发了几天低烧，吃了退烧药硬扛着去上班的，估计就是那时候落下的病根。,医生：您好，请您从最开始的不舒服说起，哪里最明显？患者：医生您好，主要是清晨起床后半边身子发麻、使不上劲。刚开始是眼前发黑、头痛，没多久家人发现我嘴角有点歪，右侧腿迈不开步。医生：好的。这个情况持续了多久？中间有没有完全缓解，还是一直存在或越来越明显？患者：起初我还想忍一忍，但家人看我反应慢、走路偏，就陪我来了。医生：除了这些明显情况，您有没有感觉一侧身体触碰不敏感、反应变慢、记不清刚发生的事，或者看东西缺了一块？患者：脸和手有麻木感，自己觉得头昏沉，刚发作时说过几句不连贯的话，后来才慢慢清楚些。这次没有明显外伤，发作前也没有感冒。医生：接下来了解既往情况。您以前有没有类似发作或类似不适？平时有没有慢性病、住院史，或做过相关检查？患者：以前没有这样发作过，但有高血压多年，偶尔头晕，没系统检查过脑血管。医生：从家族史方面看，家里有没有人有类似发作，或者长期的神经系统、肌肉无力、脑血管方面问题？患者：家里没有听说过先天血管异常，但好几位长辈血压都高。医生：平时生活习惯方面，是否经常久坐、熬夜、饮食偏咸偏油、饮酒吸烟？发作前有没有特别劳累或不适？患者：平时应酬多，饮酒较多，血压药有时漏服，最近赶项目连续熬夜。
"医生：您好，请坐。想先了解一下您最近身体有什么不舒服的地方。您能具体说说吗？

患者：医生，我最近也不知道是怎么回事，半夜睡着睡着突然就犯病了，挺吓人的。

医生：别着急，慢慢说。您说的“犯病”，大概是什么时候开始的？能具体描述一下当时的感觉吗？

患者：就这两个月吧，有好几次了。一般都在凌晨三四点、四五点那会儿，我正睡着呢，突然左手就开始使劲抖，控制不住，然后就整个胳膊抽起来，紧跟着眼睛往上翻，嘴里还吐白沫。

医生：这个过程大概持续多长时间？当时您自己有没意识，知不知道自己在抽？

患者：具体多久我也说不好，感觉有一两分钟？我家里人说我抽的时候叫不醒，等停下来了我才慢慢缓过来，但头很晕，全身没劲。

医生：明白了。除了左手抽、眼睛上翻和吐白沫，您有没有出现过牙关紧咬、小便失禁，或者醒来后发现自己咬到舌头的情况？

患者：有有有，家里人说我牙咬得紧紧的，有一次舌头也咬破了。尿倒是没注意，但我醒来嘴里有血腥味。

医生：嗯，这些信息很重要。在发作之前，您有没有感觉到什么不对劲的地方，比如心慌、头晕、眼前发黑，或者闻到什么奇怪的味道？

患者：发作前有时候会觉得心里发慌，好像有什么事儿要发生一样，但来不及反应就什么都不知道了。

医生：那白天清醒的时候，有没有过类似的手抖、发呆、或者突然脑子空白几秒钟的情况？

患者：白天倒没这么严重，就是偶尔会突然走神，别人叫我一下才回过神来，不知道跟这个有没有关系。

医生：家里有长辈或者兄弟姐妹得过癫痫或者抽风这类毛病吗？

患者：我印象里好像没有，我妈没提过谁有。

医生：好。您最近有没有发高烧、头部受过伤，或者长期睡眠不好、喝酒、吃一些特殊药物的情况？

患者：发烧没有，头也没撞到过。就是工作忙，经常熬夜，睡眠不太好。酒平时喝得不多。","医生：你好，别紧张啊，慢慢说。今天这是咋回事，让你赶紧跑医院来了？

患者：哎呀，大夫，我是高中生。今天正上着课呢，突然之间，我就觉得周围一切都不对劲了，特别陌生，就好像从来没来过这教室一样。然后心里头就涌上来一股说不出的害怕，觉得要出啥大事儿了，紧接着我眼前一黑，啥都不知道了。等我醒来，我同桌跟我说，我刚才从椅子上出溜到地上了，浑身硬邦邦的，手啊脚啊都在一个劲儿地抽抽，大概抽了一分多钟才停下来。可把我同桌吓坏了。

医生：嗯，先是很害怕，然后突然就失去意识、还抽筋，这个确实挺吓人的。我问你啊，在你眼前发黑之前，除了害怕，有没有闻到过什么怪味儿？比如那种烧糊了的橡胶味儿？醒了以后，你身上有啥感觉？

患者：哎，您这么一说我想起来了！发作前我确实闻到一股特别刺鼻的、像是电线烧焦了的味儿，我当时还寻思是不是哪儿的电路短路了呢。醒来以后吧，我这脑袋疼得就跟要炸开似的，嗡嗡的，还有我这四肢的肌肉，酸疼酸疼的，现在拿笔写字都没劲儿，手直哆嗦。

医生：嗯，醒过来头疼、肌肉酸痛，这个倒是抽完以后常见的反应。那我再问你，你以前脑袋有没有受过什么伤啊？比如说撞过、出过车祸？或者有没有得过脑膜炎之类的病？

患者：有！我小学三年级的时候得过病毒性脑膜炎，当时头疼发烧，烧得人都迷糊了，在医院住了大半个月才出院。

医生：行，这个病史很重要，我得记下来。那你家里的直系亲属，就是你爸妈、叔叔姑姑他们，有没有人有过这种突然就抽起来的情况？

患者：我亲叔叔以前就有过这种毛病，听家里人说，他有时候一受惊吓就容易犯病，抽起来跟我今天差不多。

医生：好，明白了。最后问问你平时的生活习惯，你是不是经常熬夜啊？比如说玩手机玩到很晚？发病前那几天是不是一直没好好休息？

患者：哎，大夫您真说对了！最近不是快期末考试了嘛，我天天晚上躲被窝里拿手机刷题，一刷就刷到凌晨两三点，睡眠严重不足，白天上课都打瞌睡。",医生：您好，看您是由同事搀扶着进来的，今天是怎么个情况让您赶紧来医院的？患者：大夫啊，我是银行柜员。平时坐在柜台里点钞、敲键盘。最近这大半个月，我每天早上上班点钞速度飞快。可是到了下午三四点结账的时候，我的两只手就像挂了沙袋一样，酸痛无力，连捆钞纸都撕不开。而且我发现自己连笑都不会笑了，客户办完业务，我想微笑一下，脸上的皮肉却僵硬得很。医生：下午加重的上肢无力，加上面部表情肌肉的僵硬感，这绝对不能当成普通的劳累。除了这些，您在看电脑屏幕的时候，有没有觉得数字会重叠在一起？或者喝水的时候容易呛到气管里咳半天？患者：您说得太准了！昨天下午我看屏幕上的账单，硬是看成了两排，重影得厉害。喝水也很痛苦，最近老是觉得喉咙那块的肌肉不协调，稍微喝快一点就剧烈呛咳，眼泪都出来了。医生：复视和吞咽呛咳是非常危险的信号。您以前有没有被诊断过胸腺瘤？或者有没有类风湿之类的老毛病？患者：我十多年前因为胸口闷去检查，查出来过一个小胸腺瘤，当时做了微创手术给切除了，后来也没复发过。医生：胸腺瘤手术史是个非常核心的线索。那您的家族里，有没有人有过类似的肌肉极度无力，或者其他免疫系统的重病？患者：我小姨有多年的风湿性关节炎，常年吃药。医生：了解了。最后问问您的生活细节，最近有没有拉过肚子、发过高烧？或者因为什么事情情绪极度低落？患者：半个月前我不小心吃了不卫生的外卖，得了急性肠胃炎，上吐下泻的，去诊所挂了三天的盐水。自从那次之后，我就觉得身体彻底没劲了。,医生：您好，请您从最开始的不舒服说起，哪里最明显？患者：医生您好，主要是情绪激动后出现口齿不清和视物不清。刚开始是眼前发黑、头痛，没多久家人发现我嘴角有点歪，左侧腿迈不开步。医生：请您描述一下发作或加重时的样子，包括持续时间、部位和对日常活动的影响。患者：起初我还想忍一忍，但家人看我反应慢、走路偏，就陪我来了。医生：这段时间有没有一侧脸麻、手脚针刺感，听得见别人说话但理解慢，或者看门框、电视边缘时觉得少了一部分？患者：我确实有点发呆，别人问我问题要想一会儿，喝水偶尔会呛一下，看东西右边像不太完整。这次没有明显外伤，发作前也没有感冒。医生：关于既往史，您之前有没有因为神经、头部、肌肉无力或意识变化等问题就医？平时有什么基础病？患者：以前没有这样发作过，但有高血压多年，偶尔头晕，没系统检查过脑血管。医生：再了解一下家族情况。您的父母、兄弟姐妹或子女中，有没有人出现过类似症状，或有相关的长期疾病？患者：家里老人有过突然说不清话、走路偏斜的情况，其他亲属不太清楚。医生：最后了解一下生活习惯。您平时作息、饮食、运动、吸烟饮酒情况怎么样？最近有没有劳累、熬夜、感染或情绪波动？患者：口味重，喜欢腌菜和肥肉，锻炼少，发作前一天搬了重物又情绪激动。
"医生：您好，请坐。先别着急，慢慢跟我说说，孩子现在多大了？您刚才提到他出生后有过抽搐，这是从什么时候开始发现的？具体是什么样的情况？

患者：医生，孩子出生第二天就开始抽了，当时把我们都吓坏了。他抽的时候牙关咬得很紧，两个胳膊弯着，腿伸得直直的，全身都发紫，呼吸不了了。每次抽完眼睛还往上翻，盯着一个地方不动，特别吓人。

医生：我完全理解您的心情，这种情况确实很让人揪心。您先别太紧张，我会仔细问清楚。请问这种发作大概多长时间发生一次？每次发作持续多久？是几分钟，还是更长时间？

患者：发作特别频繁，一天能有十几次。每次短的不到一分钟，长的能有两三分钟。发作完孩子就很虚弱，半天缓不过来。我一直抱着他，就怕他喘不上气。

医生：您做得很好，时刻监护非常关键。我想再问一下，发作的时候有没有发热、呕吐或者腹泻这些伴随情况？孩子出生时是足月吗？生产过程中有没有出现过缺氧或者难产的情况？

患者：没有发热，也没有拉肚子。孩子是足月生的，但生的时候有点急，医生说脐带绕颈，出来时哭声不大。当时评分好像不高，具体多少我也记不清了。我这几天几乎没合眼，所有人都劝我放弃，可我真的舍不得……

医生：您作为母亲，这份坚持非常不容易。我能感受到您的担忧和压力。再问一个问题，您和孩子爸爸家里，比如父母或兄弟姐妹，有没有人有过类似的抽搐或者癫痫病史？这有助于我们更全面地了解情况。

患者：我们两边家里都没有人得过这种病，就是这孩子一出生就这样。医生，我真的不知道该怎么办了，他以后还能像正常孩子一样生活吗？我每天都害怕他什么时候又发作……","医生：您好，我看您系个扣子都费半天劲儿，动作比一般人慢不少啊。今天来是觉得哪儿出问题了？

患者：哎，大夫，别提了，我这双手啊，现在笨得跟木头似的，干点啥都慢吞吞的。平常我就坐那沙发上，啥也不干，这左手就自己在膝盖上开始抖啊抖的，停都停不下来，可烦人了。

医生：嗯，手上发僵发紧，不干活的时候还抖，这个确实挺影响过日子。那我再问问您，您最近晚上睡觉踏实吗？有没有那种情况，比如睡着了突然大喊大叫，或者手脚乱动？

患者：哎哟，您怎么知道的！我老伴儿老跟我抱怨，说我最近半夜里经常嗷嗷喊，有时候还带踹脚的，把她都给吵醒了。

医生：嗯，睡觉不老实这个情况，对我们来说是个挺要紧的线索。您以前去医院，大夫有没有跟您说过，您有慢性脑供血不足啊，或者脑袋里有斑块之类的问题？

患者：说过说过，以前体检的时候，大夫就拿着片子跟我说过，说我有脑缺血，还说血管里长了些斑块，让我注意着点。

医生：好，明白了。那我再问问您，您家里的长辈，比如说父母、爷爷奶奶那一辈，有没有人老了以后也是脸上没什么表情，板着脸，手还止不住发抖的？

患者：哎，您这么一问我想起来了，我爷爷当年就是那样，整天绷着个脸，一点笑模样都没，手也跟我现在似的，老是抖抖索索的。

医生：行，清楚了。最后想跟您了解一下生活上的情况，您以前有没有在乡下或者什么地方，长期喝那种自家打的井水，就是地下水？

患者：有啊，我在农村生活了好多年，那会儿都是喝自家压水井里的水，喝了得有几十年的光景。",医生：您好，看您是由老伴推着轮椅进来的，今天是怎么个情况让您赶紧来医院的？患者：大夫啊，我现在连路都走不了了。今天早上我在小区溜达，本来走得好好的，才走了不到五百米，双腿就像面条一样软了下去，怎么使劲都站不起来，最后是邻居帮忙用轮椅把我推回来的。更让我害怕的是，我现在连说话都觉得费老劲了，大舌头，舌头在嘴里转不过弯来。医生：突发的双下肢严重无力和言语含糊，这绝对不能耽误。除了这些，您这几天有没有觉得眼皮很沉，好像用胶水粘住了一样睁不开？或者有时候觉得呼吸有些费力，需要大口喘气？患者：有的有的。最近一到下午看报纸，这眼皮就耷拉下来了，我得用手把它撑开才能看字。喘气也有点问题，晚上睡觉平躺着的时候，总觉得胸口闷，气不够用，得把枕头垫得很高才行。医生：眼睑下垂和呼吸费力是非常重要的危险信号。您以前有没有被诊断过胸腺瘤？或者有没有类风湿之类的老毛病？患者：我十多年前因为胸前疼，查出来过胸腺瘤，当时做手术给切除了，后来也一直没复发过。类风湿倒没有，就是骨关节有点退化。医生：胸腺瘤手术史是个非常核心的线索。那您的家族里，有没有人有过类似的肌肉极度无力，或者其他免疫系统的重病？患者：没有，我们家亲戚老了大多是心脑血管病，没听说有这种浑身软绵绵的病。医生：了解了。最后问问您的生活细节，最近有没有拉过肚子、发过高烧？或者因为什么事情情绪极度低落？患者：半个月前我不小心吃了冰箱里的剩菜，得了急性肠胃炎，上吐下泻的，脱了水，去社区挂了三天的盐水。自从那次拉肚子之后，我就觉得身体彻底垮了。,医生：您好，您这次来看诊，主要是哪方面的问题？患者：医生您好，主要是情绪激动后出现口齿不清和视物不清。刚开始是眼前发黑、头痛，没多久家人发现我嘴角有点歪，左侧腿迈不开步。医生：好的。这个情况持续了多久？中间有没有完全缓解，还是一直存在或越来越明显？患者：当时来得很急，家人发现我说话、走路都和平时不一样，到现在仍然有影响。医生：这段时间有没有一侧脸麻、手脚针刺感，听得见别人说话但理解慢，或者看门框、电视边缘时觉得少了一部分？患者：有，左侧手别人碰我感觉没有另一边清楚，说话时脑子有点乱，家人说我刚开始反应比平时慢。医生：关于既往史，您之前有没有因为神经、头部、肌肉无力或意识变化等问题就医？平时有什么基础病？患者：以前没有这样发作过，但有高血压多年，偶尔头晕，没系统检查过脑血管。医生：您的家人中有没有人年轻或年老后出现过相似表现，或者被反复要求做头部、神经方面检查？患者：父亲年纪大时有过一次突然半边身子不能动，住过院，具体原因家里说不清。医生：平时生活习惯方面，是否经常久坐、熬夜、饮食偏咸偏油、饮酒吸烟？发作前有没有特别劳累或不适？患者：平时不太运动，常喝浓茶，睡眠不规律，最近家里事情多，情绪紧张。
"医生：你好，请坐。先了解一下你的情况。你这次来主要是哪里不舒服？

患者：医生，我最近总是会突然犯病，就是整个人会不受控制，头往上仰，眼睛也往上翻，有时候还犯恶心。

医生：嗯，别着急，慢慢说。这种情况大概从什么时候开始的？

患者：其实挺久了，最早是15岁那年，突然就大发作了一次，整个人倒在地上，还抽筋。当时吓坏了。

医生：15岁第一次发作，当时有去医院看过吗？

患者：看过，但当时也没查出什么特别的。后来过了大概4个月，又发作了一次，还是那样大发作。再后来就慢慢变成经常发作了。

医生：你说的“经常发作”，大概多久一次？每次都是大发作吗？

患者：不是，后来大发作少了，主要是小发作，就是刚才说的头往上仰、眼睛往上翻那种。有时候一天能有好几次，但时间很短。

医生：小发作的时候，你自己有意识吗？知道周围发生了什么吗？

患者：有时候知道，但控制不了身体。有时候会有点恍惚，感觉像走神一样，一下子又回来了。

医生：那大发作现在大概多久会出现一次？之前发作时有没有受过伤，比如摔倒擦伤或者咬到舌头？

患者：大发作现在可能几个月一次吧，不一定。以前摔过，膝盖、胳膊都蹭破过，也咬到过舌头。

医生：明白了。除了这些发作，平时有没有头痛、头晕，或者感觉手脚发麻、看东西不清楚的情况？

患者：偶尔会觉得头晕，别的倒没什么。就是怕在外面突然发作，挺担心的。

医生：理解你的担心。再问一下，你家里人，比如父母、兄弟姐妹，有没有过抽筋、癫痫或者类似的毛病？

患者：没有，家里人都挺健康的，没听谁得过这种病。

医生：好的。你以前头部有没有受过伤，比如撞到、摔倒，或者得过脑炎、脑膜炎这些病？

患者：没有，小时候身体一直挺好的，没得过什么大病，也没受过重伤。

医生：平时睡眠怎么样？会不会熬夜、劳累或者压力比较大的时候更容易发作？

患者：对，熬夜或者太累了就容易发作，压力大的时候也感觉更明显。

医生：那发作前有什么特别的感觉，比如心慌、闻到怪味、肚子不舒服，像是某种预兆？

患者：好像有时候会突然觉得有点恶心，然后就开始发作了。其他预兆不太明显。

医生：好，你描述得很清楚。最后问一下，你现在有没有在吃什么药，或者之前医生给你开过什么治疗吗？

患者：之前医生开过药，但我吃了一阵子，后来没怎么坚持，现在没在吃药。","医生：哎，我看你是让工友给搀进来的，这脚步看着不太稳当啊。今天来医院，是哪儿不得劲儿啊？

患者：哎呀大夫，我干建筑活儿的，平时搬砖扛水泥，那力气大得很。可就最近这一两周，邪门儿了，每天上午吧，我还能咬牙干点活，可一过了晌午，我这浑身肌肉就跟化了似的，软趴趴的，两条腿就跟踩在棉花堆上一样，一点根儿都没有，连块砖都举不起来了。我包工头还以为我偷懒耍滑，净跟我嚷嚷，可我真不是装的啊，一到下午就跟废人一样，歇一宿吧，第二天早上起来又能好点儿，可一到下午又犯，我自个儿都闹不明白。

医生：嗯，你这个“干活累加重、歇歇能缓解”，还是“早上轻、下午重”的规律，我们可不能简单当成是累着了。那我再问你啊，除了四肢没劲儿，你最近看东西有没有花？比如看远处的东西，有没有变成一个变成两个那种重影儿？还有就是，晚上你平躺在床上的时候，有没有觉得喘气费劲，胸口闷，气儿吸不进去？

患者：哎哟，重影还真有！昨天下午我在脚手架上站着，往下一看，哎哟，底下人的安全帽全成双的了，一个变俩，吓得我腿都软了，赶紧就爬下来了。再说喘气，您算问着了，晚上我躺在工棚那硬板床上，就觉得胸口上压了块大石头，沉甸甸的，气儿倒不上来，非得坐起来靠着被子才能迷迷糊糊睡过去。

医生：好，看东西重影加上喘气费劲，这可是非常要紧的信号。那我再问问你，你以前有没有查出来过甲状腺的毛病？或者说拍胸片的时候，大夫有没有提过你胸腺有什么不正常的地方？

患者：嗯……以前在老家体检，倒是查出过有甲状腺结节，可当时大夫说不用管，我也没放心上。胸片的话，工地上那种体检就是走个过场，照一下就完事儿了，也没哪个大夫跟我提过胸腺的事儿啊。

医生：行，我知道了。那你家里头的直系亲属，比如你爸妈，他们有没有得过什么免疫系统的病？比如说甲状腺炎啊，或者红斑狼疮之类的？

患者：我母亲吧，她脖子一直就比别人粗，好像是甲状腺有毛病，后来一直在吃药控制，具体啥病我也说不清。

医生：明白。最后再问问你生活上的事儿，工地最近是不是活儿特别重？累得够呛？另外最近有没有闹过肚子、拉稀，或者发过高烧？

患者：哎，别提了，最近工期催得跟催命似的，我们一天在太阳底下暴晒着干十几个钟头，那衣服湿了干、干了湿，拧一把都能拧出半桶水来。前几天我还因为喝了工地上的生水，不干净，拉了好几天肚子，拉得我整个人都快虚脱了，路都走不动。",医生：您好，看您穿着制服，脸色有些苍白，今天是遇到了什么状况？患者：医生，我是名交警。最近这半个月我真是连班都上不了了。每天上午在路口指挥交通，我打手势干净利落。可是到了晚高峰那会儿，我举着指挥棒的双手就像挂了沙袋一样，酸痛无力，胳膊直往下掉。而且我发现我现在连吹哨子的力气都没有了，腮帮子软绵绵的漏风，嘴唇都闭不紧。医生：这种四肢近端无力伴随“晨轻暮重”的规律，还有面部表情肌肉和口轮匝肌的无力感，是非常有特征性的。除了这些，您最近有没有觉得一到下午眼皮就耷拉下来睁不开？或者看路口的车流时，会觉得一辆车变成了两辆？患者：有的！一到下午，我的眼皮就沉得抬不起来。看路上的车更是危险，真的偶尔会出现两个重叠的影子，看得我眼花缭乱，吓得我都不敢站到马路中间去了。医生：眼睑下垂和复视是极具诊断价值的症状。您以前体检的时候，有没有大夫提过您胸前有肿块，或者是胸腺增生？有没有查出过甲亢？患者：两年前单位体检，大夫确实提过一句，说胸片显示我胸腺有些肥大，让我最好去做个增强CT，我当时没觉得哪疼，就没去查。医生：这绝对是一个关键的线索。您的家族长辈中，有没有人有过自身免疫系统疾病，比如红斑狼疮或者类风湿的？患者：我亲大姐有系统性红斑狼疮，现在一直在用激素治疗。医生：明白了。最后了解下您的生活状态，最近执勤是不是一直站在烈日下，极度疲劳？发病前有没有感染过什么病毒？患者：这段时间查酒驾天天加班，一天站十几个小时是常态。上周执勤淋了暴雨，我得了重感冒，发了几天低烧，吃了退烧药硬扛着去上班的，估计就是那时候落下的病根。,医生：您好，我先了解一下，最让您担心的症状是什么？患者：医生您好，主要是突然一侧肢体无力伴说话含糊。昨晚情绪比较激动，后来出现说话不连贯，看东西有一块不清楚，右侧身体也不太听使唤。医生：请您描述一下发作或加重时的样子，包括持续时间、部位和对日常活动的影响。患者：症状出现后没有马上完全好转，右侧手脚还是发笨，自己活动不方便。医生：这段时间有没有一侧脸麻、手脚针刺感，听得见别人说话但理解慢，或者看门框、电视边缘时觉得少了一部分？患者：我确实有点发呆，别人问我问题要想一会儿，喝水偶尔会呛一下，看东西右边像不太完整。医生：之前身体状况怎么样？有没有类似症状、慢性病、外伤史，或体检提示过异常？患者：以前跌倒磕过头但没留下明显问题，平时血压波动比较大。医生：从家族史方面看，家里有没有人有类似发作，或者长期的神经系统、肌肉无力、脑血管方面问题？患者：家里老人有过突然说不清话、走路偏斜的情况，其他亲属不太清楚。医生：最后问一下，近期有没有旅行、腹泻或感冒，是否接触特殊环境？平常作息和运动规律吗？患者：抽烟很多年，饭菜偏咸，运动少，最近睡得晚，昨天还喝了酒。
"医生：您好，请坐。想先详细了解一下您的情况。您刚才提到有时候会突然“不省人事”，能具体跟我说说，发作之前您自己有什么特别的感觉吗？

患者：就是胸口突然特别难受，说不上来，像压着一样，然后一下子就不知道了。

医生：明白了，这个“胸口难受”的感觉出现后，大概多久会失去意识？是几秒钟，还是慢慢有一会儿？

患者：很快，可能就几秒钟，来不及反应就倒了。

医生：好的。那等您醒过来之后，有没有听旁边的人说过，您发作的时候身体是什么样子的？比如手脚、眼睛有什么变化？

患者：我老公说过，我眼睛往上翻，全身都在抽，手脚硬邦邦的，嘴里还有白沫子流出来。他说看着很吓人。

医生：谢谢您告诉我这些，这对我判断很重要。那一次发作从开始到完全清醒过来，大概要多久？醒来后有什么不舒服吗？

患者：抽可能抽了十来分钟吧，然后我就睡过去了，醒来浑身酸疼，头也昏昏沉沉的，特别累。

医生：这种发作的情况，您是从什么时候开始出现的？最近一次是什么时候？

患者：大概半年前开始的，最近一次是上个月，正好来例假那几天。

医生：您提到月经期更容易发作，这一点很关键。大概每次都是在月经前后或者经期当中发作吗？平时不在这段时间会不会也有？

患者：对，基本上都是来月经那几天，平时好像没怎么犯过。所以我有点怕来例假了。","医生：哎，我看您是让队友给搀进来的，这走道都不利索了。今天赶紧来医院，是觉得哪儿不对劲啊？

患者：哎呀，大夫，我是体校练田径的，平时身体倍儿棒。可就最近这四五天，我这俩腿啊，就跟不是我的似的，完全不听使唤。刚开始吧，就是脚后跟那儿有点麻，我也没当回事儿，结果后来这麻劲儿啊，嗖嗖地往上走，整个小腿、大腿全麻了。昨天我想着去训练，结果连慢跑都跑不动，脚尖根本抬不起来，就那么蹭着地拖着走，别提多狼狈了。更吓人的是，今天连我这两只手都开始发木了，早上起来穿个衣服、系个鞋带，那手指头跟棍子似的，死活系不上。

医生：嗯，你这么年轻，出现这种从下往上、两边对称的没劲儿和麻木，我们确实得特别上心。那我再问你啊，你用手按按自己这个小腿肚子，有没有觉得里头酸疼酸疼的？另外，这两天你感觉喘气费劲不？有没有觉得气儿特别浅，好像吸不到底似的？

患者：您这么一说，还真是！我这小腿肚子啊，按着就疼，酸疼酸疼的，感觉里头有根筋跟抽着似的，特难受。还有就是喘气……嗯，是有点费劲，这两天稍微动弹一下，比如从床上起来走走，就觉着这氧气不够用，得张大嘴使劲儿倒气儿才行。

医生：好，小腿压痛加上呼吸有点累，这个信号很重要。那我再往前问问，就大概一两周以前吧，你有没有闹过肚子，拉稀拉得厉害？或者有没有感冒、发烧过？

患者：有有有！大概十二三天前吧，我拉肚子拉得那叫一个惨，一天跑五六趟厕所，全是跟水一样的那种稀汤。后来我们队医给我吃了黄连素，才算止住。

医生：记下了，这个拉肚子的情况很有参考价值。那你的直系亲属，就比如你爸妈、兄弟姐妹，他们以前有没有得过这种突然一下子半身不遂、或者四肢不能动的情况？

患者：没有没有，这个肯定没有，我们家往上数几辈儿都没听过这种病，没这个遗传。

医生：明白。最后一个问题啊，就是拉肚子之前那几天，你是不是在外面吃了什么不干净的东西？比如没做熟的生肉啊、海鲜之类的？

患者：哎，您还真是神了！那天我们几个队友出去聚餐，就吃了一顿生腌海鲜，还点了那种半生不熟的牛排，吃着是挺过瘾，结果第二天一早起来，我这肚子就开始闹腾了。",医生：您好，请坐。看您说话似乎很费力，声音非常小，今天主要是哪里觉得不舒服？患者：医生，我是一名带团的导游。最近这大半个月，我这嗓子和两条腿彻底罢工了。每天上午带游客讲解的时候，我声音还挺洪亮的。可只要连着说上个两小时，我的声音就像漏气一样，越来越小，越来越哑，最后带着很浓的鼻音。而且到了下午，我爬台阶的时候两条大腿酸软得直打颤，根本迈不动步，游客都走得比我快。医生：这种发音逐渐无力、带有鼻音以及下肢在活动后出现的严重无力感，需要高度警惕。除了声音和腿部的问题，您最近有没有觉得看导游旗的时候有双影？或者吃团餐的时候嚼硬东西觉得腮帮子发酸？患者：重影非常明显！昨天下午我带团，看着手里举着的红色导游旗全都变成了两层，看得我头晕恶心，眼皮也沉得根本睁不开。吃团餐更是受罪，连吃个馒头都觉得咬不动，嚼几下脸部肌肉就酸得要命。医生：复视、眼睑下垂以及咀嚼无力，这些伴随症状非常典型。回忆一下，您以前有没有查出过甲状腺的毛病？或者拍片子发现胸前有胸腺瘤或者增生？患者：我前年查出来有轻度的甲状腺功能亢进，吃药控制住了。胸部CT去年做过，大夫说前纵隔有些可疑的增生阴影。医生：甲亢和胸腺异常的病史都很重要。那您的直系亲属中，有没有人发生过严重的免疫系统疾病？患者：我亲妹妹前几年查出来患有系统性红斑狼疮，现在一直在用药。医生：明白了。最后问问您平时的生活习惯，最近是不是带团极度熬夜疲劳？或者不小心得了什么严重的呼吸道感染？患者：最近是旅游旺季，我连着带了半个月的长线团，每天起早贪黑，精神压力极大。上周还被游客传染了流感，发烧咳嗽了好几天，身体一直很虚弱。,医生：您好，请您从最开始的不舒服说起，哪里最明显？患者：医生您好，主要是突发意识恍惚伴一侧手脚不听使唤。刚开始是眼前发黑、头痛，没多久家人发现我嘴角有点歪，左侧腿迈不开步。医生：好的。这个情况持续了多久？中间有没有完全缓解，还是一直存在或越来越明显？患者：是比较突然出现的，十来天前还基本正常，之后就一直没有完全恢复。医生：我再问一些不太容易注意到的表现：有没有答非所问、性格突然烦躁或发呆，吞咽呛咳，或者大小便控制变差？患者：脸和手有麻木感，自己觉得头昏沉，刚发作时说过几句不连贯的话，后来才慢慢清楚些。医生：接下来了解既往情况。您以前有没有类似发作或类似不适？平时有没有慢性病、住院史，或做过相关检查？患者：以前没有这样发作过，但有高血压多年，偶尔头晕，没系统检查过脑血管。医生：从家族史方面看，家里有没有人有类似发作，或者长期的神经系统、肌肉无力、脑血管方面问题？患者：父亲年纪大时有过一次突然半边身子不能动，住过院，具体原因家里说不清。医生：平时生活习惯方面，是否经常久坐、熬夜、饮食偏咸偏油、饮酒吸烟？发作前有没有特别劳累或不适？患者：抽烟很多年，饭菜偏咸，运动少，最近睡得晚，昨天还喝了酒。
"医生：您好，请坐。今天第一次见您。先跟我说说，您最近具体是哪里不舒服？

患者：医生，我最近突然会“抽”过去，太吓人了。就是人一下就没意识了，什么都不知道。

医生：别急，慢慢说。您说的“抽”过去，这种情况大概多久发生一次？第一次出现是什么时候？

患者：就这个月开始，有两三次了。第一次是在家里，我正站着，突然就摔了，家里人说我叫了一声，像羊叫一样。

医生：家里人当时在您身边吗？他们具体看到您发作时，除了叫和摔倒，身体还有哪些表现？

患者：在的。他们说我就直挺挺摔下去，然后全身都在抽，脸发紫，眼睛往上翻，嘴里吐白沫。最难受的是，我自己感觉喉咙里像有痰堵着，上不来气。

医生：那当时有没有出现比如尿裤子，或者醒来后发现自己咬到舌头、浑身酸痛的情况？发作完您大概多久能清醒，对刚才的事有印象吗？

患者：尿过裤子，太丢人了。醒来浑身没劲，像散了架，刚才的事完全不知道。每次抽大概一分钟左右，然后就慢慢醒了。

医生：这确实会让人很担心，您有这些感觉很正常。我们再回忆一下，在发作前几分钟，您有没有觉得哪里不对劲？比如头晕、心慌、眼前发黑，或者闻到奇怪的味道、肚子不舒服？

患者：发作前……好像没有特别的感觉。就是突然来的。哦对，有时候会突然有点心慌，但马上就没意识了。

医生：那您以前有没有过脑外伤、脑炎，或者小时候发过高烧抽过筋的情况？最近有没有熬夜、压力大或者感冒发烧？

患者：小时候发过一次高烧，抽没抽筋不记得了。最近工作挺累的，经常熬夜。没有感冒发烧。

医生：家里长辈或兄弟姐妹，有没有人有“抽风”、羊角风，或者突然晕倒、意识不清这类问题？

患者：我妈说我外婆年轻的时候好像有过“羊角风”，但后来好了。","医生：哎哟，怎么回事啊，我看您是让闺女推着轮椅进来的，这可不常见啊。您跟我说说，今天这是出啥事儿了，赶紧跑急诊来了？

患者：哎，医生，我跟您说，我平时吧，就是在家忙活忙活，全职伺候一家子。可这几天，我这腿啊脚啊，简直就跟不是我的似的，废了一样。刚开始吧，就是俩脚底板发麻，麻得厉害，走道儿就跟踩棉花堆上似的，没根。后来呢，这麻劲儿就往上窜，小腿也跟着软了，没劲儿。结果到了今天早上，坏了，我腰往下这一大片，一点儿知觉都没了，就跟不是我的肉一样。这还不算完，我这两只手也开始麻，今儿早上我想拿菜刀切个菜，愣是攥不住，一点力气都使不上。

医生：嗯，您说的这个情况，从脚往上麻、还没劲儿，发展得还这么快，这个我们必须得好好查查原因。那我再问您，除了手脚发麻没劲儿，您最近有没有觉得脸上不太对劲儿？比如说，两边脸看着不对称，或者闭眼睛的时候觉得闭不严实？再就是喝水的时候，有没有感觉水老顺着一边嘴角往外流？

患者：哎哟，您这么一说，我想起来了！今儿早上我闺女就盯着我脸看，说我不对劲，说我俩眼皮都耷拉着，我使劲儿闭吧，还真是闭不紧，总觉得漏条缝儿。还有，早上我喝水的时候，那水就不听话，顺着左边嘴角就淌下来了，可狼狈了。

医生：明白了，两边脸都受影响了，这个是很有特点的一个表现。那我再问您，在出这个事儿之前，就往前推一个月吧，您有没有打过什么疫苗啊？或者说，有没有得过感冒、拉肚子之类的？

患者：嗯……我想想啊，大概有三个礼拜了吧，社区那边不是说打流感疫苗嘛，我就去扎了一针。打完以后没两天，还真就闹了几天小感冒，流鼻涕、打喷嚏，折腾了好几天。

医生：行，打疫苗和感冒这个情况对我们判断很有用。那我想再问问，您家里头，就是您父母啊、兄弟姐妹这些亲戚里头，有没有人得过这种突然就手脚不能动的毛病？或者有没有什么免疫系统方面的病？

患者：没有没有，这个真没有。家里老人身体都还行，从来没听说过有谁得过这种浑身瘫软不能动的怪病。

医生：好，了解了。最后还想问一下您最近的生活，有没有因为什么事儿累得够呛？比如说搬家、熬夜什么的？

患者：哎，您还真说着了！这不刚换了套大房子嘛，里里外外搬家、收拾、打扫，全是我一个人包圆儿了，累得我腰都直不起来，浑身酸疼，那阵子真是觉着自己抵抗力都差了。",医生：您好，看您是由老伴推着轮椅进来的，今天是怎么个情况让您赶紧来医院的？患者：大夫啊，我现在连路都走不了了。我平时最喜欢去公园找老街坊打麻将。每天早上去晨练的时候，我走个两三公里都不在话下。可是到了下午坐在麻将桌上，打不到两圈，我连摸牌、举牌的力气都没了，两只胳膊直往下掉。而且两条腿也像踩在云彩上，昨天下午打完牌想站起来，腿一软直接瘫在了地上，最后是几个老伙计把我抬回来的。医生：这种典型的“晨轻暮重”和活动后加剧的四肢无力，绝对不能当成普通的衰老。除了手脚没力气，您在打牌的时候，有没有觉得看那些麻将牌会重叠在一起？或者晚上吃饭的时候吞咽特别困难？患者：您说得太准了！昨天下午我看那个“八万”，硬生生看成了两排，重影得厉害，而且眼皮也耷拉着睁不开。晚上吃饭更是活受罪，吃个干一点的馒头，觉得喉咙里一点力气都没有，咽不下去，卡在半道上，最后喝了一大口水才顺下去，还呛得我猛咳嗽。医生：复视、眼睑下垂和吞咽困难是非常危险的信号。您以前有没有被诊断过胸腺瘤？或者有没有类风湿之类的老毛病？患者：我十多年前因为胸闷去检查，查出来过一个鸡蛋大小的胸腺瘤，当时在胸外科做了开胸手术给切除了，后来也没复发。医生：胸腺瘤手术史是个非常核心的线索。那您的家族里，有没有人有过类似的肌肉极度无力，或者其他免疫系统的重病？患者：我大女儿有多年的甲状腺功能减退，一直在吃优甲乐。医生：了解了。最后问问您的生活细节，最近有没有拉过肚子、发过高烧？或者因为什么事情情绪极度低落？患者：半个月前我不小心吃了冰箱里的剩菜，得了急性肠胃炎，上吐下泻的，去社区挂了三天的盐水。自从那次拉肚子之后，我就觉得身体彻底垮了，一点力气都使不上。,医生：您好，今天主要因为什么不舒服来就诊？患者：医生您好，主要是突发头痛、呕吐后走路不稳。昨晚情绪比较激动，后来出现说话不连贯，看东西有一块不清楚，右侧身体也不太听使唤。医生：好的。这个情况持续了多久？中间有没有完全缓解，还是一直存在或越来越明显？患者：起初我还想忍一忍，但家人看我反应慢、走路偏，就陪我来了。医生：这段时间有没有一侧脸麻、手脚针刺感，听得见别人说话但理解慢，或者看门框、电视边缘时觉得少了一部分？患者：有，右侧手别人碰我感觉没有另一边清楚，说话时脑子有点乱，家人说我刚开始反应比平时慢。目前没有发热，胸闷不明显，大小便还能控制。医生：关于既往史，您之前有没有因为神经、头部、肌肉无力或意识变化等问题就医？平时有什么基础病？患者：血压一直偏高，药有时忘记吃，前几年体检说血管硬化。医生：您的家人中有没有人年轻或年老后出现过相似表现，或者被反复要求做头部、神经方面检查？患者：父亲年纪大时有过一次突然半边身子不能动，住过院，具体原因家里说不清。医生：最后了解一下生活习惯。您平时作息、饮食、运动、吸烟饮酒情况怎么样？最近有没有劳累、熬夜、感染或情绪波动？患者：抽烟很多年，饭菜偏咸，运动少，最近睡得晚，昨天还喝了酒。
"医生：您好。看您今天精神状态不太好，能先跟我说说，最近身体是怎么不舒服起来的吗？

患者：医生，我前阵子感冒刚好，这几天突然觉得腿没劲儿，今天胳膊也抬不起来了，浑身软得像面条一样，心里特别害怕。

医生：别着急，慢慢说。这种没劲儿是从什么时候开始明显的？是两条腿先开始，还是一下子全身都这样？

患者：大概三天前吧，先是脚有点麻，走路像踩棉花，后来腿就使不上劲，今天早上起来想拿水杯，手也抓不住了。

医生：嗯，那您现在有没有觉得呼吸费力，或者胸口发闷、气不够用的情况？

患者：有……总觉得气短，喘气没以前顺当，特别是躺着的时候更明显，所以都不敢睡下去。

医生：这很关键。您刚才提到经常发烧，最近量过体温吗？最高到过多少度？

患者：这两天每天下午都烧，最高到三十八度多，身上一阵冷一阵热的，也不知道是不是又感冒了。

医生：除了发烧和没力气，有没有咳嗽、拉肚子，或者小便的时候不舒服？

患者：前阵子就是有点拉肚子，一天跑三四趟厕所，当时没当回事，现在已经不拉了。没有咳嗽，小便还行。

医生：明白了。之前拉肚子大概持续了多久？有没有吃什么不干净的东西，或者家里人有没有类似的情况？

患者：拉了有三四天吧，就我一个人这样，可能是吃坏东西了，但也不确定。那会儿就感觉有点感冒症状，浑身酸。","医生：您好，看您是由家属扶着进来的，步子好像挺沉的，能跟我说说今天主要因为啥身体不舒服来的吗？

患者：哎呀大夫，我这腿最近就跟灌了铅似的，沉得抬不动。刚才下出租车的时候，我这脚就跟长在地上了似的，拔都拔不出来，急得我满头汗。好不容易能迈开步了，也只能一点点往前蹭，走不快。还有我这右手，只要我一坐下来不干活，放腿上，这大拇指和食指就不停地搓啊搓的，想停都停不下来，真是烦死人了。

医生：嗯，起步困难，坐着不动的时候手又不自觉地搓，这个确实挺影响生活的。除了手脚这些，您最近有没有觉得鼻子不灵了，闻不着饭菜的香味？或者晚上睡觉的时候，有没有大喊大叫，把老伴都吵醒的？

患者：哎哟，您可真说到点子上了！前天家里炖排骨，满屋子都是肉味，我硬是啥没闻见。还有我老伴最近都跟我分房睡了，说我半夜做梦跟人打架似的，又踢被子又骂人，我自己第二天醒了啥也不记得。大便也麻烦，经常四五天拉不出来。

医生：睡眠和肠胃这些情况，也是我们评估的重要部分。那我再问问您以前的事，年轻的时候头部有没有受过比较重的撞击？或者有没有被诊断过脑子供血不好、有缺血的情况？

患者：有啊，年轻时在建筑工地干活，有回脚滑从脚手架上摔下来，后脑勺着地，晕了十几分钟，医生说是脑震荡。这两年体检，大夫也说我脑血管有斑块，供血不太好。

医生：这个病史很有价值。那您家里长辈，比如父母、爷爷奶奶他们，到了晚年有没有也出现过手抖个不停，或者走路弯腰驼背、步子迈不开的情况？

患者：我记得我爷爷晚年就是那样，天天坐院子里摇椅上，手抖得连茶杯都端不住，走路也是弯着腰，一点点往前冲，那时候都以为是老了，没当回事。

医生：明白了，这些我都会记下来。最后再问一下您以前的生活环境，您早年间有没有长时间干农活，接触过很多杀虫剂、除草剂这些农药？或者常年喝那种没过滤的井水？

患者：我二十多岁的时候在老家果园包了十几亩地，那时候除草剂、杀虫剂都是自己背着喷雾器打，连个口罩都不戴，经常弄得满手都是农药味儿。那时候村里人都喝自家打的深井水，没觉得有啥问题。",医生：您好，看您穿着保安制服，由同事搀扶着进来的，今天主要是哪里不舒服？患者：医生，我在一个写字楼当夜班保安。但最近这一两周，我每天前半夜巡楼的时候还能走得动。一过了后半夜凌晨三四点，我就觉得浑身肌肉软趴趴的，两条腿像踩在棉花上，连一楼的大厅台阶都爬不上去。我队长还以为我偷懒睡觉，但我真的是到了下半夜就彻底废了，歇一白天晚上刚接班时又能好点。医生：这种活动后加重、休息后缓解，呈明显波动性的无力感，不能当成普通的劳累。除了四肢没力气，您最近有没有觉得看监控屏幕上的画面会出现双影？或者平躺在休息室折叠床上的时候，觉得气喘不上来，呼吸特别浅？患者：重影有的，昨天后半夜我盯着大屏幕，看上面的画面都变成了两个，吓得我直揉眼睛。喘气也是，躺在硬板床上，总觉得胸口压了块大石头，气不够喘，得坐起来靠着墙才能睡一会儿。医生：视物重影和呼吸费力是非常危险的信号。您以前有没有被诊断过甲状腺疾病？或者拍胸片的时候发现过胸腺有什么异常？患者：以前在老家查出过甲状腺结节。胸片的话，入职体检只是随便照照，没大夫跟我说过胸腺的问题。医生：好的。那您的直系亲属里，比如父母，有没有人得过严重的自身免疫性疾病，比如甲状腺炎或者红斑狼疮？患者：我母亲以前一直脖子粗，好像是有甲状腺方面的问题，后来一直在吃药。医生：明白了。最后问问您的生活细节，最近是不是熬夜倒班极其疲劳？或者您最近有没有拉肚子、发高烧的情况？患者：最近一直上大夜班，白天根本睡不踏实，每天回到家累得倒头就睡。前几天还因为吃了夜市的地摊货拉了好几天肚子，整个人都虚脱了。,医生：您好，请您从最开始的不舒服说起，哪里最明显？患者：医生您好，主要是突然一侧肢体无力伴说话含糊。昨晚情绪比较激动，后来出现说话不连贯，看东西有一块不清楚，右侧身体也不太听使唤。医生：请您描述一下发作或加重时的样子，包括持续时间、部位和对日常活动的影响。患者：是比较突然出现的，3天前还基本正常，之后就一直没有完全恢复。医生：除了这些明显情况，您有没有感觉一侧身体触碰不敏感、反应变慢、记不清刚发生的事，或者看东西缺了一块？患者：有，右侧手别人碰我感觉没有另一边清楚，说话时脑子有点乱，家人说我刚开始反应比平时慢。这次没有明显外伤，发作前也没有感冒。医生：关于既往史，您之前有没有因为神经、头部、肌肉无力或意识变化等问题就医？平时有什么基础病？患者：血压一直偏高，药有时忘记吃，前几年体检说血管硬化。医生：家里直系亲属有没有发生过类似的肢体无力、抽搐、手抖、说话或走路异常等情况？患者：家里没有听说过先天血管异常，但好几位长辈血压都高。医生：最后了解一下生活习惯。您平时作息、饮食、运动、吸烟饮酒情况怎么样？最近有没有劳累、熬夜、感染或情绪波动？患者：平时应酬多，饮酒较多，血压药有时漏服，最近赶项目连续熬夜。
"医生：您好，请坐。想先详细了解一下您最近不舒服的情况。您说主要是腿和胳膊没力气，还有头晕、看东西重影，对吗？这些症状大概是从什么时候开始的？

患者：对，就是前天早上起来，突然觉得两条腿发软，走路有点飘。第二天胳膊也开始没劲儿了，抬久了就酸得不行。今天还是这样，头晕乎乎的，看东西老是两个影子，一睁眼心里就慌得很。

医生：听得出来您很担心。我们先从最早的腿没劲说起。前天早上发现腿软之前，有没有感冒、发烧、拉肚子，或者打过疫苗、被虫子咬过之类的情况？最近一两个月里。

患者：嗯……两个礼拜前有点拉肚子，没吃药自己好了。没打疫苗，也没被虫咬。当时就觉得是吃坏东西了。

医生：好的，这个信息很重要。那腿没劲具体是怎么个没劲法？是两条腿一样没劲，还是一条更重？是膝盖发软站不住，还是脚踝、脚抬不起来？走路需要扶墙或者有人搀扶吗？

患者：两条腿都软，但右边好像更明显一点。主要是膝盖那儿使不上劲，上楼特别费劲。脚踝也有点木木的。自己走还是能走，就是慢，有点晃，暂时不用扶。

医生：明白了。那胳膊没劲也是类似的吗？比如梳头、拿杯子、扣扣子这些动作，做起来费力吗？有没有觉得手或者脚发麻、像戴了手套袜子的感觉？

患者：胳膊也是，举起来一会儿就要放下来。扣扣子有点捏不住。手脚都有点麻，像隔了一层布，摸东西不那么真切。手指尖和脚趾尖最明显。

医生：嗯，听起来麻木的范围比较靠四肢末端。您提到的头晕和看东西重影，是这两天一直这样，还是一阵一阵的？重影是看远处明显还是看近处明显？眼睛有没有胀痛，或者视力本身有没有下降？

患者：头晕是持续的，但躺着闭眼会好一些。重影的话，看近处和远处都分，就是睁开眼只要两个眼睛一起看就有。眼睛不痛，单个眼睛看东西不重影，就两个一起看的时候会。心慌也是睁眼或者转头的时候明显。

医生：好的，这个细节很有帮助。我再问一下，有没有觉得吃东西、喝水容易呛到？说话声音有没有变哑或者变小？呼吸有没有觉得比以前费力，或者胸口发闷？

患者：喝水偶尔会呛一下，声音没变。呼吸还行，就是有时候心里发慌，感觉气短，但不严重。","医生：您好，请坐，别着急，今天主要是碰上什么身体上的麻烦了？

患者：哎呀大夫，今天可让老伙计们笑话坏了。我在那儿下象棋，轮到别人走棋的时候，我坐那儿等着，结果我这左边胳膊就跟打摆子似的，不停地抖，我想按都按不住。可你说怪不怪，等轮到我伸手去拿棋子的时候，嘿，它又老实了，不抖了。而且我最近觉得这半边身子，肌肉老是紧绷绷的，跟抽筋似的酸疼，走路的时候这只左胳膊也不怎么甩了，就这么僵直地贴在身子旁边。

医生：嗯，休息的时候抖，活动的时候反而减轻，还有这种肌肉发紧的感觉，这个很有特点。除了这些动作上的问题，您最近有没有觉得闻东西的味道变淡了，甚至闻不出来了？或者大便是不是好几天才一次，特别费劲？

患者：闻味道这事儿还真是！我以前可爱闻茶香了，最近泡了上好的龙井，硬是凑到鼻子跟前都闻不出那股清香味儿。大便更是愁人，吃再多香蕉也不管用，经常憋在肚子里四五天，胀得我连饭都吃不下去。

医生：这些不太明显的症状，往往和运动问题是连着的。那我问问您，您年轻的时候，有没有干过容易伤到头的工作，或者受过头部外伤？以前有没有过轻微的中风、脑供血不足这些情况？

患者：年轻时候在矿上干活，赶上塌方，被落石砸到过安全帽，当时说是轻微脑震荡，头晕了有半个月。还有就是血压一直偏高，医生说我脑部那些微血管有些缺血、供血不足的病变。

医生：好的。那您家里头，就是亲属里边，有没有人到老了以后，动作变得特别慢，跟电影慢动作似的，或者有严重的手抖？

患者：我亲大伯就是那个样子，七十岁以后走路就变成小碎步了，手也抖得厉害，到后来连自己吃饭都费劲，最后几年全靠人喂。

医生：明白了。最后再问一下，您以前的生活或者工作环境里头，有没有长时间接触过杀虫剂、除草剂这类农药？

患者：有啊！我干矿工之前，在农场干了十几年的病虫害防治员，天天背着喷雾器打除草剂和杀虫剂。那时候哪儿懂这些啊，连个手套都不戴，现在想想真是后怕。",医生：您好，请坐，看您眼皮一直耷拉着，今天是怎么个情况让您赶紧来医院的？患者：大夫，我是个高中生。最近我连字都写不了了。每天早读的时候，我还能正常记笔记。可是一到了下午的课，我右手握笔就完全使不上劲，写出来的字歪歪扭扭的，手酸得直打颤。而且我一到下午，这两个眼皮就像是用胶水粘住了一样，死活睁不开，老师总以为我在课堂上打瞌睡，其实我是真的睁不开眼。医生：这种下午加重的握笔无力和眼睑下垂，非常值得关注。除了这些，您最近吃饭的时候，有没有觉得嚼那种比较硬的肉或者干饭，嚼几下腮帮子就酸得动不了了？或者喝水容易呛到？患者：有的！在食堂打饭，我都不敢打排骨或者牛肉，嚼不了几下就腮帮子酸软，咽下去也觉得卡卡的。上周喝汤还呛到了气管里，咳得我满脸通红，差点背过气去。医生：咀嚼无力和容易呛咳是很关键的症状。你以前有没有查出过甲亢？或者做过胸部检查提示胸腺肥大？患者：去年学校体检，大夫说我胸片看着前纵隔有点宽，怀疑是胸腺增生，让我跟我爸妈说去大医院复查，我学习太忙就给忘了。医生：这确实是个非常重要的既往史。你的家族里，比如父母或者奶奶、外婆，有没有人得过类风湿关节炎、红斑狼疮的？患者：我外婆有很严重的类风湿关节炎，手指头都变形了。医生：了解了。最后问问你最近的生活状态，是不是临近大考，天天熬夜复习？之前有没有得过流感或者重感冒？患者：下个月就要期末大考了，我每天晚上熬夜刷题到凌晨两点，睡眠严重不足。大半个月前我还得了一次甲流，发烧烧了三天，一直咳嗽，身体到现在都没完全恢复过来。,医生：您好，请您从最开始的不舒服说起，哪里最明显？患者：医生您好，主要是情绪激动后出现口齿不清和视物不清。1天前突然头胀痛得厉害，随后吐了一次，后来右侧手脚开始发麻，抬起来费劲。医生：我明白了。请您再具体说说，当时最早出现的症状是什么，后来又有什么变化？患者：当时来得很急，家人发现我说话、走路都和平时不一样，到现在仍然有影响。医生：这段时间有没有一侧脸麻、手脚针刺感，听得见别人说话但理解慢，或者看门框、电视边缘时觉得少了一部分？患者：有，右侧手别人碰我感觉没有另一边清楚，说话时脑子有点乱，家人说我刚开始反应比平时慢。目前没有发热，胸闷不明显，大小便还能控制。医生：之前身体状况怎么样？有没有类似症状、慢性病、外伤史，或体检提示过异常？患者：有高血压和血脂偏高，最近一段时间监测不规律，没有做过头部血管方面的详细检查。医生：您的家人中有没有人年轻或年老后出现过相似表现，或者被反复要求做头部、神经方面检查？患者：家里老人有过突然说不清话、走路偏斜的情况，其他亲属不太清楚。医生：我还想了解生活和诱因：最近睡眠、压力、饮食、饮酒、吸烟、运动，以及外出或特殊接触情况如何？患者：平时应酬多，饮酒较多，血压药有时漏服，最近赶项目连续熬夜。
"医生：您好，请坐。您今天是第一次来，先跟我说说您觉得哪儿不舒服，从什么时候开始的？

患者：医生，我这腿走路不太行，走不稳，走一会儿就累得慌。还有手，手指头弯不了，又肿又硬，颜色还发黑。

医生：听起来确实影响生活。我们先说腿的问题——这种走路不稳、容易累的情况，大概出现多久了？是慢慢变重，还是突然就这样了？

患者：差不多有两个月了吧。一开始就是觉得腿没劲儿，后来越来越明显，现在出门走个十来分钟就得找地方歇。

医生：明白了。那您回忆一下，在腿出现没劲儿之前的一两周里，有没有发过烧、拉过肚子，或者得过感冒、打过疫苗这类情况？

患者：你这么一说，好像在那之前一个多星期，我是拉过几天肚子，当时没当回事，吃了点止泻药就好了。

医生：这个信息很重要。那手的问题和腿是同时出现的吗？手指从什么时候开始肿硬、发黑，有没有麻木、刺痛或者像戴了手套一样的感觉？

患者：手比腿晚几天吧。刚开始就是手指头有点麻，后来就肿起来，关节像被卡住一样弯不了。颜色也变了，先发紫，现在看着黑黑的。早上起来最硬，活动活动能稍微好一点。

医生：您提到现在每天喝中药、用中药泡手脚。除了这些，之前有没有因为这个问题去过别的医院或诊所看过？做过什么治疗吗？

患者：就去过社区医院，医生也说不出啥，就给开了点活血化瘀的药，吃了没啥用。后来听人介绍去看了中医，才开始喝中药泡手脚，感觉能稍微舒服点，但走路还是不行。

医生：好的。我再问一下，您以前身体怎么样？有没有高血压、糖尿病、心脏病，或者风湿、类风湿这类长期慢性病？家里人有没有类似手脚无力、关节变形的情况？

患者：以前身体还行，没查过那些。家里老人有关节炎，但没听说谁腿这样没劲儿、手发黑的。","医生：您好，别着急，慢慢说，今天是什么情况让您赶紧来急诊了？

患者：哎呀大夫，可吓死我了！刚才我在小区里头跟人下象棋呢，正下到要紧的一步，我举起左手想落子，突然间整条左胳膊就跟不是我的似的，一点知觉都没了，棋子哗啦掉了一地。我想站起来，结果左腿也撑不住了，整个人就往旁边倒，幸亏倒在花坛边上了。棋友把我扶起来，结果发现我说话都说不利索了，呜呜啦啦的。

医生：嗯，这种一边身子突然没劲儿、说话也不清楚，这个必须得重视。我再问问，除了下棋那会儿，您这几天有没有觉得头晕、恶心，或者眼前突然发黑、看不清东西？

患者：头晕有的，这几天一转身或者一低头，就晕乎乎的，跟喝多了似的。视力模糊也有，前天晚上看电视的时候，我左眼突然黑了一阵子，我还以为是电视信号不好呢。

医生：好的。那您以前有没有确诊过高血压？或者有没有做过血管超声，查出过颈动脉有斑块？

患者：高血压有十多年了，但是我这人吧，吃药老是断断续续的，想起来就吃，想不起来就算了。两年前做过一次超声，医生说我两边颈动脉都有斑块，右边那个还不小呢。

医生：那您家里长辈，父母或者叔伯，有没有人得过脑梗或者血管堵死的病？

患者：有啊，我父亲就是脑梗偏瘫走的，我大伯也有冠心病，心脏也不太好。

医生：明白了。那再说说您平时的饮食习惯，是不是爱吃咸的、油大的？平时是不是老坐着不动弹？

患者：哎，我就好那口肥肉和动物内脏，什么猪肝、大肠的，炒菜口味也偏咸。平时最大的爱好就是下象棋，往那一坐就是大半天，几乎不起来活动。",医生：您好，看您是由家属搀扶着进来的，步伐不太稳，今天主要是哪里不舒服？患者：大夫，我是在村里承包大棚种菜的。最近这一周，我真是邪了门了。每天早上下地干活，我还能挥得动锄头。可是一到了快天黑的时候，我这两只胳膊和两条腿就像是被抽空了力气一样，连除草的剪刀都拿不起来，走路一瘸一拐的。休息一晚上，第二天早上起来感觉又好多了，跟正常人一样。医生：这种典型的“晨轻暮重”现象，加上劳动后加剧的肌肉无力，必须引起重视。除了四肢没力气，您最近在干重活挑担子的时候，有没有觉得看远处的东西会出现双影？或者晚上平躺在床上的时候，觉得气喘不上来，呼吸特别浅？患者：重影有的，昨天傍晚我在大棚里，看前面的黄瓜藤都变成了两层，吓得我赶紧闭上眼睛揉了好半天，眼皮也一直往下搭拉。喘气也是，晚上躺在硬板床上，总觉得胸口压了块大石头，气不够喘，得坐起来靠着被子才能睡着。医生：视物重影、眼皮下垂和呼吸费力是非常危险的信号。您以前有没有被诊断过甲亢？或者在镇上体检的时候，大夫有没有说过您有胸腺肥大的情况？患者：前几年在镇上卫生院查出来过甲状腺结节，大夫说我有点甲亢，给我开了药，我嫌贵吃了一阵子就停了。胸腺肥大倒是没查过。医生：甲亢的病史很有参考价值。那您的直系亲属里，比如父母，有没有人得过严重的自身免疫性疾病，比如类风湿关节炎或者甲状腺炎？患者：我妈有多年的风湿骨痛，手指关节都肿得变形了，一到下雨天就疼得下不了床。医生：了解。最后了解下您的生活状态，最近是不是因为农忙极度劳累？发病前有没有拉过肚子或者感冒发烧？患者：最近正赶上收秋，我每天要在地里干十几个小时的重体力活，累得腰都直不起来。前两天还因为受凉得了热伤风，一直咳嗽流鼻涕，硬扛着下地的。,医生：您好，今天主要因为什么不舒服来就诊？患者：医生您好，主要是突发意识恍惚伴一侧手脚不听使唤。昨晚情绪比较激动，后来出现说话不连贯，看东西有一块不清楚，右侧身体也不太听使唤。医生：我明白了。请您再具体说说，当时最早出现的症状是什么，后来又有什么变化？患者：当时来得很急，家人发现我说话、走路都和平时不一样，到现在仍然有影响。医生：这段时间有没有一侧脸麻、手脚针刺感，听得见别人说话但理解慢，或者看门框、电视边缘时觉得少了一部分？患者：脸和手有麻木感，自己觉得头昏沉，刚发作时说过几句不连贯的话，后来才慢慢清楚些。目前没有发热，胸闷不明显，大小便还能控制。医生：我再问一下过去的身体情况：以前出现过这样的症状吗？有没有长期疾病、外伤、手术或正在服用的药物？患者：血压一直偏高，药有时忘记吃，前几年体检说血管硬化。医生：您的家人中有没有人年轻或年老后出现过相似表现，或者被反复要求做头部、神经方面检查？患者：母亲有高血压，外公晚年有过类似突然昏倒后住院的经历。医生：我还想了解生活和诱因：最近睡眠、压力、饮食、饮酒、吸烟、运动，以及外出或特殊接触情况如何？患者：抽烟很多年，饭菜偏咸，运动少，最近睡得晚，昨天还喝了酒。
"医生：您好，请坐。想先详细了解一下您的情况。您今天来，主要是身体哪里不舒服呢？

患者：医生，我最近感觉头有点晕，左边眼睛看东西模模糊糊的，手也有点抖，还特别爱出汗。心里有点不踏实，就想着来查查。

医生：别担心，我们慢慢说。您提到的这些不舒服，大概是从什么时候开始出现的？

患者：大概有十来天了吧，一开始没太当回事，后来越来越明显，家里人催我赶紧来看看。

医生：好的，这十来天里，头晕和眼睛看不清是持续存在，还是一阵一阵发作的？有什么时候会特别加重，比如走路、转头或者劳累之后？

患者：说不太准，反正一直都有点晕晕乎乎的。眼睛看东西模糊也是，左边眼睛像隔了层雾，有时候揉一揉也没用。手抖的话，拿东西或者做细活的时候更明显一点。

医生：明白了。那除了您说的这些，最近有没有感觉手脚发麻、没力气，或者走路不太稳、像踩在棉花上的感觉？

患者：麻倒没太注意，力气还行，我还能自己走路、自己吃饭，就是有时候觉得腿稍微有点沉，但没到走不动的地步。

医生：了解。那最近有没有发烧、感冒、拉肚子这些情况？或者有没有打过疫苗、吃过什么新加的药物？

患者：这么一说，大概半个多月前，我闹过一回肚子，拉了两三天，自己喝了点热水就好了。没打过疫苗，也没吃啥特别的药。

医生：好的，这个信息很重要。您以前身体怎么样？有没有高血压、糖尿病，或者甲状腺、眼睛方面的问题？

患者：以前身体一直还行，没查出来过什么大毛病。就是这两年偶尔有点头晕，但没这次这么厉害。家里我爸有糖尿病，别的没啥特别的了。

医生：明白了。那您平时有抽烟、喝酒的习惯吗？最近体重有没有明显变化？

患者：我不抽烟，酒偶尔喝一点，最近没喝。体重没怎么称，但感觉裤子好像松了一点，可能是出汗多、吃不太下饭吧。

医生：好的，您说吃不太下饭，是胃口不好吗？有没有恶心、心慌、夜里睡不好觉的情况？

患者：对，胃口不如以前，有时候稍微吃一点就觉得胀。夜里是睡得不太踏实，总醒，还特别容易心慌，稍微一动就心跳快。

医生：嗯，这些我都记下了。最后再问一下，您手抖的时候，是安静待着就抖，还是只有活动、拿东西的时候才抖？有没有觉得脖子变粗、眼睛发胀或者怕光？

患者：手抖感觉安静待着的时候也有一点，但拿杯子、拿筷子时更明显。脖子倒没觉得粗，就是左边眼睛有点胀胀的，有时候怕光。","医生：哎，您好，看您脸色不太好，有点苍白，今天主要是觉得哪儿不对劲？

患者：哎呀大夫，我觉着我这脑子最近出大毛病了！我跟您说，就今天，我跟女朋友在餐厅吃饭，正吃着呢，突然我就觉得眼前这个场景，特别特别熟悉，那种感觉，就好像以前在梦里头一模一样发生过似的。然后我女朋友后来说，我当时俩眼发直，话也不说了，手里攥着筷子，一个劲儿地敲碗边儿，嘴里还吧嗒吧嗒地响。过了得有两分钟吧，我才缓过来，可刚才那一段，我脑子里头一片空白，啥都不记得了。

医生：嗯，这种强烈的似曾相识感，还带着无意识的小动作和意识中断，这个得好好查一下。那您回过神以后，有没有觉得特别累，或者头昏昏沉沉的疼？

患者：有有有，缓过来以后就觉得头重脚轻的，脑子里跟塞了团棉花似的，糊里糊涂的，就恨不得立马找个地儿躺下睡一觉，浑身一点劲儿都没。

医生：这种发作后的疲劳，对我们判断很有帮助。您以前脑子有没有查出过什么血管畸形？或者头部有没有受过比较严重的撞击？

患者：嗯，五年前我出过一次车祸，脑袋重重地撞在挡风玻璃上了，当时医生说有轻微的脑挫伤，后来治好了我也就没再去复查过。

医生：这个外伤史很关键。那您家里头，就是您直系的亲人，有没有人有过这种不明原因的发呆，或者医生明确说过脑部有异常放电的？

患者：有，我亲妹妹她以前就老突然发愣，后来去医院查，说是脑电波有问题，一直在吃药控制着呢。

医生：明白了。那咱们再聊聊您最近的生活，是不是老熬夜？或者喝浓茶、浓咖啡提神喝得比较多？

患者：哎，可不是嘛！最近为了准备一个特别重要的竞标，天天熬到凌晨三四点写方案，白天就靠好几杯浓咖啡顶着，那神经绷得紧紧的，一刻都松不下来。",医生：您好，请坐，看您一直揉着胳膊，今天是哪里感觉不对劲？患者：医生，我是一名理发师，最近这大半个月我简直没法工作了。每天早上给头几个客人剪头发、吹造型的时候，我还游刃有余。可是一过了中午，我这举着剪刀和吹风机的双手，就像挂了沙袋一样，酸痛无力，胳膊直往下掉。而且我发现我现在连笑都不会笑了，客人跟我开玩笑，我想笑一下，但觉得脸上的皮肉特别僵硬，怎么也扯不出一个笑脸来。医生：这种四肢近端无力伴随“晨轻暮重”的规律，还有面部表情肌肉的僵硬感，是非常有特征性的。除了这些，您最近有没有觉得一到下午眼皮就耷拉下来睁不开？或者看镜子里的客人的时候，会觉得客人的头变成了两个？患者：有的！一到下午，我的右眼皮就沉得抬不起来，得经常用手去揉。而且看镜子的时候，真的偶尔会出现两个重叠的影子，我还以为是我剪头发太累眼花了，吓得我都不敢给客人下剪刀。医生：眼睑下垂和复视是极具诊断价值的症状。回忆一下过去，您以前有没有做过胸部CT，或者做过胸前的手术？有没有查出过甲状腺有问题？患者：五年前我查出来过胸腺瘤，当时在你们医院胸外科做微创手术切掉了，这些年一直恢复得挺好，我也没怎么复查。医生：胸腺瘤手术史是这里面最核心的线索。那您的父母或者兄弟姐妹里，有没有人得过严重的免疫系统疾病，比如红斑狼疮？患者：我亲姐姐前两年查出来有系统性红斑狼疮，现在一直在用激素治疗。医生：明白了。最后问问您近期的生活习惯，理发店的工作是不是经常十几个小时连轴转？最近有没有不小心得过什么重感冒？患者：干我们这行的，忙起来连吃饭上厕所的时间都没有，一天站十二三个小时是常态。上个星期我被客人传染了流感，发高烧烧了三天，吃了退烧药硬扛着去上班的，估计就是那时候落下的病根。,医生：您好，请您从最开始的不舒服说起，哪里最明显？患者：医生您好，主要是突然一侧肢体无力伴说话含糊。今天早上突然觉得左侧胳膊和腿没劲，拿杯子拿不稳，走路往一边偏，家里人说我说话含糊。医生：好的。这个情况持续了多久？中间有没有完全缓解，还是一直存在或越来越明显？患者：症状出现后没有马上完全好转，左侧手脚还是发笨，自己活动不方便。医生：这段时间有没有一侧脸麻、手脚针刺感，听得见别人说话但理解慢，或者看门框、电视边缘时觉得少了一部分？患者：有，左侧手别人碰我感觉没有另一边清楚，说话时脑子有点乱，家人说我刚开始反应比平时慢。目前没有发热，胸闷不明显，大小便还能控制。医生：关于既往史，您之前有没有因为神经、头部、肌肉无力或意识变化等问题就医？平时有什么基础病？患者：以前跌倒磕过头但没留下明显问题，平时血压波动比较大。医生：从家族史方面看，家里有没有人有类似发作，或者长期的神经系统、肌肉无力、脑血管方面问题？患者：家里老人有过突然说不清话、走路偏斜的情况，其他亲属不太清楚。医生：平时生活习惯方面，是否经常久坐、熬夜、饮食偏咸偏油、饮酒吸烟？发作前有没有特别劳累或不适？患者：平时不太运动，常喝浓茶，睡眠不规律，最近家里事情多，情绪紧张。
"医生：您好，请坐。先详细了解一下您的情况。您说这几天感觉不舒服，具体是怎么个不舒服法？从什么时候开始的？

患者：大夫您好，我这两天特别难受。最开始是差不多三天前，先是胳膊腿有点疼，我也没当回事，以为是累着了。结果昨天开始，手脚就没劲儿了，今天更厉害了，手都拿不住筷子了，脚底板也麻酥酥的。

医生：嗯，您别着急，慢慢说。您说的“胳膊腿疼”，是哪种疼？比如是酸痛、刺痛，还是像针扎一样？还有，这个“没劲儿”是两边同时出现的，还是一边更重？

患者：疼就是那种酸胀的疼，也不是特别厉害，能忍住。没劲儿是两边都有，感觉腿比胳膊还明显一点，走路有点发飘，上楼梯都费劲。手主要是拿东西不稳，筷子是真夹不住菜了。

医生：好的，我记下了。您刚才说脚底板麻，除了脚，手或者腿上有没有这种麻的感觉？另外，有没有觉得身上像戴了手套或者穿了袜子一样，皮肤感觉变木了？

患者：对对，就是那种感觉！脚上像穿了双厚袜子，摸上去隔着一层似的。手上也有点，但没脚那么明显。麻的地方就是手脚，腿上倒还好。

医生：明白了。那除了这些，您最近有没有发烧、感冒、拉肚子这些情况？尤其是这次不舒服之前的一两周内。

患者：您这么一问，我想起来了，大概半个月前我闹过一次肚子，拉了两天，没吃药自己就好了。当时也没发烧。这跟现在这毛病有关系吗？

医生：有时候感染之后身体免疫系统会有些反应，所以我要问清楚。那您现在呼吸有没有觉得费力？或者喝水、咽东西的时候会不会呛到、咽不下去？

患者：呼吸倒没觉得，就是有时候觉得胸口有点闷，不厉害。喝水吃饭目前还行，没呛过，就是拿碗手抖拿不稳。","医生：哎，您好，看您脸色不太好，今天这是碰上什么事儿了？

患者：大夫，我平时喜欢在公园里头拉拉二胡，以前我一拉就是一两个钟头，啥事儿没有。可最近这一个月，我早上起来觉着还行，但一到下午去公园，我左手按弦、右手拉弓，拉不了十分钟，这胳膊就酸得直哆嗦，琴弓“啪嗒”就掉地上了。现在连二胡都拉不动了，我这心里头啊，就觉得活着都没啥滋味儿了。

医生：嗯，早上轻、下午重这种肌肉没劲儿，确实是够让人难受的。除了拉二胡觉得胳膊没力，您最近有没有觉得看谱子的时候有重影？或者吃硬东西、吞胶囊的时候觉得特别费劲，咽不下去？

患者：哎哟，您这么一说我想起来了！最近看那二胡的简谱，老觉得那音符是重影的，双份儿的，糊在一起看不清。吞东西也不顺当，昨天吃个稍微大点儿的药丸，就卡在嗓子眼那儿，半天下不去，最后灌了一大杯水硬冲下去的，还呛得我直咳。

医生：看东西重影和吞咽困难，这两个症状特别重要。我再问您，您以前有没有做过胸部CT？大夫有没有提过您有胸腺增生或者长东西？

患者：嗯，大概三年前吧，因为我抽烟年头长了，去做过一次肺部CT，大夫说我纵隔里头有个小肿块，怀疑是胸腺瘤，还建议我做手术。我当时怕花钱，就一直拖着没去治。

医生：那这个胸腺瘤的病史就是最关键的了。那您家里头，父母或者兄弟姐妹，有没有人得过严重的免疫系统病，比如类风湿关节炎这类？

患者：没有没有，家里人身体都还行，没得过这种病。

医生：行，我了解了。最后再问问您最近的生活状态，是不是因为什么事儿情绪波动比较大？或者前段时间得过重感冒？

患者：哎，别提了，最近家里闹心得很。我大儿子跟二儿子因为那套房产的事，天天在家吵，我夹在中间真是上火，晚上整宿整宿睡不着，心里憋屈得慌，饭也吃不下去。",医生：您好，看您一直用手捏着后脖颈，今天是哪里感觉不舒服？患者：大夫，我在市图书馆当管理员，主要负责上架整理图书。最近这大半个月，我每天上午把一摞摞书举高放到书架上都挺轻松的。可是只要一过了下午三点，我的两只手就像被抽了筋一样，连拿一本薄薄的杂志都觉得酸软，胳膊根本举不过肩膀。而且我觉得脑袋特别重，脖子后面的肌肉根本撑不住头。休息一晚上，第二天早上又好了。医生：这种上午好、下午加重的肌肉无力，以及颈部肌肉撑不住脑袋的情况，非常值得关注。除了手软和脖子没力气，您最近有没有觉得看书脊上的标签时字会变成双影？或者眼皮觉得特别沉，像要闭上一样？患者：太对了！昨天下午我看书架上的索书号，数字全变成了两层重影，看得我头晕恶心。眼皮也是，一到傍晚就耷拉下来，我得使劲往上挑眉毛才能勉强睁开眼看书。医生：复视和眼睑下垂是极其重要的伴随症状。您以前有没有查出过甲状腺的毛病？或者体检拍胸片的时候，大夫有没有说过您的胸腺有肥大或者增生的情况？患者：甲状腺我没查过。不过前年单位体检，做胸部CT的大夫确实提了一句，说我前纵隔那里有点胸腺增生，让我定期复查。我当时觉得没任何不适就没管。医生：这确实是个不可忽视的既往史。那您的家族里，比如父母或者亲兄弟姐妹，有没有人得过红斑狼疮、类风湿或者甲亢这类自身免疫性的疾病？患者：我母亲有多年的系统性红斑狼疮，一直在大医院看病吃药。医生：了解。最后问问您的生活细节，在出现这种无力感之前，您是不是经历了极度的疲劳？或者得过什么严重的感冒发烧？患者：最近正赶上图书馆新馆搬迁，我连着加了快一个月的班整理旧书，天天吸灰尘。上周还得了重感冒，发了三天低烧，身体一直很虚弱。,医生：您好，请您从最开始的不舒服说起，哪里最明显？患者：医生您好，主要是突发头痛、呕吐后走路不稳。刚开始是眼前发黑、头痛，没多久家人发现我嘴角有点歪，左侧腿迈不开步。医生：这些表现是突然出现还是逐渐加重？大概从什么时候开始，最明显影响到什么活动？患者：症状出现后没有马上完全好转，左侧手脚还是发笨，自己活动不方便。医生：除了这些明显情况，您有没有感觉一侧身体触碰不敏感、反应变慢、记不清刚发生的事，或者看东西缺了一块？患者：脸和手有麻木感，自己觉得头昏沉，刚发作时说过几句不连贯的话，后来才慢慢清楚些。目前没有发热，胸闷不明显，大小便还能控制。医生：之前身体状况怎么样？有没有类似症状、慢性病、外伤史，或体检提示过异常？患者：血压一直偏高，药有时忘记吃，前几年体检说血管硬化。医生：从家族史方面看，家里有没有人有类似发作，或者长期的神经系统、肌肉无力、脑血管方面问题？患者：母亲有高血压，外公晚年有过类似突然昏倒后住院的经历。医生：我还想了解生活和诱因：最近睡眠、压力、饮食、饮酒、吸烟、运动，以及外出或特殊接触情况如何？患者：抽烟很多年，饭菜偏咸，运动少，最近睡得晚，昨天还喝了酒。
"医生：您好，请坐。我是您今天的接诊医生，先听您说一下今天具体是怎么不舒服的？

患者：大夫，我中午那会儿觉得身上发烫，好像是发烧了，肚子也一阵阵地疼，还出了不少汗。到下午5点左右，突然腿就使不上劲了，接着胳膊也没劲，说话有点大舌头，身上还一阵阵抽，但我脑子一直是清楚的，就是动不了，挺吓人的。

医生：听您这么描述，情况来得比较急。您先别太紧张，我慢慢问。您说的“腿使不上劲”，是两条腿同时开始的，还是一边先没劲？现在还能自己走路或者站起来吗？

患者：两条腿一起就没劲了，就感觉从大腿往小腿那么麻酥酥地往下走，然后想站就站不起来了，现在坐着跟您说话，腿也是软的，抬不起来。胳膊也是，拿手机都费劲。

医生：明白了。那您说话不清楚，是从什么时候开始的？是觉得舌头硬、嘴不听使唤，还是喉咙里像有东西堵着？喝水或者咽唾沫有没有呛着或咽不下去的感觉？

患者：就是腿没劲之后没多会儿，也就十几分钟吧，说话就有点含糊了，像舌头短了一截。喝水倒是还没呛，但咽东西感觉有点发紧，不太利索。

医生：好的，这个情况我要特别注意。那您刚才说的“抽搐不止”，具体是什么样？是手脚一抖一抖的，还是整个身子发紧、像抽筋一样？大概持续多久？

患者：就是胳膊腿一阵阵地抽，像过电似的，肉都揪到一起，肚子上的肉也跟着紧。一下一下的，过个半分钟左右缓一下，但没过一会儿又来，身上汗都出来了。

医生：您中午发烧、肚子疼之前，有没有吃什么特别的东西？或者最近一两个星期内，有没有感冒、拉肚子、嗓子疼、身上起疹子这些情况？

患者：吃的东西跟平时差不多，没什么太特别的。不过一个礼拜前我感冒过一次，流鼻涕、嗓子疼，没吃药，自己扛了几天好了。对了，前两天拉过两次肚子，但不严重，以为是着凉了。

医生：这个信息很关键。那您以前有没有过类似的手脚发麻、没劲，或者得过什么神经方面的毛病？家里有没有人有过突然瘫痪、肌肉无力或者类似今天的情况？

患者：我身体一直还行，没得过啥大毛病，就偶尔胃不舒服。家里老人有高血压、糖尿病，但没听谁说过我这种突然不能动的。","医生：您好，请坐。我看您说话有点费劲，今天是怎么个情况？

患者：哎，大夫，我是做空乘的，这几天我这身体太不对劲了。一开始吧，就是两个脚底板发木，我寻思可能是航班上站久了。结果后来这没劲儿的感觉就顺着腿往上走，昨天在客舱里，我连推那个餐车都推不动了。今天更厉害了，两只手也麻得不行，跟针扎似的，给旅客递杯水手都抖，拿都拿不稳。

医生：嗯，这种从脚往上、两边对称的麻木和没劲儿，可不能马虎。我再问问，除了手脚，这两天有没有觉得心跳忽快忽慢的，或者出虚汗？脸上有没有觉得哪边不对劲？

患者：出虚汗可多了！这几天晚上睡觉，老是突然就惊醒了，一身一身的冷汗。心跳也快，心口这儿闷得慌。还有，今天早上我照镜子，发现右边这个眼皮啊，有点耷拉下来，闭的时候也闭不严实，漏缝儿。

医生：这些情况很重要，说明神经和自主调节可能都受到了影响。那您仔细回想一下，在脚开始发麻之前的一两个礼拜里，有没有得过肠胃炎，或者感冒发烧？最近打过疫苗没有？

患者：哦，您这么一说，大概两周前吧，航班上有旅客感冒，把我给传染了，发烧烧到38度5，浑身酸疼，吃了几天药才算好。疫苗最近没打过。

医生：好，之前有过呼吸道感染，这个信息很关键。那家里头，您父母他们，有没有人得过这种突然手脚不能动的情况？

患者：没有没有，我爸妈身体都还行，没得过这种病。

医生：明白了。那再说说您最近的生活状态，是不是特别累，老飞那种红眼航班，休息不好？

患者：哎呀可不是嘛，这段时间暑运，天天飞红眼，老倒时差，几乎没睡过一个整觉，身体早就扛不住了，超负荷了都。",医生：您好，请坐，看您说话的声音好像非常微弱，今天是哪里感觉不对劲？患者：医生，我本身也是个护士，在别的医院上班。最近这大半个月，我发现自己的身体出了大问题。每天早班刚开始的时候，我给病人扎针、换药手都很稳。可是到了快下班的时候，我就觉得两条胳膊酸软无力，连举着吊瓶的手都在发抖。而且我发现我现在连说话都费劲，跟病人交代几句医嘱，声音就变得很虚、很嘶哑，还带着鼻音。医生：这种下午加重的上肢无力，加上发音嘶哑和鼻音，是很有特征性的表现。除了这些，您在给病人扎针的时候，有没有觉得看静脉血管会出现重影？或者到了傍晚觉得眼皮沉得像挂了沙袋，睁不开眼？患者：重影非常严重！昨天下午我给一个血管很细的病人扎针，盯着血管看了一会儿，眼前的血管竟然变成了两条，重叠在一起，吓得我根本不敢下针。眼皮也是，一到下午就耷拉下来，我只能使劲瞪着眼睛。医生：复视和眼睑下垂，结合您的无力症状，情况比较明确。作为同行您回忆一下，您以前体检做过胸部CT吗？有没有提示过胸腺增生或者纵隔有阴影？患者：去年我们医院职工体检，胸部CT确实报了前纵隔有软组织密度影，怀疑胸腺增生。当时胸外科的主任让我定期随访，我一忙起来就没当回事。医生：这是一个非常关键的既往病史。您的家族长辈中，有没有人有过自身免疫系统疾病，比如甲亢或者红斑狼疮的？患者：没有，我父母身体都挺好的，没得过这些免疫方面的病。医生：明白了。最后问问您的生活状态，最近是不是经常上夜班，睡眠严重不足？发病前有没有在科室里被病人传染过什么呼吸道感染？患者：最近科室人手紧缺，我连着上了好几个大夜班，生物钟全乱了，白天也睡不好。上周科室里流感爆发，我也没逃掉，发了两天高烧，吃着退烧药坚持上班的，身体完全透支了。,医生：您好，您这次来看诊，主要是哪方面的问题？患者：医生您好，主要是情绪激动后出现口齿不清和视物不清。今天早上突然觉得左侧胳膊和腿没劲，拿杯子拿不稳，走路往一边偏，家里人说我说话含糊。医生：我明白了。请您再具体说说，当时最早出现的症状是什么，后来又有什么变化？患者：当时来得很急，家人发现我说话、走路都和平时不一样，到现在仍然有影响。医生：这段时间有没有一侧脸麻、手脚针刺感，听得见别人说话但理解慢，或者看门框、电视边缘时觉得少了一部分？患者：有，左侧手别人碰我感觉没有另一边清楚，说话时脑子有点乱，家人说我刚开始反应比平时慢。医生：我再问一下过去的身体情况：以前出现过这样的症状吗？有没有长期疾病、外伤、手术或正在服用的药物？患者：有高血压和血脂偏高，最近一段时间监测不规律，没有做过头部血管方面的详细检查。医生：您的家人中有没有人年轻或年老后出现过相似表现，或者被反复要求做头部、神经方面检查？患者：父亲年纪大时有过一次突然半边身子不能动，住过院，具体原因家里说不清。医生：我还想了解生活和诱因：最近睡眠、压力、饮食、饮酒、吸烟、运动，以及外出或特殊接触情况如何？患者：抽烟很多年，饭菜偏咸，运动少，最近睡得晚，昨天还喝了酒。
"医生：您好，请坐。您今天来是因为感觉哪里不舒服？能具体说说从什么时候开始、怎么发现的吗？

患者：医生，我这两天说话有点含糊，家里人说我像嘴里含着东西，而且咽东西很费劲，总感觉喉咙里有痰，想吐又吐不干净。

医生：明白了。那除了说话和吞咽，您有没有觉得手脚发麻、没力气，或者走路发飘、拿东西不稳的情况？

患者：手脚倒还行，就是好像舌头不太听使唤，想伸也伸不出来，说话就更不清楚了，有点着急。

医生：嗯，您先别急，我们慢慢说。这种不舒服是突然出现的，还是最近有什么感冒、拉肚子之类的前兆？之前有没有得过类似的病？

患者：大概一周前有点拉肚子，我以为吃坏东西了，没当回事。以前没这样过，家里也没人有这种毛病。

医生：好的。那这几天症状是一直这样，还是越来越重？比如今天比昨天说话更不清楚，或者咽东西更费劲？呼吸有没有觉得憋气、喘不上来？

患者：感觉是一天比一天重点，今天连喝水都容易呛。呼吸目前还正常，就是喉咙痰多，老想咳。

医生：明白了。为了更全面判断，我还想问一下，您最近有没有发烧、头痛、看东西重影，或者大小便方面和以前不一样的情况？

患者：没有发烧头痛，看东西也正常，大小便也还行。就是说话和咽东西这两件事特别明显，心里挺害怕的。","医生：哎，您进来我就看着脸色不太好，有点发白，今天主要是哪儿不得劲儿啊？

患者：哎哟大夫，我跟您说，就刚才我搁家拖地呢，俩手正攥着拖把杆儿，突然间我这左手就一点感觉都没了，跟不是自个儿的似的，拖把“哐当”就掉地上了。然后我这左半边脸，就跟僵住了一样，木木的，想说话也说不利索，舌头跟不听使唤一样。

医生：嗯，您这个一边胳膊突然没劲儿，脸又发僵，这个可得特别小心。我再问问，除了刚才这些，您这两天有没有觉得走路的时候老往一边歪，或者天旋地转的那种晕？

患者：哎呀您还真说对了！昨天早上我一起床，那晕得呀，直犯恶心，胃里头翻腾。还有这几天走路，我就老觉着身子往左边偏，走着走着就歪过去了。

医生：好的，我了解了。那咱再说说您以前的身体情况，您有没有过心脏病啊，比如大夫说的那种心跳不规律、房颤什么的？或者血脂高不高？

患者：嗯，大夫以前是说过我心跳乱，有房颤。血脂也高，好几年了，但是我觉得没啥大事儿，就一直没吃药。

医生：行。那您家里头，就是您父母、亲兄弟姐妹，有没有人得过脑缺血、脑梗这类病的？

患者：有啊，我母亲就是以前突然脑血管出问题走的，挺突然的。

医生：明白了。那咱再说说您平常的生活习惯，您平时爱运动吗？体重是不是偏重一些，平时爱吃油腻的东西吗？

患者：哎，我这一百九十斤呢，肚子大腿也粗，最得意那口就是红烧肘子，三天两头就得吃一顿。运动？我基本上不咋动弹，能坐着不站着。",医生：您好，看您是由家属搀扶着进来的，步伐不太稳，今天主要是哪里不舒服？患者：大夫，我自己开了个小花店。最近这一周，每天早上搬花盆、剪枝包花，我还能使得上劲。可是一到了快天黑的时候，我这两只胳膊和两条腿就像是被抽空了力气一样，连一把小小的修枝剪都捏不住，走路也一瘸一拐的。休息一晚上，第二天早上起来感觉又好多了。医生：这种典型的“晨轻暮重”现象，加上劳动后加剧的肌肉无力，必须引起重视。除了四肢没力气，您最近在搬大盆绿植的时候，有没有觉得呼吸特别费力，气不够喘？或者晚上吃饭的时候，嚼几下就腮帮子酸软？患者：您说得太对了！前天傍晚我搬一盆发财树，觉得气都喘不上来，胸口闷得像要炸了，只能坐下来大口倒气。晚上吃饭也是，连嚼个青菜都觉得腮帮子酸痛，最后只能随便扒拉两口饭用水咽下去。医生：呼吸肌受累和咀嚼无力是非常危险的信号。您以前有没有被诊断过甲亢？或者体检的时候，大夫有没有说过您有胸腺肥大的情况？患者：前几年查出来过甲状腺结节，大夫说我有点甲亢，给我开了药。胸腺肥大倒是没查过。医生：甲亢的病史很有参考价值。那您的直系亲属里，比如父母，有没有人得过严重的自身免疫性疾病，比如类风湿关节炎？患者：我妈有多年的风湿骨痛，手指关节都肿得变形了。医生：了解。最后了解下您的生活状态，最近是不是因为店里生意极度劳累？发病前有没有拉过肚子或者感冒发烧？患者：最近正赶上各种节日，我每天要在店里站十几个小时包花，累得腰都直不起来。前两天还因为受凉得了热伤风，一直咳嗽流鼻涕。,医生：您好，请您从最开始的不舒服说起，哪里最明显？患者：医生您好，主要是突发头痛、呕吐后走路不稳。刚开始是眼前发黑、头痛，没多久家人发现我嘴角有点歪，右侧腿迈不开步。医生：这些表现是突然出现还是逐渐加重？大概从什么时候开始，最明显影响到什么活动？患者：起初我还想忍一忍，但家人看我反应慢、走路偏，就陪我来了。医生：我再问一些不太容易注意到的表现：有没有答非所问、性格突然烦躁或发呆，吞咽呛咳，或者大小便控制变差？患者：脸和手有麻木感，自己觉得头昏沉，刚发作时说过几句不连贯的话，后来才慢慢清楚些。这次没有明显外伤，发作前也没有感冒。医生：接下来了解既往情况。您以前有没有类似发作或类似不适？平时有没有慢性病、住院史，或做过相关检查？患者：以前跌倒磕过头但没留下明显问题，平时血压波动比较大。医生：再了解一下家族情况。您的父母、兄弟姐妹或子女中，有没有人出现过类似症状，或有相关的长期疾病？患者：父亲年纪大时有过一次突然半边身子不能动，住过院，具体原因家里说不清。医生：最后问一下，近期有没有旅行、腹泻或感冒，是否接触特殊环境？平常作息和运动规律吗？患者：平时不太运动，常喝浓茶，睡眠不规律，最近家里事情多，情绪紧张。
"医生：您好，请坐。今天主要是哪里不舒服呢？

患者：医生，我最近身体特别不对劲，感觉整个人都快不能动了，心里特别害怕。

医生：别急，慢慢说。您这个“不能动”是从什么时候开始的？具体是哪个部位先出现问题的？

患者：大概两天前吧，先是右腿莫名其妙地疼，接着手和脚的动作就变慢了，像灌了铅一样。今天说话也觉得费劲，舌头有点不听使唤。

医生：我明白了。您说的“手腿动作变慢”，是单纯觉得没力气，还是走路、拿东西的时候协调性也变差了？有没有摔倒过？

患者：就是没劲儿，抬腿、握拳都费劲，走路有点晃悠，但还没摔。说话也像大舌头，家里人说我吐字不清楚了。

医生：好的。那在出现这些症状之前，有没有发烧、感冒、拉肚子，或者打过疫苗的情况？

患者：一个多星期前有点拉肚子，不严重，自己吃了点药就好了，没当回事。

医生：这个信息很重要。另外，您今天有没有觉得胸口发闷、呼吸费力，或者喉咙里有东西咳不出来？

患者：喉咙里确实老觉得有痰，咳不干净，但呼吸还行，不觉得憋。就是大小便也控制不住了，特别难堪。

医生：您别太紧张，我们慢慢来。大小便失禁是从什么时候开始的？是一点感觉都没有，还是知道但是憋不住？

患者：昨天开始。是有感觉想尿、想拉，但根本来不及去厕所，腿也迈不开步。

医生：我理解您的担心。再问一下，您最近有没有受外伤？或者有没有其他慢性病，比如高血压、糖尿病？平时长期吃什么药吗？

患者：没有受伤。就是前阵子刚做完一个肝脏的手术，切了个瘤子，医生说很成功，出院才两周。其他慢性病没有，就是手术后有吃点保肝的药。","医生：哎，您好您好，快请坐。今天这是碰上什么情况了？  
患者：哎哟，大夫，我跟您说，就刚才，我在超市里头，想拿那个最上边那层的挂面，我右手刚一举起来，您猜怎么着？啪一下就掉下来了，直溜溜地就落下来了，一点儿劲儿都使不上，就跟不是我的胳膊似的。然后我想喊那个理货员帮个忙，结果您说我这张嘴，舌头就跟打了结似的，在嘴里头转悠，说话呜呜囔囔的，人家根本听不清我说啥。  
医生：嗯，这种突然一下胳膊没劲、说话又不利索，这个可得重视。我问问您，除了刚才这阵子，这几天有没有出现过那种，腿突然发麻，或者最近老觉得吃饭喝水容易呛着？  
患者：哎，您这么一问我想起来了。大概三天前吧，我右腿就有过那么一阵，麻得厉害，就跟那个，好多蚂蚁在里头爬似的，走路都费劲，后来我蹲了一会儿才缓过来。呛咳这事儿也有，最近吃那个干一点的米饭，就总觉得咽不下去，老往气管里头跑，呛得我难受。  
医生：行，我了解了。那咱再说说您以前的情况，您有糖尿病没有？血糖平时控制得咋样？血压高不高？  
患者：哎呀，糖尿病我都十多年了，但是我这人吧，嘴馋，管不住自己，血糖老高，动不动就飙到十几。高血压也有，这个我倒是一直吃着药呢。  
医生：嗯，那您的直系亲属，比如说父母他们，有没有因为糖尿病引起过严重的血管毛病，或者中风脑梗什么的？  
患者：有啊，我妈妈就是糖尿病好多年了，后来不光腿截了肢，最后还闹了脑中风，可受罪了。  
医生：好的，明白了。那再问您，您平时是不是特别爱吃甜的，还有那种油大的点心？体重现在是不是偏重不少？  
患者：哎呀大夫，我这就是个甜食控，一天不吃小蛋糕、不喝杯奶茶我就难受。体重那是严重超标了，您看我这肚子，特别大。",医生：您好，看您穿着保安制服，走路似乎有些费劲，今天是哪里感觉不对劲？患者：医生，我是在小区当保安的，主要负责站岗。最近这大半个月，我发现自己的身体出了大问题。每天早班刚开始站岗的时候，我挺直腰板站得笔直。可是到了下午快下班的时候，我就觉得两条腿酸软无力，膝盖直打弯，根本站不住。而且我觉得脑袋特别重，脖子后面的肌肉根本撑不住头，只能低着头站着，业主还以为我在打瞌睡。医生：这种下午加重的下肢无力，加上颈部肌肉无力撑不住脑袋的情况，非常值得关注。除了腿软和脖子没力气，您最近有没有觉得跟业主说话的时候，声音变得很虚、很嘶哑，还带着鼻音？或者咽口水觉得卡卡的？患者：真的是这样！到了傍晚，我用对讲机跟队长汇报工作，声音就像漏气一样，一点底气都没有，还带着浓浓的鼻音。咽口水也费劲，老觉得口水卡在嗓子眼里，咕噜咕噜咽不下去，昨天喝口茶还猛地呛进了气管里，咳了半天。医生：发音逐渐无力、带有鼻音以及吞咽呛咳，这是我们需要高度警惕的球部症状。回忆一下过去，您以前有没有做过胸部CT，大夫有没有说过您有胸腺增生或者纵隔有阴影？患者：去年我们单位组织体检，胸部CT确实报了前纵隔有软组织密度影，怀疑胸腺增生。当时大夫让我去大医院定期随访，我一忙起来就没当回事。医生：这是一个非常关键的既往病史。您的家族长辈中，有没有人有过自身免疫系统疾病，比如甲亢或者红斑狼疮的？患者：我亲妹妹前几年查出来患有甲状腺功能亢进，现在一直在吃药。医生：明白了。最后问问您的生活状态，最近是不是经常上夜班，睡眠严重不足？发病前有没有在小区里被传染过什么呼吸道感染？患者：最近小区几个保安辞职，我连着上了好几个夜班，生物钟全乱了，白天也睡不好。上周我不小心得了流感，发了两天高烧，吃着退烧药坚持上班的，身体完全透支了。,医生：您好，请您从最开始的不舒服说起，哪里最明显？患者：医生您好，主要是突发意识恍惚伴一侧手脚不听使唤。昨晚情绪比较激动，后来出现说话不连贯，看东西有一块不清楚，左侧身体也不太听使唤。医生：这些表现是突然出现还是逐渐加重？大概从什么时候开始，最明显影响到什么活动？患者：起初我还想忍一忍，但家人看我反应慢、走路偏，就陪我来了。医生：除了这些明显情况，您有没有感觉一侧身体触碰不敏感、反应变慢、记不清刚发生的事，或者看东西缺了一块？患者：我确实有点发呆，别人问我问题要想一会儿，喝水偶尔会呛一下，看东西右边像不太完整。医生：之前身体状况怎么样？有没有类似症状、慢性病、外伤史，或体检提示过异常？患者：以前没有这样发作过，但有高血压多年，偶尔头晕，没系统检查过脑血管。医生：您的家人中有没有人年轻或年老后出现过相似表现，或者被反复要求做头部、神经方面检查？患者：家里没有听说过先天血管异常，但好几位长辈血压都高。医生：最后了解一下生活习惯。您平时作息、饮食、运动、吸烟饮酒情况怎么样？最近有没有劳累、熬夜、感染或情绪波动？患者：平时应酬多，饮酒较多，血压药有时漏服，最近赶项目连续熬夜。
"医生：您好，请坐。您今天来主要是因为感觉哪儿不舒服？

患者：大夫，我最近这一个月吧，浑身没劲儿，胳膊腿都使不上力气，感觉说话也有点费劲。

医生：您先别着急，慢慢说。这个“没劲儿”是两边都一样，还是哪边更明显一些？

患者：两边都差不多，刚开头发沉，现在抬胳膊、走路都觉得累。最让我害怕的是说话，声音越来越小，感觉嘴有点不听使唤。

医生：我理解了，确实需要重视。那这种没劲儿，有没有出现过头晕、看东西重影，或者喝水呛到、咽东西费劲的情况？

患者：喝水有时候会呛一下。吃东西咽的时候感觉卡在胸口下不去，肚子胀，大便也干，好几天才解一次。

医生：这些细节很重要。再问一下，在出现这些症状之前，您有没有感冒、拉肚子或者打过疫苗？

患者：大概半个月前闹过一次肚子，拉了两三天，没吃药自己好了。当时也没当回事。

医生：那您现在走路稳不稳？有没有觉得手脚发麻、像戴了手套或者袜套一样的感觉？

患者：有麻，脚底板像踩着棉花，手也麻。走路得扶着墙，不然总觉得要摔。

医生：好的。您以前身体怎么样？有没有高血压、糖尿病，或者心脏、肾脏方面的问题？

患者：身体一直还行，没查出来过什么大毛病，就是平常爱抽点烟，不喝酒。

医生：明白了。您家里人有没有得过类似的病，或者神经、肌肉方面的毛病？

患者：没有，家里人都挺健康的。

医生：最后想确认一下，您这些天有没有觉得喘气费力，或者早上起来眼皮睁不开、下午好一点的情况？

患者：喘气倒还行，就是累的时候有点气短。眼皮倒没睁不开。","医生：来，坐吧，看是家属搀着您进来的，今天主要是哪儿感觉不对劲啊？

患者：哎，大夫，我是在校大学生。最近这四五天吧，我这俩腿就跟不是自个儿的似的。一开始就是脚后跟发麻，后来越往上越厉害，小腿大腿全麻了。昨天我想去上课，连爬楼梯都爬不动了。今天更吓人，两只手也开始发木，早上穿衣服扣扣子都扣不上。

医生：嗯，年轻人出现这种从下往上、两边对称的无力麻木，我们必须得高度警惕。除了手脚发麻没劲儿，您自己用手按按小腿肚子，疼不疼？再一个，最近有没有觉得喘气变浅了，气儿不够用？

患者：小腿肚子确实是又酸又疼，按着更疼。呼吸也确实觉得有点费劲，这两天老觉得屋里氧气不够，得使劲儿喘。

医生：嗯，肌肉按着疼，加上呼吸也觉得费力，这个早期的表现很关键。那您往前推，大概一两周之前吧，有没有拉过肚子，或者感冒发烧过？

患者：有，大概十二三天前吧，拉肚子拉得特别厉害，一天跑好几趟。

医生：嗯，这个拉肚子的情况我记下了。那您家里的长辈，或者兄弟姐妹，有没有人得过这种四肢瘫痪的毛病？

患者：没有，家里人都没这病。

医生：好。最后再问一句，拉肚子之前，您有没有在外面吃过没做熟的肉？

患者：哦，想起来了，那天宿舍聚餐，我们吃了烤串，有几串没烤透，里边还带点生。吃完第二天我就开始闹肚子了。",医生：您好，看您是由家属搀扶着进来的，步伐不太稳，今天主要是遇到了什么状况？患者：大夫，我是在村里种地的。最近这一周，我真是邪了门了。每天早上下地锄草，我还能挥得动锄头。可是一到了快天黑的时候，我这两只胳膊和两条腿就像是被抽空了力气一样，连锄头都拿不起来，走路一瘸一拐的。休息一晚上，第二天早上起来感觉又好多了，跟正常人一样。医生：这种典型的“晨轻暮重”现象，加上劳动后加剧的肌肉无力，必须引起重视。除了四肢没力气，您最近在干重活挑担子的时候，有没有觉得呼吸特别费力，气不够喘？或者晚上吃饭的时候，嚼那种硬一点的蔬菜，嚼几下就腮帮子酸软？患者：您说得太对了！前天傍晚我挑着两筐菜回家，走到半路觉得气都喘不上来，胸口闷得像要炸了，只能坐下来大口倒气。晚上吃饭也是，连嚼个青菜帮子都觉得腮帮子酸痛，最后只能随便扒拉两口饭用水咽下去。医生：呼吸肌受累和咀嚼无力是非常危险的信号。您以前有没有被诊断过甲亢？或者在镇上体检的时候，大夫有没有说过您有胸腺肥大的情况？患者：前几年在镇上卫生院查出来过甲状腺结节，大夫说我有点甲亢，给我开了药，我嫌贵吃了一阵子就停了。胸腺肥大倒是没查过。医生：甲亢的病史很有参考价值。那您的直系亲属中，有没有人发生过严重的免疫系统疾病，比如类风湿关节炎？患者：我妈有多年的风湿骨痛，手指关节都肿得变形了，一到下雨天就疼得下不了床。医生：了解。最后了解下您的生活状态，最近是不是因为农忙极度劳累？发病前有没有拉过肚子或者感冒发烧？患者：最近正赶上收秋，我每天要在地里干十几个小时的重体力活，累得腰都直不起来。前两天还因为受凉得了热伤风，一直咳嗽流鼻涕，硬扛着下地的。,医生：您好，请您从最开始的不舒服说起，哪里最明显？患者：医生您好，主要是情绪激动后出现口齿不清和视物不清。刚开始是眼前发黑、头痛，没多久家人发现我嘴角有点歪，左侧腿迈不开步。医生：好的。这个情况持续了多久？中间有没有完全缓解，还是一直存在或越来越明显？患者：当时来得很急，家人发现我说话、走路都和平时不一样，到现在仍然有影响。医生：除了这些明显情况，您有没有感觉一侧身体触碰不敏感、反应变慢、记不清刚发生的事，或者看东西缺了一块？患者：脸和手有麻木感，自己觉得头昏沉，刚发作时说过几句不连贯的话，后来才慢慢清楚些。目前没有发热，胸闷不明显，大小便还能控制。医生：关于既往史，您之前有没有因为神经、头部、肌肉无力或意识变化等问题就医？平时有什么基础病？患者：有高血压和血脂偏高，最近一段时间监测不规律，没有做过头部血管方面的详细检查。医生：家里直系亲属有没有发生过类似的肢体无力、抽搐、手抖、说话或走路异常等情况？患者：父亲年纪大时有过一次突然半边身子不能动，住过院，具体原因家里说不清。医生：最后问一下，近期有没有旅行、腹泻或感冒，是否接触特殊环境？平常作息和运动规律吗？患者：平时不太运动，常喝浓茶，睡眠不规律，最近家里事情多，情绪紧张。
"医生：您好，请坐。第一次见您，想先详细了解一下您今天主要哪里不舒服？

患者：医生，我主要是腿疼，然后这两天觉得手脚都没劲儿，特别是腿，走路有点发软。

医生：嗯，别着急，咱们慢慢说。您说腿疼和没劲儿是这两天的事，能具体讲讲这种情况大概从什么时候开始的吗？是怎么个疼法，比如是酸痛、刺痛还是胀痛？

患者：大概有四五天了吧。疼就是那种酸胀酸胀的，主要是大腿和小腿后面，按着也疼。没劲儿是这两天才明显的，早上起来手拿杯子都感觉有点使不上劲。

医生：明白了。那您再回忆一下，在腿疼和没劲儿出现之前，有没有感冒、发烧、拉肚子，或者打过疫苗、受过外伤这些情况？

患者：你这么一说，我想起来了，大概半个月前我感冒过一次，嗓子疼、流鼻涕，也没发烧，吃了点感冒药就好了。别的没有，没打疫苗。

医生：好的，这个信息很重要。除了腿疼和四肢无力，您有没有觉得手脚发麻、像戴了手套袜子的感觉，或者看东西重影、说话有点大舌头、吞咽东西费力这些情况？

患者：麻倒有一点点，手指头尖和脚趾头有点木木的。说话、咽东西倒没觉得有什么问题。

医生：那这几天您有没有觉得喘气费力、胸口发闷，或者心跳得厉害？另外，您以前有过类似这样腿疼没劲儿、过几天又自己好了的情况吗？

患者：喘气还行，就是走路多一点会有点气短。以前……有过两次，跟这次差不多，开始也是腿疼，后来手脚没劲，过一个礼拜左右自己就好了，我也没当回事。","医生：来，坐吧，别紧张。今天主要是想看看哪儿不舒服？

患者：哎，大夫，我跟您说，我现在连打牌这点乐子都没了。坐牌桌上吧，别人都琢磨怎么出牌，我就只能在那儿干坐着，结果这右手放在桌面上，就开始有规律地哆嗦，牌友都以为我得了啥病。可邪门的是，只要我伸手去摸牌，这手又不抖了。除了手抖，我还觉得现在写字特别难看，我以前是练过书法的，现在一写，字就越写越小，最后都缩成一团了。走路的时候也觉得不对劲，这右胳膊就跟被绑住了似的，怎么着都不会自然摆了。

医生：嗯，手放着不动的时候抖，写字变小，胳膊摆动减少，这些症状加在一起，指向性很明确了。那除了这些，您最近有没有觉得鼻子不太灵，闻不着味儿了？晚上睡觉的时候，会不会在梦里特别激动，手舞足蹈的？

患者：哎哟，您要是不说，我都没往这儿想。我以前可爱闻桂花香了，今年秋天我特意走到树底下，竟然啥都闻不到。晚上睡觉也是，老做梦，梦见有人追着要杀我，我就在床上拼命跑、使劲儿挥手，把我老婆打得都不敢挨着我睡了。还有啊，大便也特别干，拉出来跟羊粪蛋子似的，一粒一粒的。

医生：嗯，这些情况都很重要。您回想一下，以前有没有过严重的头部外伤，或者煤气中毒的经历？平时有没有老觉得脑子缺血、头晕？

患者：外伤倒没有。不过前几年，我在密闭的浴室里头用燃气热水器洗澡，发生过一回一氧化碳中毒，当时直接就晕过去了，后来在医院高压氧舱治了好几天。这几年也确实觉得脑子供血不咋好，老是晕乎乎的。

医生：嗯，了解了。那您的父母，或者家里的直系长辈，有没有人到晚年的时候，出现手抖、走路迈不开步子，还是小碎步，老容易往前摔倒的情况？

患者：我爸临终前那几年就是这样，走路得推个小车，步子迈得特别小，还老往前冲，动不动就摔得鼻青脸肿的。

医生：好。最后再问问您过去的生活习惯，有没有长期在农田里干过活儿，接触过大量农药？或者说，喝过没经过处理的井水？

患者：有啊，我年轻时候在老家种了十来年地，喷农药那是家常便饭，那时候也不懂，连个口罩都不戴。我们家那时候吃水，也一直喝的是院子里那口老井里的水。",医生：您好，看您是由工友搀扶着进来的，今天主要是哪里不舒服？患者：医生，我在建筑工地上干活，平时搬砖扛水泥力气大得很。但最近这一两周，每天上午我还能干点活，一过了中午，我就觉得浑身肌肉软趴趴的，两条腿像踩在棉花上，连一块砖都举不起来。我包工头还以为我装病偷懒，但我真的是一到下午就彻底废了，歇一晚上第二天早上又能好点。医生：这种劳动后加重、休息后缓解，并且呈“晨轻暮重”规律的无力感，不能当成普通的劳累。除了四肢没力气，您最近有没有觉得看远处的东西会出现双影？或者晚上平躺在床上的时候，觉得气喘不上来，呼吸特别浅？患者：重影有的，昨天下午我在脚手架上，看下面的安全帽都变成了两个，吓得我赶紧爬下来了。喘气也是，晚上躺在工棚的硬板床上，总觉得胸口压了块大石头，气不够喘，得坐起来靠着被子才能睡着。医生：视物重影和呼吸费力是非常危险的信号。您以前有没有被诊断过甲状腺疾病？或者拍胸片的时候发现过胸腺有什么异常？患者：以前在老家查出过甲状腺结节，但没说要治。胸片的话，工地体检只是随便照照，没大夫跟我说过胸腺的问题。医生：好的。那您的直系亲属里，比如父母，有没有人得过严重的自身免疫性疾病，比如甲状腺炎或者红斑狼疮？患者：我母亲以前一直脖子粗，好像是有甲状腺方面的问题，后来一直在吃药。医生：明白了。最后问问您的生活细节，工地上最近是不是劳动强度极大？或者您最近有没有拉肚子、发高烧的情况？患者：最近工期赶得紧，我们每天要在太阳底下暴晒干十几个小时，衣服每天都能拧出半桶汗水。前几天我还因为喝了不干净的生水拉了好几天肚子，整个人都虚脱了。,医生：您好，请您从最开始的不舒服说起，哪里最明显？患者：医生您好，主要是突发意识恍惚伴一侧手脚不听使唤。昨晚情绪比较激动，后来出现说话不连贯，看东西有一块不清楚，右侧身体也不太听使唤。医生：请您描述一下发作或加重时的样子，包括持续时间、部位和对日常活动的影响。患者：当时来得很急，家人发现我说话、走路都和平时不一样，到现在仍然有影响。医生：我再问一些不太容易注意到的表现：有没有答非所问、性格突然烦躁或发呆，吞咽呛咳，或者大小便控制变差？患者：脸和手有麻木感，自己觉得头昏沉，刚发作时说过几句不连贯的话，后来才慢慢清楚些。目前没有发热，胸闷不明显，大小便还能控制。医生：我再问一下过去的身体情况：以前出现过这样的症状吗？有没有长期疾病、外伤、手术或正在服用的药物？患者：有高血压和血脂偏高，最近一段时间监测不规律，没有做过头部血管方面的详细检查。医生：从家族史方面看，家里有没有人有类似发作，或者长期的神经系统、肌肉无力、脑血管方面问题？患者：家里没有听说过先天血管异常，但好几位长辈血压都高。医生：我还想了解生活和诱因：最近睡眠、压力、饮食、饮酒、吸烟、运动，以及外出或特殊接触情况如何？患者：抽烟很多年，饭菜偏咸，运动少，最近睡得晚，昨天还喝了酒。
"医生：您好，请坐。您刚才提到的情况我大致了解了，但为了更准确地帮您分析，我还需要再详细问几个问题。您能具体说说最开始感觉不舒服是在什么时间、正在做什么吗？

患者：就是今天早上，大概七八点钟，我正起来准备去上个厕所，刚站起来没走两步，突然就觉得头特别晕，好像天旋地转的，右边的手和脚也有点发麻。

医生：嗯，这个情况听起来确实需要重视。您说当时有头晕和右边肢体麻木，那有没有伴随看东西模糊、重影，或者恶心想吐的感觉？这种麻木是从一开始就一直持续，还是中间有缓解过？

患者：看东西倒没觉得模糊，就是晕得厉害，站都站不稳，扶了一下墙。恶心倒是有一点，但没吐出来。麻木感好像没缓解，一直是麻的，后来我就有点记不清了，家里人说我昏过去了。

医生：明白了。您提到的“以前有高血压”，这个情况有多久了？平时血压控制得怎么样，有规律吃药吗？最近有没有漏服或者停药的情况？

患者：高血压得有四五年了吧，以前量过说偏高，但一直没太当回事，药也是断断续续吃，最近这半年感觉没啥不舒服，就基本没怎么吃了。

医生：谢谢您的坦诚，这个信息很重要。平时除了高血压，您还有没有诊断过其他疾病，比如糖尿病、心脏病，或者血脂高不高？有没有吸烟、喝酒的习惯？

患者：糖尿病没有，心脏也没查过，血脂不清楚。烟抽了二十多年，每天一包多，酒偶尔喝点啤酒，不多。

医生：了解了。我们再回到今早发病前后，在头晕出现之前，您有没有感觉到特别累、情绪激动，或者昨晚休息得怎么样？另外，您家里长辈有没有得过高血压、脑出血或者中风这类情况的？

患者：昨晚睡得还行，没有特别累，也没生气。就是早上起来有点急。我父亲以前也是高血压，前几年得过一次中风，具体是脑出血还是脑梗我也说不清。","医生：来，坐吧，看是被搀着进来的，今天主要是哪儿不对劲啊？

患者：哎哟，大夫，我刚才在卫生间洗澡呢，热水刚往头上一淋，突然脑袋就跟炸了一样疼，紧接着左手左脚就麻了，站都站不稳，直接就滑地上坐那儿了。

医生：嗯，洗澡的时候突然头疼，还带着半身麻木，这个得高度警惕。除了这个，这两天有没有觉得左眼看东西好像缺了一块，或者脾气变得特别暴躁，老想发火？

患者：左眼确实是，老觉得眼角那边黑乎乎的，挡着东西似的。脾气这几天也确实不好，看啥都不顺眼，老想跟人吵。

医生：嗯，好的。那您以前查出来过高血压没有？或者说，体检的时候，有没有提示过脑部有什么淀粉样血管病之类的？

患者：高血压有十来年了，一直在吃降压药。前年体检的时候，大夫跟我说，有轻微的脑部淀粉样血管病改变。

医生：那您家里的长辈，比如说父母，有没有得过偏瘫，或者脑梗、脑出血这类病的？

患者：有，我父亲晚年的时候，就是因为脑出血，偏瘫了，后来一直卧床。

医生：嗯，了解了。再问一句，您平时吃饭口味重不重？刚才洗澡的时候，水温是不是调得特别高？加上今天身体是不是也特别疲劳？

患者：对，平时就爱吃咸的，腊肉什么的没断过。刚才洗澡水温确实是调得高了点，再加上今天干了一天活，累得够呛，就觉得脑袋“嗡”的一下，然后就出事儿了。",医生：您好，看您连坐下来都显得很吃力，今天主要是哪里感觉不对劲？患者：医生，我是一名电焊工。最近这大半个月，我这身体简直让我没法干活了。每天早上刚戴上面罩拿焊枪的时候都好好的。可是一到下午，我拿焊枪的手就酸软得直发抖，胳膊根本抬不起来。而且我现在连蹲下起立都费劲，两条腿软绵绵的。最奇怪的是我这脖子，到了傍晚根本撑不住带着面罩的脑袋，只能低垂着。医生：这种下午加重的四肢和颈部肌肉无力，确实给您的工作带来了极大的危险。除了手脚没力气，您最近有没有觉得吃晚饭的时候吞咽特别困难？或者跟工友说话的时候，声音变得很虚、很嘶哑，还带着鼻音？患者：全中！我现在每天吃晚饭都不敢吃硬的馒头，稍微吃快一点，就直接呛到气管里，咳得我眼泪直流。说话也是，到了晚上跟包工头交代事，声音就像漏风一样，带着浓浓的鼻音，咽口水也觉得喉咙没力气。医生：吞咽困难、呛咳和发音带鼻音是非常关键的延髓肌受累症状。回忆一下，您以前有没有做过胸前的手术，比如切除过胸腺瘤？或者查出过甲亢？患者：五年前我查出来过胸腺瘤，当时在医院做微创手术切掉了，这些年一直恢复得挺好，我也没怎么去复查过。医生：胸腺瘤手术史是这里面最核心的线索。那您的父母或者兄弟姐妹里，有没有人得过严重的免疫系统疾病，比如红斑狼疮或者类风湿？患者：我亲姐姐前两年查出来有系统性红斑狼疮，现在一直在用激素治疗。医生：明白了。最后问问您的生活细节，在出现这种严重的无力感之前，您是不是因为长期加班极度疲劳？或者得过什么严重的感冒发烧？患者：最近工地上日夜赶工，我白天在太阳底下焊铁架子，连轴转了快一个月，累得精疲力尽。上上周还因为吹了穿堂风得了重感冒，发了三天烧，身体一直很虚弱。,医生：您好，今天主要因为什么不舒服来就诊？患者：医生您好，主要是突发意识恍惚伴一侧手脚不听使唤。刚开始是眼前发黑、头痛，没多久家人发现我嘴角有点歪，右侧腿迈不开步。医生：我明白了。请您再具体说说，当时最早出现的症状是什么，后来又有什么变化？患者：当时来得很急，家人发现我说话、走路都和平时不一样，到现在仍然有影响。医生：除了这些明显情况，您有没有感觉一侧身体触碰不敏感、反应变慢、记不清刚发生的事，或者看东西缺了一块？患者：脸和手有麻木感，自己觉得头昏沉，刚发作时说过几句不连贯的话，后来才慢慢清楚些。目前没有发热，胸闷不明显，大小便还能控制。医生：之前身体状况怎么样？有没有类似症状、慢性病、外伤史，或体检提示过异常？患者：有高血压和血脂偏高，最近一段时间监测不规律，没有做过头部血管方面的详细检查。医生：您的家人中有没有人年轻或年老后出现过相似表现，或者被反复要求做头部、神经方面检查？患者：家里没有听说过先天血管异常，但好几位长辈血压都高。医生：我还想了解生活和诱因：最近睡眠、压力、饮食、饮酒、吸烟、运动，以及外出或特殊接触情况如何？患者：抽烟很多年，饭菜偏咸，运动少，最近睡得晚，昨天还喝了酒。
"医生：您好，请坐。先跟我说说，您最近是哪里不舒服，或者发现了什么让您担心的情况？

患者：唉，医生，我也不知道怎么搞的，突然就倒下去了，家里人说我还昏过去一阵子，醒来以后右边身子就发麻、没劲儿，感觉不像自己的了。

医生：别着急，慢慢说。这种情况大概是什么时候发生的？是今天，还是前几天的事？昏迷了大概有多久，家里人有没有跟您提过？

患者：就是前天上午的事。我自己是不太记得了，家里人说怎么叫我都不答应，可能有个把小时吧。等我醒过来，右边这胳膊腿就不听使唤了。

医生：明白了。在昏倒之前，您有没有觉得哪里特别不舒服？比如头痛、头晕、看东西模糊，或者心里发慌、恶心这些？

患者：之前那天早上起来是觉得头有点胀，后脑勺那块紧紧的，我还以为是没睡好。倒下去之前好像确实晕得厉害，一下就没意识了。

医生：您这个情况以前有没有出现过？比如以前有没有突然手脚发麻、没力气，或者说话不清楚，但过一会儿又自己好了的情况？

患者：以前没有过，我身体一直挺硬朗的，就是血压有点高，也没当回事。家里也没听说谁得过这种怪病。

医生：平时血压高，那有没有坚持吃药或者量血压的习惯？另外，您平时抽烟、喝酒吗？最近有没有受过外伤，比如摔倒或者撞到头？

患者：降压药有时候吃有时候忘，也没咋量过。烟抽得不多，酒偶尔喝点。前天昏倒的时候应该是没摔着，家里人说我是在沙发上坐着突然不行的，没磕到头。

医生：好的，这些信息很重要。最后一个问题，您现在右边身子具体是什么感觉？是完全动不了，还是能动一点？有没有感觉皮肤像有针扎，或者摸上去感觉变差了？

患者：能动一点点，但使不上劲儿，抬不起胳膊。摸东西感觉不像以前那么灵，像隔着一层布，木木的。有时候还觉得这半边发凉。","医生：来，坐吧，看是同事搀着您进来的，今天这是咋了，着急忙慌地来医院？

患者：哎呀，大夫，我是银行柜员。平时就坐柜台里头点钞啊、敲键盘。最近这大半个月吧，每天早上上班点钞那会儿，手快得很，可一到下午三四点结账的时候，这俩手就跟挂了沙袋似的，又酸又没劲儿，连那个捆钞纸都撕不开。还有啊，我发现自己连笑都不会了，客户办完业务，我想跟人笑一下，脸上的肉都是僵的，动不了。

医生：嗯，下午加重的上肢无力，再加上面部表情肌肉僵硬，这个可绝对不光是累的问题。除了这些，您看电脑屏幕的时候，有没有觉得数字会重影，叠在一起？或者喝水的时候，容易呛到气管里，咳半天？

患者：哎呦，您说得太准了！昨天下午我看屏幕上的账单，硬是给看成两排了，重影重得厉害。喝水也是，最近老觉得喉咙那块儿的肌肉不跟劲儿，稍微喝快一点点就开始剧烈地呛咳，眼泪都呛出来了。

医生：嗯，复视和吞咽呛咳，这些都是很危险的信号。那您以前有没有查出过胸腺瘤？或者说，有没有类风湿这类的老毛病？

患者：有，我十多年前吧，因为胸口闷去查过，发现了一个小胸腺瘤，当时就做了微创手术给切了，后来没再复发过。

医生：嗯，胸腺瘤手术史这个线索非常关键。那您家里人，比如说直系亲属，有没有人得过类似的肌肉极度无力，或者其他的免疫系统方面的重病？

患者：我小姨有多年的风湿性关节炎，常年得吃药。

医生：嗯，了解了。最后再问问您最近的生活细节，有没有拉过肚子啊，或者发过高烧？再一个，有没有因为什么事儿情绪特别低落过？

患者：半个月前吧，我不小心吃了份不干净的外卖，得了急性肠胃炎，上吐下泻的，去诊所挂了三天盐水。自从那次以后，我就觉得身体彻底被掏空了，一点劲儿都没有了。",医生：您好，看您一直用手撑着额头，眼皮好像也有些睁不开，今天主要是哪里不舒服来就诊的？患者：大夫，我最近真觉得自己像个废人。我是个初中老师，最近大半个月，我每天早上刚起床的时候感觉一切都正常，精神抖擞的。可是只要一到下午连排两节课，我就感觉两只眼睛的眼皮像挂了铅一样，怎么使劲都睁不开，看黑板上的字甚至会出现重影。而且到了傍晚，连爬个三楼的办公室都得歇两趟，两条腿软绵绵的，一点力气都没有。医生：这种“早晨轻、傍晚重”的无力感，以及眼皮下垂和看东西重影，是非常典型的症状。除了眼睛和腿脚没力气，您最近有没有觉得吃东西的时候，嚼到后面腮帮子特别酸？或者讲课时间长了，声音会变哑、带鼻音？患者：您怎么全说中了！我最近在食堂吃个稍微硬点的红烧肉，嚼个五六下腮帮子就酸得动不了了，最后只能生吞。讲课也是，刚开始声音还洪亮，讲到下半节课，声音就像漏气一样，越来越小，还带着浓浓的鼻音，喝水有时候还会猛地呛一口。医生：这些吃饭和发声的细节非常重要。我们往前倒退看看，您以前体检的时候，有没有做过胸部CT，医生有没有提过您胸前（纵隔）有个叫胸腺的器官有增生或者长了瘤子？或者您有没有甲状腺方面的疾病？患者：甲状腺倒是没问题。不过去年单位体检，医生看着胸部CT的片子，确实提了一句说我前纵隔有个什么“胸腺增生”，让我去大医院复查。我当时觉得不疼不痒的，带毕业班又忙，就完全给忘了。医生：这绝对是一个关键的既往史。您的家族里，比如您的父母或者亲兄弟姐妹，有没有人得过类风湿性关节炎、红斑狼疮或者甲亢这类免疫系统出问题的疾病？患者：我母亲有多年的严重类风湿性关节炎，手脚关节都变形了，常年吃着激素药。这跟我的没力气有关系吗？医生：这些家族免疫史我们会一并参考。最后问问您的生活习惯，在出现这种严重的无力感之前的一两个月，您有没有得过重感冒发烧，或者最近是不是精神压力已经到了极限？患者：上个月初我不小心得了一场重感冒，发烧到了39度，硬扛了一个星期才退烧。加上最近带初三毕业班，每天晚上批改试卷到凌晨，压力大得我成把成把掉头发，身体早就透支了。,医生：您好，今天主要因为什么不舒服来就诊？患者：医生您好，主要是突发意识恍惚伴一侧手脚不听使唤。半个月前突然头胀痛得厉害，随后吐了一次，后来右侧手脚开始发麻，抬起来费劲。医生：好的。这个情况持续了多久？中间有没有完全缓解，还是一直存在或越来越明显？患者：起初我还想忍一忍，但家人看我反应慢、走路偏，就陪我来了。医生：这段时间有没有一侧脸麻、手脚针刺感，听得见别人说话但理解慢，或者看门框、电视边缘时觉得少了一部分？患者：我确实有点发呆，别人问我问题要想一会儿，喝水偶尔会呛一下，看东西右边像不太完整。这次没有明显外伤，发作前也没有感冒。医生：接下来了解既往情况。您以前有没有类似发作或类似不适？平时有没有慢性病、住院史，或做过相关检查？患者：有高血压和血脂偏高，最近一段时间监测不规律，没有做过头部血管方面的详细检查。医生：再了解一下家族情况。您的父母、兄弟姐妹或子女中，有没有人出现过类似症状，或有相关的长期疾病？患者：家里老人有过突然说不清话、走路偏斜的情况，其他亲属不太清楚。医生：平时生活习惯方面，是否经常久坐、熬夜、饮食偏咸偏油、饮酒吸烟？发作前有没有特别劳累或不适？患者：抽烟很多年，饭菜偏咸，运动少，最近睡得晚，昨天还喝了酒。
"医生：您好，请坐。别着急，慢慢说。今天来主要是哪里不舒服呢？

患者：医生，我这两天头特别晕，走路都感觉晃悠。而且我家里人说我说话有点不对劲，有时候我自己都不知道我在说什么，这是怎么回事啊？

医生：头晕和说话的问题，我们确实需要重视。您说的这个“胡言乱语”是今天才出现的，还是已经有两三天了？是持续这样，还是一阵一阵的？

患者：就今天上午开始加重的，之前就是有点晕乎乎，没太在意。现在感觉脑子乱糟糟的，想表达一个事儿，说出来就变样了。

医生：我明白了。除了头晕和说话不清楚，您有没有觉得一侧的手脚发麻、没力气，或者拿东西拿不稳的情况？比如端杯子会洒水吗？

患者：好像……右手有点发木，拿筷子感觉不太听使唤。但是还能动。医生，我这不会是中风了吧？

医生：您先别太紧张，我们一步步来了解情况。为了更全面地判断，我想问一下，您以前有没有高血压、糖尿病这类病史？或者最近有没有摔过、磕到过头？

患者：我一直有高血压，平时吃药也不太规律。最近没摔过，就是昨天情绪激动了一下，跟人大吵了一架。

医生：好的，这些信息对我很重要。那这种头晕和说话异常，在您情绪激动之后就开始明显了吗？还是说今天早上睡醒突然加重的？

患者：吵完架之后就觉得头胀，但还能忍。今天早上起来就晕得厉害，说话也大舌头了，这才害怕来看病。

医生：好，我清楚了。那么再问一句，您家里人有没有类似高血压或者脑血管疾病的病史？比如您的父母或兄弟姐妹。

患者：我爸就是高血压，后来脑梗过。哎，医生，我这情况严重吗？","医生：来，坐吧，我看您走路步子迈得特别小，今天是哪儿不得劲儿啊？

患者：哎，大夫，我现在走路可费劲了，这脚就跟粘在地上了似的，想转个身吧，得拿小碎步一点一点地挪。更让我心烦的是，我平时好写个字什么的，现在写出来的字是越来越小，都挤成一团了，根本没法看。

医生：嗯，转身困难，还有写字变小，这都是很典型的运动方面的表现。那您最近有没有觉得情绪特别不好，老高兴不起来？或者，您自己有没有发现，脸上的表情越来越少了？

患者：最近确实是觉得干啥都没意思，心里头堵得慌。我闺女也老说我，天天板着个脸，像谁欠我钱似的。其实我真没生气，就是觉得这脸皮发紧，想笑都笑不出来。

医生：嗯，好的。那您以前有没有查出来过慢性的脑血管病？或者说，脑袋有没有受过比较严重的撞击？

患者：脑血管病倒是有的，大夫跟我说过，是慢性的脑缺血。脑袋没受过什么大伤。

医生：那您的直系亲属里头，比如说您的兄弟姐妹或者长辈，有没有人在年纪大了以后，出现那种坐着不动的时候手抖的情况？

患者：我大伯就是，以前坐在椅子上那手就一直抖，跟数钞票似的，停不下来。

医生：嗯，了解了。最后再问一下，您年轻的时候，有没有长期喝过那种没经过处理的井水？

患者：有啊，我三十岁以前一直在山里老家住着，喝的都是村口那口露天老井里的水。",医生：您好，请坐，看您是由家属扶着进来的，今天是怎么个情况让您赶紧来医院的？患者：医生，我是个新手妈妈，孩子才四个月大。我现在真是急死了，每天早上我还能抱抱孩子，给他喂奶。可是到了下午或者傍晚，我的两条胳膊就像断了一样，酸软得连个几斤重的孩子都抱不起来，好几次差点把宝宝摔了。而且两条腿也发软，上个楼梯得扒着栏杆一点点挪。医生：这种随着一天时间推移而加重的四肢无力，确实给您的生活带来了极大的危险和不便。除了手脚抱不动孩子，您最近有没有觉得吃饭的时候，嚼肉嚼不烂，腮帮子特别酸？或者跟孩子说话的时候，声音越来越小、越来越哑？患者：全中！我现在根本不敢吃肉丝或者硬一点的面包，嚼个十几下腮帮子就酸痛得张不开嘴，只能咽下去。说话也是，到了晚上给宝宝唱摇篮曲，声音就像漏风一样，不仅小，还带着浓浓的鼻音，有时候咽口水还会呛到自己。医生：咀嚼无力和发音带鼻音是非常关键的症状。回忆一下，您以前，特别是在怀孕前，有没有查出过甲亢？或者拍片子发现胸前有阴影、胸腺瘤之类的？患者：怀孕前我查出过甲亢，吃了一段时间的药指标正常了才要的孩子。胸腺瘤倒是没听说过。医生：甲亢的病史很有参考价值。那您的家族长辈或者兄弟姐妹中，有没有人患有风湿、类风湿或者自身免疫方面的疾病？患者：我亲姐姐有挺严重的类风湿性关节炎，手关节都肿了。医生：明白了。最后问问您的生活状态，最近带孩子是不是极度缺乏睡眠？或者有没有不小心感染了风寒？患者：自己带孩子简直就是扒层皮，我每天晚上要醒三四次喂奶，已经几个月没睡过一个超过四小时的觉了。前几天宝宝感冒，我也被传染了，一直咳嗽流鼻涕，累得快要崩溃了。,医生：您好，您这次来看诊，主要是哪方面的问题？患者：医生您好，主要是情绪激动后出现口齿不清和视物不清。2天前突然头胀痛得厉害，随后吐了一次，后来右侧手脚开始发麻，抬起来费劲。医生：请您描述一下发作或加重时的样子，包括持续时间、部位和对日常活动的影响。患者：症状出现后没有马上完全好转，右侧手脚还是发笨，自己活动不方便。医生：我再问一些不太容易注意到的表现：有没有答非所问、性格突然烦躁或发呆，吞咽呛咳，或者大小便控制变差？患者：有，右侧手别人碰我感觉没有另一边清楚，说话时脑子有点乱，家人说我刚开始反应比平时慢。目前没有发热，胸闷不明显，大小便还能控制。医生：我再问一下过去的身体情况：以前出现过这样的症状吗？有没有长期疾病、外伤、手术或正在服用的药物？患者：以前跌倒磕过头但没留下明显问题，平时血压波动比较大。医生：您的家人中有没有人年轻或年老后出现过相似表现，或者被反复要求做头部、神经方面检查？患者：父亲年纪大时有过一次突然半边身子不能动，住过院，具体原因家里说不清。医生：平时生活习惯方面，是否经常久坐、熬夜、饮食偏咸偏油、饮酒吸烟？发作前有没有特别劳累或不适？患者：平时不太运动，常喝浓茶，睡眠不规律，最近家里事情多，情绪紧张。
"医生：您好，请问摔伤之后现在感觉哪里最不舒服？

患者：头很疼，还有点晕，左边手脚使不上劲，抬不起来。

医生：当时摔倒时，头部有没有直接撞到地面或者旁边的硬物？

患者：好像是后脑勺磕到路沿上了，当时懵了一下，但还能自己坐起来。

医生：从摔到现在，有没有出现过想吐、看东西模糊，或者突然记不清事情的情况？

患者：吐了两次，看东西有点花，心里也慌得很。

医生：左边手脚没力气是一直持续，还是时好时坏？有没有麻木或者发紧的感觉？

患者：摔完之后慢慢觉得越来越没劲，现在左边胳膊抬不过肩膀，腿也拖不动，还有点发麻。

医生：您以前有没有高血压、糖尿病，或者心脏方面的问题？平时吃不吃阿司匹林这类抗凝药？

患者：血压高有两三年了，平时吃药不太规律，阿司匹林没吃过。","医生：来，坐吧，看您下巴上还贴着纱布呢，今天这是碰上啥突发情况了？

患者：哎，大夫，我今天在公司走廊里正走着呢，突然两条腿就跟被抽了筋似的，一点儿劲儿都没了，整个人直挺挺地就往前栽过去了，下巴磕在瓷砖上，磕得挺厉害的，缝了三针。同事跟我说，我倒下去那会儿，眼睛是直的，瞪着不动。大概过了十几秒吧，我自己才慢慢缓过来，爬起来了。

医生：嗯，这种突然一下倒下去的情况，我们叫“猝倒”，很危险，特别容易伤着自己。在您倒下之前那一下，有没有觉得肚子里头有股热流往上涌？或者说，闻到过什么烧糊了的怪味儿没有？

患者：怪味儿倒是没有。不过，就在倒下去前一秒，我觉得胃里头有一种特别明显的下坠感，就跟坐过山车那种感觉似的，心里一慌，然后就啥也不知道了。

医生：好的。那您回想一下，小时候有没有发高烧抽过风？或者，脑袋上做过什么手术没有？

患者：我妈跟我说过，我一岁多的时候发高烧，抽风抽过好几次。脑部手术倒是没做过。

医生：嗯。那家里的长辈，比如说父母他们，有没有人有过这种突然浑身发软就摔倒了，或者突然就愣在那儿发呆的毛病？

患者：我母亲年轻的时候吧，有过几次突然晕倒的事儿，但那时候去医院没查出啥原因来。

医生：嗯，了解了。最后再问问您平时的生活习惯，最近是不是老熬夜打游戏啊，或者精神压力特别大？

患者：哎，最近刚分手，心情特别差，抑郁得厉害。每天晚上都靠喝酒麻痹自己，连着好几天了，都是喝得烂醉才睡。",医生：您好，请坐，看您是由家属扶着进来的，今天是怎么个情况让您赶紧来医院的？患者：医生，我是一名航空公司的空乘。我现在真是急死了，每天早上执行第一趟早班机的时候，我推餐车、帮旅客放行李都很有劲。可是到了下午或者傍晚飞回程的时候，我的两条胳膊就像断了一样，酸软得连推个轻型饮料车都推不动。而且两条腿也发软，走在客舱通道里直打晃。医生：这种随着一天时间推移而加重、劳累后明显的四肢无力，确实给您的飞行安全带来了极大的隐患。除了手脚没力气，您最近有没有觉得吃饭的时候，嚼飞机餐嚼不烂，腮帮子特别酸？或者做客舱广播的时候，声音越来越小、越来越哑？患者：全中！我现在根本不敢吃配餐里硬一点的肉块，嚼个十几下腮帮子就酸痛得张不开嘴。广播也是，到了晚上航班落地前播报，声音就像漏风一样，不仅小，还带着浓浓的鼻音，有时候咽自己的口水还会猛地呛一口。医生：咀嚼无力和发音带鼻音是非常关键的症状。回忆一下，您以前有没有查出过甲亢？或者拍片子发现胸前有阴影、胸腺瘤之类的？患者：几年前我查出过甲亢，吃了一段时间的药指标正常了。胸腺瘤倒是没听说过。医生：甲亢的病史很有参考价值。那您的家族长辈或者兄弟姐妹中，有没有人患有风湿、类风湿或者自身免疫方面的疾病？患者：我亲姐姐有挺严重的类风湿性关节炎，手关节都肿了。医生：明白了。最后问问您的生活状态，最近是不是航班排得特别密极度缺乏睡眠？或者有没有不小心感染了风寒？患者：暑运期间航班排得满满当当，我经常早出晚归，有时还要倒时差，已经几个月没睡过一个安稳觉了。前几天机舱里有旅客咳嗽，我也被传染了，一直流鼻涕，累得快要崩溃了。,医生：您好，请您从最开始的不舒服说起，哪里最明显？患者：医生您好，主要是情绪激动后出现口齿不清和视物不清。刚开始是眼前发黑、头痛，没多久家人发现我嘴角有点歪，右侧腿迈不开步。医生：请您描述一下发作或加重时的样子，包括持续时间、部位和对日常活动的影响。患者：当时来得很急，家人发现我说话、走路都和平时不一样，到现在仍然有影响。医生：这段时间有没有一侧脸麻、手脚针刺感，听得见别人说话但理解慢，或者看门框、电视边缘时觉得少了一部分？患者：我确实有点发呆，别人问我问题要想一会儿，喝水偶尔会呛一下，看东西右边像不太完整。医生：接下来了解既往情况。您以前有没有类似发作或类似不适？平时有没有慢性病、住院史，或做过相关检查？患者：有高血压和血脂偏高，最近一段时间监测不规律，没有做过头部血管方面的详细检查。医生：您的家人中有没有人年轻或年老后出现过相似表现，或者被反复要求做头部、神经方面检查？患者：父亲年纪大时有过一次突然半边身子不能动，住过院，具体原因家里说不清。医生：平时生活习惯方面，是否经常久坐、熬夜、饮食偏咸偏油、饮酒吸烟？发作前有没有特别劳累或不适？患者：平时不太运动，常喝浓茶，睡眠不规律，最近家里事情多，情绪紧张。
"医生：您好。您刚才提到身体一侧疼痛，能先具体说说，这种疼是从什么时候开始出现的吗？

患者：就这一个月吧。之前还能坐起来活动活动，最近不是一直躺着嘛，然后左边身子从肋巴骨往下到脚，都开始疼了。

医生：嗯，卧床这一个月，疼痛是一直持续，还是一阵一阵的？另外，您说的“左边身子”具体是胳膊、腿、还是整个半身都包括？

患者：主要是左边腿和左边身子疼，胳膊也木，但不咋疼。腿是一直都疼，硬邦邦的，按着更疼，有时候不动也一阵阵抽着疼。

医生：明白了。那您回想一下，一个月前还没卧床时，左边身体有没有麻木、无力或者走路拖沓的情况？

患者：有啊，之前左边就没啥劲儿，手也抓不紧东西，走路得拖着左腿。当时没当回事，以为是累的，后来锻炼也跟不上，干脆就躺着不想动了。

医生：您这个“没劲儿”是突然一下子出现的，还是慢慢加重的？当时有没有摔过、磕过，或者头疼头晕、说话不利索的情况？

患者：好像是突然就使不上劲了，也没摔着。那天早上起来就感觉左边身子发软，头有点晕，说话倒还清楚。我寻思睡一觉能好，结果越来越差。

医生：以前有没有高血压、糖尿病或者心脏方面的问题？平时吃药控制吗？

患者：血压高好几年了，药吃着呢，但有时候忘了就不吃。糖尿病没有，心脏没查过。","医生：来，坐吧，看是朋友送您过来的，今天出啥事儿了？

患者：哎呀，大夫，我刚才在家里换客厅那个灯泡，左手正举着灯罩呢，突然间这左手就一点劲儿都使不上了，灯罩“啪”一下就砸碎了。左腿也跟着发软，整个人就从凳子上摔下来了，说话也不利索了，含含糊糊的。

医生：仰着头干活的时候，突然出现一边身子没劲儿，还说不清话，这个情况非常危险。除了刚才说的这些，您最近几天有没有觉得眼前猛地一黑，或者说手脚有过那种几分钟的发麻？

患者：昨天左手确实是麻过那么几分钟。眼前发黑倒是没有过。

医生：嗯，好。那您以前查出来过有心脏房颤，或者说血糖高不高？

患者：有房颤，大夫给开过药，但我没按时吃。血糖也偏高，查过几次都高。

医生：那您家里人，比如直系亲属，有没有人得过中风的？

患者：我父亲就是，当年偏瘫了好几年，最后没了。

医生：嗯，了解了。再问一句，您平时抽烟抽得多不多？是不是老坐着不动弹？

患者：哎，一天起码两包烟，打不住。平时在办公室，一坐就是一天，基本不咋活动。",医生：您好，请坐，看您进来的时候脚步非常虚浮，今天是遇到了什么身体上的麻烦？患者：医生，我现在真是苦不堪言。我是个干销售的，平时在外面跑业务。最近这一周，我每天早上出门还好好的，一到下午四五点钟，我就觉得整个人瘫软了。昨天去见客户，我走到他们公司二楼，腿一软直接跪在楼梯上了。而且最奇怪的是，我只要坐下来休息个半小时，力气好像又能恢复一点，但稍微动一动，马上又歇菜了。医生：这种波动性的、休息后能缓解的肌肉无力，是我们需要高度重视的。除了手脚没力气，您最近有没有觉得脖子发酸，脑袋好像重得抬不起来？或者咽口水、吃药片的时候觉得卡在嗓子眼咽不下去？患者：有！我现在一到傍晚，就觉得脑袋特别沉，脖子后面的肌肉根本支撑不住，只能低着头走路。吞东西更是费劲，昨天吞个小小的感冒胶囊，卡在喉咙里半天下不去，最后喝了一大口水，还呛得从鼻子里喷出来了，狼狈死了。医生：好的，这些吞咽和颈部无力的症状我记下了。您以前有没有被诊断过甲亢或者其他免疫系统的疾病？体检有没有提示过胸腺异常？患者：三年前我得过甲亢，当时瘦了十几斤，后来吃药控制住了，指标正常后我就停药了。胸腺什么的，我没怎么专门查过。医生：了解。在您的家族长辈中，有没有人也有自身免疫性疾病的病史？比如甲状腺炎或者红斑狼疮？患者：我亲姐姐前几年查出来桥本氏甲状腺炎，一直在复查。医生：明白了。最后了解一下您的生活状态，最近是不是经常熬夜应酬？发病前有没有经历过什么剧烈的情绪波动或者感染？患者：最近为了冲年底业绩，天天陪客户喝酒熬夜到后半夜，饭也吃不规律。大半个月前还因为淋雨得了一次急性肠胃炎，拉了几天肚子，从那之后就觉得力气一天不如一天了。,医生：您好，今天主要因为什么不舒服来就诊？患者：医生您好，主要是突发意识恍惚伴一侧手脚不听使唤。昨晚情绪比较激动，后来出现说话不连贯，看东西有一块不清楚，左侧身体也不太听使唤。医生：这些表现是突然出现还是逐渐加重？大概从什么时候开始，最明显影响到什么活动？患者：是比较突然出现的，1天前还基本正常，之后就一直没有完全恢复。医生：我再问一些不太容易注意到的表现：有没有答非所问、性格突然烦躁或发呆，吞咽呛咳，或者大小便控制变差？患者：我确实有点发呆，别人问我问题要想一会儿，喝水偶尔会呛一下，看东西右边像不太完整。目前没有发热，胸闷不明显，大小便还能控制。医生：之前身体状况怎么样？有没有类似症状、慢性病、外伤史，或体检提示过异常？患者：以前没有这样发作过，但有高血压多年，偶尔头晕，没系统检查过脑血管。医生：从家族史方面看，家里有没有人有类似发作，或者长期的神经系统、肌肉无力、脑血管方面问题？患者：父亲年纪大时有过一次突然半边身子不能动，住过院，具体原因家里说不清。医生：我还想了解生活和诱因：最近睡眠、压力、饮食、饮酒、吸烟、运动，以及外出或特殊接触情况如何？患者：抽烟很多年，饭菜偏咸，运动少，最近睡得晚，昨天还喝了酒。
"医生：您好，请坐。想先听听您最近主要是哪里不舒服，或者是因为什么情况来医院的？

患者：医生您好，我就是前些天突然看东西不对劲，看什么都模模糊糊的，而且有个特别怪的事——看长条的东西，比如一根筷子或者一条路，感觉它变短了。当时吓坏了，赶紧来医院。

医生：明白了，这种视觉上的变化确实会让人很紧张。您说的“看东西模糊”和“长条变短”，是突然一下出现的，还是慢慢发生的？另外，是两只眼睛都这样，还是一只眼睛更明显？

患者：应该是突然出现的，我记得那天早上起来还好好的，下午就这样了。两只眼睛都有，但说不上哪只更重，就是看东西整体怪怪的。在医院住了几天，现在看东西基本正常了，但心里还是不踏实。

医生：恢复了一些就好。除了看东西有问题，当时有没有伴随其他不舒服？比如头晕、头痛、恶心、手脚没力气或者麻木、说话不清楚、嘴角歪斜这些情况？

患者：没有恶心头痛，手脚也感觉有劲，说话也正常。就是当时心里发慌，怕自己是不是要瞎了或者脑子出大毛病了。

医生：这种担心完全可以理解。那您回想一下，在那之前一段时间，有没有过一过性的眼前发黑、或者短暂的一侧手脚不听使唤、几分钟又好了的情况？

患者：好像没有过，之前一直觉得自己身体还行，就是血压有点高，有时候记起来就吃降压药，忙起来就忘了。血糖血脂没查过。","医生：来，坐吧，看您这满脸着急的，今天是怎么了，突然出啥事儿了？

患者：哎，大夫，我是干厨师的。我这腿现在啊，完全撑不住了。三天前，我还在后厨那儿切菜呢，就觉得两个脚底板，跟针扎似的，麻得厉害。到了昨天上午，腿就软得不行了，连炒菜那个马步都蹲不住了。结果今天早上更吓人，我坐马桶上想起来，根本站不起来，一点儿劲儿都没有。现在两个手也是软趴趴的，端个大汤勺都晃悠，端不平。

医生：嗯，从两个脚开始麻，然后没劲儿，还往上发展，这个情况确实不能耽误。除了四肢的问题，您自己用手按按小腿肚子，有没有觉得特别酸痛？再一个，这两天有没有觉得喘气变浅了，或者吃饭往下咽的时候费劲？

患者：哎哟，小腿肚子确实是酸痛得厉害，就跟里头有根筋使劲儿抽着似的。喘气也觉得有点费劲儿，这两天在厨房里头，老觉得氧气不够用，得大喘气。吃饭咽东西倒还好，就是觉得脸颊这块儿有点发麻。

医生：嗯，肌肉压痛和喘气费劲儿，这个很关键，得注意。那您往前推，一两周之前吧，有没有拉过肚子，或者感冒发烧过？

患者：有有有，大概十二三天前吧，我拉肚子拉得可厉害了，一天得拉五六回，全是水样的，后来吃了一整盒黄连素才慢慢好了。

医生：嗯，这个拉肚子的情况我记下了。那您家里的长辈，或者兄弟姐妹，有没有人得过突然半身不遂啊，或者四肢瘫痪那种情况？或者说，有没有严重的类风湿之类的毛病？

患者：都没有，我们家没听说有这种遗传的病。

医生：好，明白了。最后再问一句，您拉肚子之前，因为您是厨师嘛，有没有尝过什么没做熟的生肉啊，或者生禽类的东西？

患者：哦，您这么一说我想起来了，那天后厨来了一批新白条鸡，我为了试火候，那白斩鸡刚煮了没多大会儿，我就切了一块尝了尝，骨头那儿还带着血丝呢。结果吃完第二天就开始闹肚子了。",医生：您好，看您连坐下来都显得很吃力，一直喘着粗气，今天主要是遇到了什么困难？患者：大夫，我是在电子厂流水线打工的。最近这大半个月，我这身体简直像闹鬼了一样。每天早上八点刚上工的时候，我拿电钻打螺丝又快又准。可是一过了下午两三点，我这两条胳膊就像挂了两个大铁砣子，酸软得连个小小的电动螺丝刀都举不起来。车间主任还天天骂我下午磨洋工，但我真的是使不出一丁点力气。晚上回到出租屋，两条腿连爬二楼的力气都没有，得手脚并用爬上去。睡一觉起来，第二天早上力气又恢复了。医生：这种典型的“早晨轻、傍晚重”，以及劳动后加剧的肌肉无力，您千万不要当成普通的劳累。除了四肢无力，您最近有没有觉得一到下午，眼皮就耷拉下来睁不开，或者看流水线上的零件会出现重影？患者：太对了！一到下午四点多，我这两个眼皮就像是用胶水粘住了一样，死活睁不开，只能使劲往上挑眉毛。看那些细小的零件也经常重叠在一起，变成两个影子，因为这个我还打废了好几个产品，被扣了工资。医生：眼睑下垂和复视是极具指示意义的症状。除了眼睛，您平时吃晚饭的时候，有没有觉得嚼东西很费劲，咽不下去，或者喝水容易呛到？患者：有的！晚上在食堂吃饭，我根本不敢打稍微硬一点的肉，嚼个七八下腮帮子就酸痛得动弹不得。喝汤也经常呛进气管里，咳得我眼泪直流。医生：这些吞咽和咀嚼的症状我记下了。您以前体检的时候，有没有大夫提过您胸前有肿块，或者是胸腺增生？有没有查出过甲亢？患者：甲亢我没查过。不过前年厂里体检拍胸片，大夫确实说我胸口那有个什么胸腺肥大，让我去大医院复查，我舍不得请假扣全勤奖，就一直没去。医生：这绝对是一个关键的既往史。您的家族长辈中，有没有人有过自身免疫系统疾病，比如红斑狼疮或者类风湿的？患者：我母亲有多年的风湿性关节炎，手指头都变形了，常年吃着止痛药。医生：了解。最后了解下您的生活状态，最近是不是流水线天天加班，极度疲劳？发病前有没有感染过什么病毒，比如重感冒？患者：最近厂里赶国外的订单，我连着上了一个月的十二小时长白班，累得腰都直不起来。半个月前我还因为车间空调太冷得了重感冒，发了三天低烧，硬扛着没休息，估计身体就是那时候垮的。,医生：您好，请您从最开始的不舒服说起，哪里最明显？患者：医生您好，主要是情绪激动后出现口齿不清和视物不清。刚开始是眼前发黑、头痛，没多久家人发现我嘴角有点歪，左侧腿迈不开步。医生：我明白了。请您再具体说说，当时最早出现的症状是什么，后来又有什么变化？患者：是比较突然出现的，一周前还基本正常，之后就一直没有完全恢复。医生：除了这些明显情况，您有没有感觉一侧身体触碰不敏感、反应变慢、记不清刚发生的事，或者看东西缺了一块？患者：脸和手有麻木感，自己觉得头昏沉，刚发作时说过几句不连贯的话，后来才慢慢清楚些。目前没有发热，胸闷不明显，大小便还能控制。医生：关于既往史，您之前有没有因为神经、头部、肌肉无力或意识变化等问题就医？平时有什么基础病？患者：以前跌倒磕过头但没留下明显问题，平时血压波动比较大。医生：您的家人中有没有人年轻或年老后出现过相似表现，或者被反复要求做头部、神经方面检查？患者：家里没有听说过先天血管异常，但好几位长辈血压都高。医生：我还想了解生活和诱因：最近睡眠、压力、饮食、饮酒、吸烟、运动，以及外出或特殊接触情况如何？患者：平时不太运动，常喝浓茶，睡眠不规律，最近家里事情多，情绪紧张。
"医生：您好，请坐。想先了解一下您最近身体哪里不舒服？

患者：医生，我前几天突然觉得眼睛不对劲，看东西模模糊糊的，特别是看一些长条的东西，感觉变短了，怪吓人的。

医生：别着急，慢慢说。这种看东西变形、模糊的情况，是两只眼睛同时出现，还是先一只眼睛明显？大概持续了多久？

患者：好像两只都有点，但右边眼睛更明显。就这几天突然有的，早上起来还好，到下午晚上就厉害些。之前没这样过。

医生：明白了。除了看东西变形，有没有感觉眼前有黑影飘动、闪光，或者视野里有没有缺一块、像被窗帘挡住的感觉？

患者：没有黑影，就是觉得东西好像挤在一起，看门框、电视边都是弯的。有时候走路觉得地不平，差点绊倒。","医生：来，先坐下，我看您这右手一直托着左胳膊，是哪儿不得劲儿啊？

患者：哎哟，大夫，我这左胳膊今天就跟中了邪似的。刚才在地铁上，我这么左手正抓着扶手呢，就突然，大拇指和食指，哎，就不听使唤了，猛劲儿地抽，接着整条左胳膊都开始那么甩，甩得可厉害了。我吓坏了，赶紧用右手使劲儿抱住它，根本抱不住。大概得抖了有半分钟吧，我眼前一黑，就啥也不知道了，等再醒过来的时候，人已经在救护车上了。

医生：嗯，从手指头开始抽，然后发展到整个身子都失去知觉，这个情况必须得赶紧查清楚。在您晕倒之前那会儿，有没有闻到什么怪味儿，比如那种金属味儿，或者烧糊了的那种味儿？再一个，您现在醒了以后，感觉这只左胳膊是不是一点劲儿都使不上，跟瘫了似的？

患者：怪味儿倒是没闻见。就是现在这左胳膊，真的一点劲儿都使不上，软塌塌的，连拿个手机都拿不利索。而且这脑袋疼得厉害，就跟有人在里头拿锤子敲一样。

医生：嗯，抽完以后胳膊短暂没劲儿，还有头疼，这些都是常见的反应。那您以前脑袋有没有受过啥外伤，比如说，出过车祸什么的，或者有过脑出血？

患者：哦，五年前吧，我有高血压，有那么一回，脑里头出了一点儿血，量特别少，当时没做手术，就是保守治疗，慢慢吸收了。大夫说，可能脑里头会留下一个小疤。

医生：哦，那这个情况确实不能忽视。那您的直系亲属，比如您父母啊，爷爷奶奶，有没有人有过这种突然抽风的情况，或者类似的神经上的毛病？

患者：没有，我们家亲戚身体都挺好的，没听说谁得过这种一抽一抽的怪病。

医生：好，我清楚了。最后再问一下您平时的生活，是不是经常熬夜，吃饭也不准点儿，弄得人特别疲劳？

患者：哎，最近这不是赶工程嘛，我已经连着熬了三个通宵了，吃饭也是饥一顿饱一顿的，确实是累得不行了。",医生：您好，看您脸色不太好，手背上还有木屑，今天是遇到了什么突发状况？患者：大夫，我平时是个做家具的木工。以前我锯木头、刨木板一干就是一两个小时，完全没问题。最近这一个月，我每天早上起来感觉挺好的，但只要到了下午，我拿起手锯拉不到十分钟，胳膊就酸得直哆嗦，锯子直接掉在地上。我现在连干活的力气都没了，觉得身体彻底垮了。医生：这种早晨轻、下午重的肌肉疲劳，确实让人很沮丧。除了胳膊没力气，您最近有没有觉得看图纸尺寸的时候有重影？或者吞咽硬质食物、胶囊的时候觉得特别困难？患者：您一说我想起来了，最近看那个卷尺上的刻度，老觉得数字是双份的，糊在一起看不清。吞东西也不顺畅，昨天吃个消炎胶囊，卡在嗓子眼半天下不去，最后喝了一大杯水硬冲下去的，还呛得我直咳嗽。医生：复视和吞咽困难是极其重要的伴随症状。您以前有没有做过胸部CT，大夫有没有说过您有胸腺增生或者肿瘤？患者：大概三年前吧，因为长期抽烟我去做过一次肺部CT，大夫说我纵隔里有个小肿块，怀疑是胸腺瘤，建议我手术，我怕花钱就一直拖着没去治。医生：这个胸腺瘤的病史是最核心的线索。您的家族里，有没有人发生过严重的免疫系统疾病，比如类风湿关节炎？患者：没有，家里人都没有得过这种病。医生：了解。最后了解下您最近的生活状态，是不是最近赶工期情绪波动特别大？或者得过重感冒？患者：最近接了个大工程，天天起早贪黑干活，晚上整宿整宿地睡不着，心里憋屈得很，饭也吃不下。上周还因为吹电风扇得了热伤风，一直没好透。,医生：您好，您这次来看诊，主要是哪方面的问题？患者：医生您好，主要是突发头痛、呕吐后走路不稳。刚开始是眼前发黑、头痛，没多久家人发现我嘴角有点歪，左侧腿迈不开步。医生：请您描述一下发作或加重时的样子，包括持续时间、部位和对日常活动的影响。患者：起初我还想忍一忍，但家人看我反应慢、走路偏，就陪我来了。医生：这段时间有没有一侧脸麻、手脚针刺感，听得见别人说话但理解慢，或者看门框、电视边缘时觉得少了一部分？患者：我确实有点发呆，别人问我问题要想一会儿，喝水偶尔会呛一下，看东西右边像不太完整。目前没有发热，胸闷不明显，大小便还能控制。医生：接下来了解既往情况。您以前有没有类似发作或类似不适？平时有没有慢性病、住院史，或做过相关检查？患者：有高血压和血脂偏高，最近一段时间监测不规律，没有做过头部血管方面的详细检查。医生：家里直系亲属有没有发生过类似的肢体无力、抽搐、手抖、说话或走路异常等情况？患者：母亲有高血压，外公晚年有过类似突然昏倒后住院的经历。医生：最后问一下，近期有没有旅行、腹泻或感冒，是否接触特殊环境？平常作息和运动规律吗？患者：平时应酬多，饮酒较多，血压药有时漏服，最近赶项目连续熬夜。
"医生：您好，请坐。您今天来主要是觉得哪里不舒服？

患者：医生，我最近半边身子不太对劲，左边胳膊腿都发沉，动起来不灵活，说话也有点费劲，心里挺害怕的。

医生：别着急，慢慢说。您这种半边身子不灵活、说话费劲的情况，具体是从什么时候开始的？

患者：就这两天突然出现的，昨天早上起来就觉得左边手没劲儿，拿杯子都拿不稳，走路也往一边歪。

医生：这两天是一直这样，还是有时好有时坏？有没有突然加重或者突然缓解的时候？

患者：一直都有，好像没怎么缓解，说话有时候清楚一点，有时候又含含糊糊的。

医生：您刚才提到半边身子还有麻木和疼痛的感觉，能具体说说是什么样的感觉吗？是像过电一样，还是像蚂蚁爬？

患者：说不上来，就是一阵一阵地麻，有时候像针扎似的疼，左胳膊左腿都有，难受得很。

医生：这种麻木疼痛和活动不灵活，是同时出现的，还是一先一后？有没有哪边更明显？

患者：差不多一起吧，都是左边，右边没事。

医生：好的。除了这些，您最近有没有过头晕、看东西重影、眼前发黑，或者突然眼前一黑晕倒过？

患者：头晕有一点，看东西倒没重影，就是有时候觉得脑袋昏沉沉的。

医生：吃饭、喝水有没有呛咳？或者觉得一边脸发木、笑起来嘴歪的情况？

患者：喝水有时候会呛一下，左边脸也有点木木的，照镜子觉得笑起来左边嘴好像不大听使唤。

医生：以前有没有高血压、糖尿病或者血脂高这些情况？平时测过血压吗？

患者：血压以前高过，没怎么吃药，也没经常量。血糖没查过。","医生：哎，您好，请坐请坐。今天是遇到什么突发状况了？

患者：哎哟，医生！我刚才坐在摇椅上喝茶呢，一边喝一边听收音机，突然左手端着的茶杯“啪”就掉地上了，我赶紧想弯腰去捡，结果左腿也跟着一软，整个人就摔地上了。

医生：嗯，突发的单侧无力，这个必须得重视。那我问问您，除了这个，这两天有没有觉得头痛，或者看东西觉得有哪一块看不见、视野缺损？家里人有没有说您脾气变怪了、容易发火？

患者：头……是有隐隐作痛，但不厉害。我儿子跟我说，我这两天跟吃了枪药似的，一点就着，动不动就发火。视野倒是没觉得有啥异常，看东西还挺全乎的。

医生：好的。那您以前有高血压病史吗？或者体检的时候，大夫有没有提过脑部有什么“老年淀粉样血管病”之类的问题？

患者：高血压有，五年了，一直在吃降压药。大夫以前是提过，说我脑部有什么淀粉样病变，让我一定注意控制血压，别高了。

医生：那您的直系亲属里头，有没有人发生过偏瘫，或者脑血管破裂的情况？

患者：有，我母亲，她以前也是脑血管破裂，后来就偏瘫在床上了。

医生：了解了。那最后问问，您平时的饮食是不是偏咸？刚才听收音机的时候，有没有听到什么让人特别激动、生气的内容？

患者：哎，我平时就爱吃咸菜，口味重。刚才收音机里播了一个社会新闻，特别气人，我听得正咬牙切齿的呢，然后就……就发病了。",医生：您好，看您进门的时候脚步有些虚浮，今天是遇到了什么突发状况？患者：医生，我是一名剧组的化妆师。我现在的身体状况已经没法跟组干活了。每天早上刚开工给演员化妆的时候，我精神百倍手很稳。可是到了下午三四点，我就觉得两只胳膊越来越沉，举着粉刷和化妆盘都觉得极其吃力。昨天下午我差点因为手软把化妆品砸在演员脸上，吓得我直接跟导演请了假。医生：这种随时间推移加重的上肢无力在精细操作时非常麻烦。除了手没力气，您在下午化妆的时候，有没有觉得看演员的脸会变成两个影子？或者觉得说话的声音变得越来越小，带有浓浓的鼻音？患者：看东西重影太严重了！昨天下午我看着演员的眉毛，硬生生看成了四条，眼花缭乱的，眼皮也沉得睁不开。声音也是，跟导演沟通妆容，说不到几句嗓子就哑了，声音像从鼻子里发出来的一样，虚得很。医生：复视、眼睑下垂和发音嘶哑是极其典型的伴随症状。您以前有没有做过胸部CT，大夫有没有说过您有胸腺瘤或者胸腺增生？或者有没有甲状腺的毛病？患者：甲状腺以前因为脖子肿大查过，说是有点甲减，在吃药。胸腺瘤倒是没查过。医生：这个甲减的自身免疫病史很有价值。那您的兄弟姐妹或者长辈里，有没有人也有类风湿或者甲状腺疾病的？患者：我母亲就是一直甲状腺不好，还有很严重的风湿病。医生：明白了。最后问问您平时的生活习惯，最近是不是跟组拍摄没怎么休息？或者有没有不小心得过什么感冒发烧？患者：最近剧组为了赶进度，天天大夜戏，我每天只睡三四个小时，困了就猛喝咖啡。前几天片场淋雨，我得了重感冒，一直流鼻涕打喷嚏，没去打针吃药。,医生：您好，我先了解一下，最让您担心的症状是什么？患者：医生您好，主要是清晨起床后半边身子发麻、使不上劲。今天早上突然觉得左侧胳膊和腿没劲，拿杯子拿不稳，走路往一边偏，家里人说我说话含糊。医生：好的。这个情况持续了多久？中间有没有完全缓解，还是一直存在或越来越明显？患者：症状出现后没有马上完全好转，左侧手脚还是发笨，自己活动不方便。医生：除了这些明显情况，您有没有感觉一侧身体触碰不敏感、反应变慢、记不清刚发生的事，或者看东西缺了一块？患者：我确实有点发呆，别人问我问题要想一会儿，喝水偶尔会呛一下，看东西右边像不太完整。医生：关于既往史，您之前有没有因为神经、头部、肌肉无力或意识变化等问题就医？平时有什么基础病？患者：以前没有这样发作过，但有高血压多年，偶尔头晕，没系统检查过脑血管。医生：您的家人中有没有人年轻或年老后出现过相似表现，或者被反复要求做头部、神经方面检查？患者：家里没有听说过先天血管异常，但好几位长辈血压都高。医生：最后问一下，近期有没有旅行、腹泻或感冒，是否接触特殊环境？平常作息和运动规律吗？患者：抽烟很多年，饭菜偏咸，运动少，最近睡得晚，昨天还喝了酒。
"医生：您好，请坐。先详细了解一下情况。您具体是哪里不舒服，从什么时候开始的？

患者：医生您好，我最近总觉得右边身子不太对劲，手和脚有点麻麻的，像过电一样，说话也有点不利索，有时候想说的词得想半天。

医生：您说的“最近”大概有几天了？这种麻和说话费劲的感觉是突然一下就出现的，还是一点一点慢慢加重的？

患者：大概三四天前开始的吧。那天早上起来就突然觉得右边手脚发麻，说话也像含着东西似的。当时以为是没睡好，但这几天一直没缓过来。

医生：明白了。那这三天里，这种麻的感觉是一直持续着，还是有时候会好一点？另外，除了麻，有没有觉得右边手脚力气变小，比如拿东西、走路不太听使唤？

患者：麻是一直有，时轻时重吧。力气好像也差了点，拿筷子有时候会掉，走路右脚有点拖地。说话就是着急的时候更明显，慢慢地讲还好。

医生：嗯，这一点很重要。您以前有没有过高血压、糖尿病，或者心脏方面的问题？平时吃药吗？

患者：血压高有好几年了，一直没太当回事，也没正经吃过降压药。别的病倒没查出来过。

医生：好的，我了解了。家里父母或者兄弟姐妹有没有人得过中风、脑出血或者心脏病？您平时抽烟喝酒吗，最近有没有头部受过外伤或者摔倒过？

患者：我爸前几年就是脑出血走的。我抽烟，一天一包多，酒也喝点。最近没摔过，就是工作累，压力大。

医生：明白了，您说的这些情况非常关键。还有一个问题，这几天有没有过头痛、头晕、看东西模糊，或者恶心呕吐的情况？

患者：头痛倒是有一点，就是后脑勺那块隐隐地胀痛，不厉害。没吐，就是偶尔有点晕乎乎的。","医生：哎，您好，我看您这是由女儿推着轮椅进来的，今天是怎么个情况让您赶紧来急诊了？

患者：哎，医生，我是在超市做收银员的。可这几天，我这腿脚简直跟废了一样！开始吧，只是觉得两只脚发麻，踩在地上就跟踩在棉花上似的，没根。接着这小腿也软了，没劲儿。今天早上更吓人，我发现自己腰以下一点知觉都没了，就跟不是自己的肉似的。现在两只手也开始发麻，连那个扫码枪都拿不住了。

医生：嗯，这种快速进展的双侧、从下往上走的感觉和运动障碍，我们必须要查明原因。除了手脚瘫软发麻，您最近有没有发现自己脸两边不对称？比如说，闭眼睛闭不严？或者喝水的时候，水容易顺着嘴角往外漏？

患者：我女儿今天早上就说我脸不对劲，她扒着我眼睛看，说我两边眼皮都耷拉着，我使劲闭也闭不紧。早上喝水的时候，那水就顺着左边嘴角往下漏，兜不住。

医生：嗯，双侧面神经都受累，这是非常典型的伴随表现。那再往前推一推，在您出现这些症状前的一个月内，有没有接种过什么疫苗？或者得过感冒、肠胃炎之类的？

患者：嗯……大概三个星期前吧，社区组织打流感疫苗，我就去打了一针。打完针之后吧，还轻微感冒了几天，流鼻涕打喷嚏的，不过没当回事。

医生：好的，疫苗接种史和感冒史，这非常有参考意义。那您的家族亲属里头，有没有人有过这种突发的四肢瘫痪，或者有没有自身免疫方面的疾病？

患者：没有，家里老人身体都还行，没听说过这种浑身不能动的怪病。

医生：好，了解了。那最后再了解一下您近期的生活状态，有没有因为什么事情导致身体极度劳累、疲劳？

患者：哎，最近超市搞大促，我一个人连上了十天班，每天一站就是十几个小时，累得我腰酸背痛的，感觉身体抵抗力明显差了，人没精神。",医生：您好，看您是由朋友搀扶进来的，今天发生了什么事？患者：医生，我是一名长途客车司机。今天下午我在开高速的时候，真是出了一身冷汗。我突然觉得两只胳膊酸软无力，连方向盘都快握不住了，踩离合的左腿也开始发抖打软。更可怕的是，我的两只眼睛突然看前面的一辆车变成了两辆车，重影得非常厉害，眼皮还一直往下掉。我赶紧咬着牙把车停到了应急车道上，休息了好半天，才让副驾驶替我开回来的。医生：驾驶时突发这种四肢无力、复视和眼睑下垂，实在是太危险了。除了今天下午的惊险情况，您最近平时有没有觉得吃饭吞咽困难，或者说话说多了声音就会变小、变嘶哑？患者：平时说话确实容易哑，有时候跟乘客解释几句，声音就变得像漏气一样，一点底气都没有。吃饭的话，吃软的还行，吃稍微干硬一点的面饼，就觉得咽不下去，卡在喉咙口。医生：发音嘶哑和吞咽费力都是非常关键的伴随症状。您以前有没有体检做过胸部CT，医生有没有提示过胸腺增生？或者您有甲状腺的问题吗？患者：甲状腺一直正常。胸部CT去年做过，大夫说我纵隔那有个胸腺肥大，让我别抽烟别熬夜，我也没听进去。医生：这个胸腺肥大的病史我会记录在案。您的家族长辈中，有没有人有过自身免疫系统疾病，比如类风湿关节炎的？患者：我大伯有很严重的强直性脊柱炎，常年吃药。医生：明白了。最后了解一下您最近的生活状态，是不是长途驾驶极其疲劳，睡眠严重不足？发病前有没有拉过肚子或者感冒？患者：长途司机哪有不累的，经常连着开十几个小时，困了就猛抽烟喝浓茶。上个星期在服务区吃了不干净的东西，得了急性肠胃炎，拉肚子拉到脱水，从那以后身体就一直软绵绵的没恢复过来。,医生：您好，您这次来看诊，主要是哪方面的问题？患者：医生您好，主要是突发头痛、呕吐后走路不稳。刚开始是眼前发黑、头痛，没多久家人发现我嘴角有点歪，左侧腿迈不开步。医生：请您描述一下发作或加重时的样子，包括持续时间、部位和对日常活动的影响。患者：当时来得很急，家人发现我说话、走路都和平时不一样，到现在仍然有影响。医生：除了这些明显情况，您有没有感觉一侧身体触碰不敏感、反应变慢、记不清刚发生的事，或者看东西缺了一块？患者：脸和手有麻木感，自己觉得头昏沉，刚发作时说过几句不连贯的话，后来才慢慢清楚些。目前没有发热，胸闷不明显，大小便还能控制。医生：我再问一下过去的身体情况：以前出现过这样的症状吗？有没有长期疾病、外伤、手术或正在服用的药物？患者：血压一直偏高，药有时忘记吃，前几年体检说血管硬化。医生：您的家人中有没有人年轻或年老后出现过相似表现，或者被反复要求做头部、神经方面检查？患者：家里老人有过突然说不清话、走路偏斜的情况，其他亲属不太清楚。医生：最后了解一下生活习惯。您平时作息、饮食、运动、吸烟饮酒情况怎么样？最近有没有劳累、熬夜、感染或情绪波动？患者：平时不太运动，常喝浓茶，睡眠不规律，最近家里事情多，情绪紧张。
"医生：您好，您能再详细说说当时发现妈妈不对劲的情况吗？比如夜里最后见到她正常是什么时候？

患者：大概昨晚十一点多，我睡前看她还好好的，还说了几句话。早上快八点我去她屋里，就发现怎么叫都不应，嘴里有饭，嘴巴闭得紧紧的，喉咙里呼噜呼噜响，眼睛瞳孔也散得很大。

医生：明白了。您妈妈当时嘴里有呕吐的饭食，喉咙有声音，您有没有试着给她清理口腔或者让她侧躺？她呼吸当时还平稳吗？

患者：我吓坏了，没敢乱动她嘴，就赶紧让她侧过来一点，怕呛着。呼吸感觉不太顺，呼噜声很大，胸口起伏也挺费劲。

医生：这种情况确实很紧急。您妈妈以前有没有高血压、糖尿病或者心脏病？平时吃降压药或抗凝药吗？

患者：有高血压好多年了，一直吃降压药，但最近好像她自己有时候忘吃。没听她说有糖尿病，心脏没查过。

医生：那平时血压控制得怎么样？最近有没有听她说头痛、头晕、看东西模糊，或者一侧手脚没力气？

患者：她前两天是有点头晕，还说过一次后脖子发紧，我没太当回事。手脚没注意，就是走路慢了点。

医生：好的。您妈妈发病前有没有摔倒过？或者情绪特别激动、用力搬东西、便秘用力排便这些情况？

患者：没摔倒，昨晚她吃完饭说有点累，就早早上床了。但前几天因为家里的事生过气，那晚好像也没怎么睡好。

医生：了解了。为了更准确判断，她以前有过脑卒中、心梗这类情况吗？还有家里人，比如父母或兄弟姐妹，有没有得过脑血管病？

患者：她没得过这些大病。我姥爷好像有过“中风”，具体不太清楚。我舅舅也有高血压。

医生：好，这些信息很重要。最后问一下，您妈妈平时抽烟、喝酒吗？最近有没有在吃阿司匹林、华法林这类让血不容易凝的药？

患者：不抽烟，酒偶尔喝一点。没吃那些药，就吃降压的。","医生：哎，您好，请坐请坐。今天是遇到什么突发状况了？

患者：哎哟，大夫！我在小区遛狗来着，左手牵着狗绳，突然左手一酸，那绳子就脱手了，狗就跑了。我赶紧想跑去追，结果发现左脚就跟被胶水粘在地上一样，抬都抬不起来，直接就摔那儿了。

医生：嗯，单侧下肢拖步加上上肢突然脱力，这个必须立刻重视。那我问问您，在这之前，有没有发生过短暂的眩晕，或者吃饭喝汤的时候频繁地呛咳？

患者：有！这半个月来，我喝汤老是呛到，一呛就咳半天。眩晕也偶尔会有，感觉房子都在转，得赶紧扶着墙才行。

医生：嗯，这些细节很有价值。那您既往有没有房颤的病史？或者查出来过高血压？

患者：房颤有，心跳一直乱，大夫说过。高血压也有，开了药，但我没规律吃，老忘。

医生：那再问问您，您的父母兄弟里头，有没有人得过中风、偏瘫这种病？

患者：我父亲，七十岁那年脑梗了，后来就偏瘫在床上了。

医生：好的，了解了。那最后问问您，平时是不是经常熬夜打牌？抽烟多不多？

患者：哎，经常跟邻居打牌打到半夜，一边打牌一边抽烟，烟瘾大，一根接一根的。",医生：您好，请坐，看您眼皮一直耷拉着，今天是怎么个情况让您赶紧来医院的？患者：大夫，我是药房里抓药的药剂师。最近我连药匣子都拉不开了。每天早上刚开门的时候，我照方抓药还很利索。可是一到了下午，我右手握着药秤就完全使不上劲，手酸得直打颤。而且我一到下午，这两个眼皮就像是用胶水粘住了一样，死活睁不开，病人总以为我在打瞌睡，其实我是真的睁不开眼。医生：这种下午加重的上肢无力和眼睑下垂，非常值得关注。除了这些，您最近吃饭的时候，有没有觉得嚼那种比较硬的肉，嚼几下腮帮子就酸得动不了了？或者喝水容易呛到？患者：有的！在食堂打饭，我都不敢打排骨，嚼不了几下就腮帮子酸软，咽下去也觉得卡卡的。上周喝汤还呛到了气管里，咳得我满脸通红。医生：咀嚼无力和容易呛咳是很关键的症状。你以前有没有查出过甲亢？或者做过胸部检查提示胸腺肥大？患者：前年单位体检，大夫说我胸片看着前纵隔有点宽，怀疑是胸腺增生，让我去大医院复查，我工作太忙就给忘了。医生：这确实是个非常重要的既往史。你的家族里，比如父母或者奶奶、外婆，有没有人得过类风湿关节炎、红斑狼疮的？患者：我外婆有很严重的类风湿关节炎，手指头都变形了。医生：了解了。最后问问你最近的生活状态，是不是药房最近病人特别多，天天连轴转？之前有没有得过流感或者重感冒？患者：最近换季抓药的人排长队，我每天站十几个小时，睡眠严重不足。大半个月前我还得了一次甲流，发烧烧了三天，一直咳嗽，身体到现在都没完全恢复过来。,医生：您好，您这次来看诊，主要是哪方面的问题？患者：医生您好，主要是突发头痛、呕吐后走路不稳。今天早上突然觉得右侧胳膊和腿没劲，拿杯子拿不稳，走路往一边偏，家里人说我说话含糊。医生：这些表现是突然出现还是逐渐加重？大概从什么时候开始，最明显影响到什么活动？患者：当时来得很急，家人发现我说话、走路都和平时不一样，到现在仍然有影响。医生：除了这些明显情况，您有没有感觉一侧身体触碰不敏感、反应变慢、记不清刚发生的事，或者看东西缺了一块？患者：脸和手有麻木感，自己觉得头昏沉，刚发作时说过几句不连贯的话，后来才慢慢清楚些。这次没有明显外伤，发作前也没有感冒。医生：之前身体状况怎么样？有没有类似症状、慢性病、外伤史，或体检提示过异常？患者：有高血压和血脂偏高，最近一段时间监测不规律，没有做过头部血管方面的详细检查。医生：从家族史方面看，家里有没有人有类似发作，或者长期的神经系统、肌肉无力、脑血管方面问题？患者：母亲有高血压，外公晚年有过类似突然昏倒后住院的经历。医生：我还想了解生活和诱因：最近睡眠、压力、饮食、饮酒、吸烟、运动，以及外出或特殊接触情况如何？患者：平时应酬多，饮酒较多，血压药有时漏服，最近赶项目连续熬夜。
"医生：您好，请坐。想先详细了解一下您不舒服的情况。您刚才提到主要是头晕、头痛，能具体说说这种晕是什么样的感觉吗？是天旋地转，还是感觉自己站不稳、轻飘飘的？
患者：不是天旋地转，就是感觉脚下没根，像踩在棉花上一样，走路的时候更明显，有时候得扶着墙。头痛是那种闷闷的、胀痛，太阳穴两边发紧。
医生：明白了。那这种头晕和头痛是从什么时候开始出现的？是一阵一阵的，还是一直持续着？
患者：大概有三四天了，一开始以为是没睡好，没当回事。但这几天一直这样，尤其早上起床的时候最明显，活动一会儿稍微好点，可一走路多了又不行了。
医生：有没有在某个特定动作下突然加重，比如猛地转头、抬头，或者从坐着突然站起来的时候？
患者：有，猛地一站起来的时候眼前会发黑一下，头晕得厉害，得闭眼缓个十几秒。转头快的时候也有点晕，但不是特别明显。
医生：除了头晕头痛，还有没有别的不舒服？比如看东西模糊、说话不利索、一侧手脚发麻或者没力气，或者喝水呛咳？
患者：好像没有，说话吃饭都正常，手脚也不麻，就是这几天感觉记性有点差，注意力不集中。
医生：好的。那您以前有没有过类似的情况？有没有高血压、糖尿病、心脏病这些慢性病？
患者：以前身体还行，没查过什么大病。血压有时候高一点，但没正经量过，也没吃药。我爸以前得过脑血栓，别的就不知道了。
医生：平时抽烟喝酒吗？最近有没有特别劳累、熬夜或者情绪波动大的情况？
患者：烟抽了二十来年了，一天一包左右，酒偶尔喝点。最近单位赶项目，连着熬了三个晚上，确实挺累的。
医生：了解了。您刚才说早上起来和站起时症状重，平时走路时也不稳，这对您生活影响挺大的。最后再确认一下，这几天有没有出现过晕倒、意识不清楚，或者突然一侧眼睛看不见的情况？
患者：那倒没，就是头晕得厉害时得赶紧坐下，没真晕过去。","医生：哎，您好，我看您这是由工友用轮椅推来的？今天是怎么个情况让您赶紧来医院的？

患者：哎，大夫！我是在建筑工地搭脚手架的。这几天腿脚太不听使唤了！前几天吧，只是觉得两只脚踩在钢管上发麻，没平时那么灵活。昨天开始腿就发软，上工地的楼梯直打闪闪。今天早上更吓人，我从工棚的架子床上一下来，直接摔地上了，两条腿彻底不听使唤，站都站不住。现在两只胳膊也抬不起来，连个安全帽都戴不上去了。

医生：嗯，这种迅速进展的双下肢瘫软，还往上肢发展，这个过程非常危险。那我先问问，除了四肢的问题，您捏捏腿肚子的肌肉觉得痛不痛？另外，最近有没有觉得吞咽东西有困难，或者喝水容易呛到？

患者：哎哟，腿肚子不捏都疼，一捏更是钻心地疼，就跟肌肉被撕开了一样。吞东西确实不行，今天早上我就喝了口粥，结果咽不下去，还从鼻子里呛出来一点，差点没把我给憋死。

医生：嗯，肌肉深压痛加上吞咽肌肉受累，这是非常关键的伴随症状。那我们往前倒推一两周，您有没有闹过肚子，或者得过感冒？

患者：有！差不多十天前吧，我拉肚子拉得腿都软了，一天跑十几趟厕所，工头看我那样，给我放了两天假让歇着。

医生：好的，这个胃肠道感染史我记下了。那再问您，您直系亲属里头，有没有人得过那种容易突然瘫痪的病，或者有类风湿之类的免疫系统毛病？

患者：没有，我们老家亲戚大多都是干体力活的，没听说过谁得过这种突然就瘫掉的病。

医生：明白了。那最后再了解一下生活细节，在拉肚子之前，您在工地上吃了什么特别的东西没有？比如说没烤熟的肉，或者海鲜？

患者：工地上伙食差，那天晚上我们几个工友去附近的野池塘抓了点小龙虾和螺蛳，随便在火上烤了烤就吃了，有的里头还没熟透呢。第二天大家都拉肚子了，可奇了怪了，就我一个人变成了现在这副样子。",医生：您好，看您脸色不太好，今天是遇到了什么突发状况？患者：大夫，我平时喜欢在公园拉二胡。以前我一拉就是一两个小时，完全没问题。最近这一个月，我每天早上起来感觉挺好的，但只要到了下午去公园，我的左手按弦、右手拉弓，拉不到十分钟，胳膊就酸得直哆嗦，琴弓直接掉在地上。我现在连拉二胡的力气都没了，觉得活着都没啥意思了。医生：这种早晨轻、下午重的肌肉疲劳，确实让人很沮丧。除了拉二胡觉得胳膊没力气，您最近有没有觉得看乐谱的时候有重影？或者吞咽硬质食物、胶囊的时候觉得特别困难？患者：您一说我想起来了，最近看那二胡的简谱，老觉得音符是双份的，糊在一起看不清。吞东西也不顺畅，昨天吃个稍微大点的药丸，卡在嗓子眼半天下不去，最后喝了一大杯水硬冲下去的，还呛得我直咳嗽。医生：复视和吞咽困难是极其重要的伴随症状。您以前有没有做过胸部CT，大夫有没有说过您有胸腺增生或者肿瘤？患者：大概三年前吧，因为长期抽烟我去做过一次肺部CT，大夫说我纵隔里有个小肿块，怀疑是胸腺瘤，建议我手术，我怕花钱就一直拖着没去治。医生：这个胸腺瘤的病史是最核心的线索。您的家族里，有没有人发生过严重的免疫系统疾病，比如类风湿关节炎？患者：没有，家里人都没有得过这种病。医生：了解。最后了解下您最近的生活状态，是不是最近因为什么事情情绪波动特别大？或者得过重感冒？患者：最近家里确实出了点事，大儿子和二儿子因为房产的事天天吵架，我夹在中间天天生气上火，晚上整宿整宿地睡不着，心里憋屈得很，饭也吃不下。,医生：您好，您这次来看诊，主要是哪方面的问题？患者：医生您好，主要是突发意识恍惚伴一侧手脚不听使唤。3天前突然头胀痛得厉害，随后吐了一次，后来右侧手脚开始发麻，抬起来费劲。医生：我明白了。请您再具体说说，当时最早出现的症状是什么，后来又有什么变化？患者：症状出现后没有马上完全好转，右侧手脚还是发笨，自己活动不方便。医生：除了这些明显情况，您有没有感觉一侧身体触碰不敏感、反应变慢、记不清刚发生的事，或者看东西缺了一块？患者：我确实有点发呆，别人问我问题要想一会儿，喝水偶尔会呛一下，看东西右边像不太完整。医生：关于既往史，您之前有没有因为神经、头部、肌肉无力或意识变化等问题就医？平时有什么基础病？患者：以前跌倒磕过头但没留下明显问题，平时血压波动比较大。医生：再了解一下家族情况。您的父母、兄弟姐妹或子女中，有没有人出现过类似症状，或有相关的长期疾病？患者：家里老人有过突然说不清话、走路偏斜的情况，其他亲属不太清楚。医生：我还想了解生活和诱因：最近睡眠、压力、饮食、饮酒、吸烟、运动，以及外出或特殊接触情况如何？患者：抽烟很多年，饭菜偏咸，运动少，最近睡得晚，昨天还喝了酒。
"医生：您好，请坐。想先了解一下您最近身体哪里不舒服？

患者：医生，我最近左边身子不太对劲，感觉没力气，动作也慢。

医生：具体是从什么时候开始的？是突然出现，还是一点一点加重的？

患者：就这两天，突然就感觉左边手脚不听使唤了，拿东西也拿不住。

医生：除了左边身子无力、动作慢，还有没有其他不舒服？比如说话、看东西、走路或者头晕的情况？

患者：说话还行，就是有时候觉得嘴有点歪，走路也拖拖拉拉的，不太稳当。

医生：以前有没有高血压、糖尿病或者心脏方面的问题？平时抽烟喝酒吗？

患者：有高血压好几年了，平时吃点药，也没太注意控制。烟抽得不多，酒偶尔喝点。","医生：哎，您好您好，我看您这是……交警同志送过来的？路上发生什么事了？

患者：哎哟，医生，我现在这心还在狂跳呢！我刚才开着车在快速路上，也不知道怎么回事，突然脑子里头就一片空白，啥也不知道了。交警说我的车直接擦着护栏滑出去十几米才停下。等我被叫醒的时候，发现自己把舌头都咬破了，满嘴都是血，整个人就跟虚脱了一样，他们说我在车里抽了好一阵子。

医生：哎呦，驾驶时发生这种突发的意识丧失和抽搐，那后果真是不堪设想。那在您完全失去知觉前的那几秒钟，有没有觉得胃里头特别不舒服，有股气往上翻？或者眼前有没有看到什么五颜六色的闪光？

患者：有！我当时正盯着前面的路呢，突然就觉得胃里一阵恶心翻腾，就跟坐电梯猛地往下降那种失重感一样，紧接着就有一种特别强烈的恐惧感涌上来，然后……然后就断片了，啥都不记得了。

医生：嗯，这种胃气上涌和恐惧感，是非常有价值的先兆。那您以前有没有查出过脑部有血管畸形，或者头部受过什么重伤？

患者：嗯……三年前我从楼梯上滚下来过，当时诊断是硬膜下血肿，后来大夫说保守治疗，血肿吸收了，我就一直没再去复查。

医生：明白了。那再问问您家族里，比如说您的长辈，有没有人有过这种不明原因的晕倒或者抽搐的毛病？

患者：我爷爷以前就有过这种毛病，正说着话呢，突然就倒在地上一动不动，过一会儿自己又醒了，跟没事人一样。

医生：那最后问问您，平时的工作性质是不是经常需要熬夜？或者发病前有没有过度疲劳的情况？

患者：哎，我是跑长途运输的，经常连夜开车。为了提神，我每天都要喝好几罐红牛，烟也是一根接一根地抽，作息完全是颠倒的，黑白不分。",医生：您好，看您脸色苍白，说话也有些费力，今天主要是哪里出问题了？患者：大夫，我在面包店做烘焙师。最近这两周，我早上刚去接班的时候，揉面团、烤面包力气很大。但是到了下午快下班那两个小时，我的两只手就像是不属于我了一样，连一个空烤盘都端不起来，胳膊酸软得一直往下掉。而且我觉得连抬头都困难，脖颈子软绵绵的，只能低着头干活。医生：这种下午加重的上肢无力和颈部无力非常需要重视。除了手和脖子，您最近有没有觉得吃晚饭的时候，吞咽特别困难？或者喝水的时候老是容易呛到气管里咳半天？患者：太难受了。现在我每天晚上下班回家吃饭，都不敢吃硬一点的法棍面包，稍微吃一口，就觉得卡在喉咙里咽不下去。喝水稍微快一点，水就直接呛到气管里，咳得我眼泪直流。医生：吞咽困难和呛咳是很危险的隐性症状。您以前体检的时候，有没有大夫提过您胸前有肿块，或者是胸腺增生？有没有查出过甲亢？患者：两年前体检，大夫确实提过一句，说胸片显示我胸腺有些肥大，让我最好去做个增强CT，我当时心疼钱，也没觉得哪疼，就没去查。医生：这绝对是一个关键的线索。您的家族长辈中，有没有人有过自身免疫系统疾病，比如红斑狼疮或者类风湿的？患者：没有，家里人老了基本上都是高血压糖尿病，没听说过这种免疫的病。医生：了解。最后了解下您的生活状态，最近后厨工作是不是一直站着，极度疲劳？发病前有没有感染过什么病毒，比如急性肠胃炎？患者：最近店里推新品搞促销，我每天要在后厨烤箱前站十几个小时，热得汗流浃背，累得腰都直不起来。上周我还拉了好几天肚子，发了低烧，身体简直要虚脱了。,医生：您好，今天主要因为什么不舒服来就诊？患者：医生您好，主要是情绪激动后出现口齿不清和视物不清。昨晚情绪比较激动，后来出现说话不连贯，看东西有一块不清楚，左侧身体也不太听使唤。医生：请您描述一下发作或加重时的样子，包括持续时间、部位和对日常活动的影响。患者：症状出现后没有马上完全好转，左侧手脚还是发笨，自己活动不方便。医生：我再问一些不太容易注意到的表现：有没有答非所问、性格突然烦躁或发呆，吞咽呛咳，或者大小便控制变差？患者：脸和手有麻木感，自己觉得头昏沉，刚发作时说过几句不连贯的话，后来才慢慢清楚些。这次没有明显外伤，发作前也没有感冒。医生：我再问一下过去的身体情况：以前出现过这样的症状吗？有没有长期疾病、外伤、手术或正在服用的药物？患者：有高血压和血脂偏高，最近一段时间监测不规律，没有做过头部血管方面的详细检查。医生：从家族史方面看，家里有没有人有类似发作，或者长期的神经系统、肌肉无力、脑血管方面问题？患者：家里没有听说过先天血管异常，但好几位长辈血压都高。医生：我还想了解生活和诱因：最近睡眠、压力、饮食、饮酒、吸烟、运动，以及外出或特殊接触情况如何？患者：口味重，喜欢腌菜和肥肉，锻炼少，发作前一天搬了重物又情绪激动。
"医生：您好，请坐。想先了解一下您不舒服的情况。您今天来，主要是身体哪里觉得不对劲？

患者：医生，我昨天晚上睡了一觉起来，就感觉左边这半边脸和头皮发麻，照镜子看鼻子两边纹路好像也不太一样了。左边脖子也僵得很，肩膀和左边手脚都有点使不上劲儿。

医生：嗯，您说得很清楚。这种“使不上劲儿”是持续一整天都有，还是时好时坏？走路的时候有没有觉得左边腿特别沉，或者不太听使唤？

患者：一直都有，从早上起来到现在就没好过。走路有点一颠一颠的，倒不至于完全动不了，但左边腿就是没右边有劲，跑几步或者站久一点，左边小腿就酸得厉害。

医生：好的，那您刚才提到左边牙齿会不自觉咬紧，这种情况是突然一下的，还是持续紧绷着？有没有伴随面部肌肉抽动，或者不自觉地咬牙关、磨牙这些表现？

患者：就是感觉左边牙关发紧，像有时候不自觉地就咬上了，自己意识到才松开。没有抽动，也没有磨牙，就是左边脸和脖子那片紧绷绷的。

医生：明白了。我再确认一下，您的手活动还正常，那比如扣扣子、拿筷子、写字这些精细动作，做起来和以前有区别吗？有没有觉得手笨了一点，或者拿东西容易掉？

患者：手活动倒还行，拿东西、写字都没觉得不灵活，就是肩膀和上臂有点没力气，不是手本身的问题。

医生：好，这个细节很重要。另外我想问问，您以前有没有过类似情况？比如之前有没有突然头晕、看东西重影、说话含糊，或者半边身子麻过一下、很快又好了的情况？

患者：以前身体一直挺好的，没得过什么大病，也没住过院。就是平时血压有点高，但没怎么认真吃药。

医生：高血压这个情况我们待会儿要重点说。您这次发病前，有没有受过外伤、落枕，或者最近特别劳累、熬夜、情绪激动、喝酒之类的情况？

患者：没有受伤，也没落枕。就是最近工作忙，连续熬了几天夜，睡得不太好。酒不怎么喝，烟抽得比较多。","医生：哎，您好您好，我看您是由家属搀着进来的，步子不太稳当，今天这是怎么了？

患者：哎，大夫，我是乡下承包果园的。最近这一礼拜吧，每天早上下地剪枝摘果子，我还能挥得动剪刀，跟没事人一样。可一到快天黑那会儿，我这两只胳膊两条腿啊，就跟被抽空了力气似的，连个摘果子的筐都拿不起来，走路也一瘸一拐的。但邪门的是，回家歇一晚上，第二天早上起来又好多了，跟正常人没啥两样。

医生：嗯，这种典型的“晨轻暮重”现象，加上劳动后加剧的肌肉无力，必须得重视。那我问您啊，除了四肢没力气，您最近在干重活挑果子的时候，有没有觉得呼吸特别费力，气不够喘？或者晚上吃饭的时候，嚼那种硬一点的咸菜，嚼几下就觉得腮帮子酸软？

患者：哎哟，您说得太对了！前天傍晚，我挑着两筐苹果往家走，走到半道儿就觉得气上不来了，胸口闷得跟要炸开似的，实在顶不住，只能撂下担子坐下来大口倒气。晚上吃饭也是，连嚼个萝卜干都觉得腮帮子酸得不行，最后只能随便扒拉两口稀饭咽下去完事。

医生：嗯，呼吸肌受累和咀嚼无力，这是非常危险的信号。那您以前有没有被诊断过甲亢？或者在镇上体检的时候，大夫有没有说过您有胸腺肥大的情况？

患者：前几年在卫生院查出来过甲状腺有结节，大夫说我有点甲亢，给我开了药，我嫌那药贵，吃了一阵子就自己停了。至于胸腺肥大……这倒是没查过。

医生：甲亢的病史很有参考价值。那您的直系亲属里，有没有人得过严重的免疫系统疾病，比如说类风湿关节炎之类的？

患者：我妈吧，她有多年的风湿骨痛，手指关节都肿得变形了，一到下雨天就疼得下不了床。

医生：好的，了解了。那最后我再问问您最近的生活状态，是不是因为果园收成，体力活太重，极度劳累？发病前有没有拉过肚子，或者感冒发烧？

患者：哎，可不嘛，正赶上摘苹果的节骨眼儿，我每天要在果园里干十几个小时的体力活，累得腰都直不起来。前两天还因为受凉得了热伤风，一直咳嗽流鼻涕，没歇着，硬扛着下地的。",医生：您好，请坐，看您眼皮一直半眯着，今天是遇到了什么身体上的麻烦？患者：医生，我是个幼儿园老师，最近我这身体简直让我没法工作了。每天早上迎接入园的小朋友时，我还精神饱满。可是一到了下午带着他们做户外游戏，我就觉得两条腿像灌了铅一样，根本跑不动。而且我发现我现在连笑都不会笑了，孩子们跟我开玩笑，我想给他们个笑脸，但脸上的肌肉僵硬得很，皮笑肉不笑的，园长还以为我情绪不好。医生：这种下午加重的下肢无力，加上面部表情肌肉的僵硬感，是非常有特征性的。除了这些，您最近有没有觉得一到下午眼皮就耷拉下来？或者说话多了一点，就觉得气喘不上来，胸口发闷？患者：眼皮耷拉太严重了！一到下午四点，我的右眼皮就沉得抬不起来，得经常用手去揉。喘气的问题也有点，有时候给孩子们念绘本，多念几页就觉得气不够用，像有人捏着我的喉咙，得深吸好几口气才能继续。医生：眼睑下垂和呼吸肌受累是个很危险的信号。回忆一下过去，您以前有没有查出过甲状腺功能亢进（甲亢）？或者拍片子发现胸腺肥大？患者：我有桥本氏甲状腺炎，大夫说是自身免疫问题，偶尔会有些甲状腺功能的波动。胸部CT去年做过，大夫说前纵隔有些可疑的增生阴影，建议随访。医生：这个自身免疫性甲状腺疾病和胸腺异常的病史很重要。您的家族亲属中，有没有人也有类风湿、红斑狼疮或者甲状腺疾病的？患者：我小姨有很严重的风湿性关节炎，手脚都变形了。医生：明白了。最后问问，您最近是不是因为带孩子极度劳累？或者有没有不小心感染了什么病毒？患者：最近幼儿园流感爆发，班里倒了一大半，我也没能幸免，发高烧烧了三天，一直咳嗽，吃了退烧药硬扛着去上班的，估计就是那时候落下的病根。,医生：您好，您这次来看诊，主要是哪方面的问题？患者：医生您好，主要是突发意识恍惚伴一侧手脚不听使唤。3天前突然头胀痛得厉害，随后吐了一次，后来左侧手脚开始发麻，抬起来费劲。医生：这些表现是突然出现还是逐渐加重？大概从什么时候开始，最明显影响到什么活动？患者：症状出现后没有马上完全好转，左侧手脚还是发笨，自己活动不方便。医生：这段时间有没有一侧脸麻、手脚针刺感，听得见别人说话但理解慢，或者看门框、电视边缘时觉得少了一部分？患者：脸和手有麻木感，自己觉得头昏沉，刚发作时说过几句不连贯的话，后来才慢慢清楚些。医生：之前身体状况怎么样？有没有类似症状、慢性病、外伤史，或体检提示过异常？患者：血压一直偏高，药有时忘记吃，前几年体检说血管硬化。医生：您的家人中有没有人年轻或年老后出现过相似表现，或者被反复要求做头部、神经方面检查？患者：家里老人有过突然说不清话、走路偏斜的情况，其他亲属不太清楚。医生：最后问一下，近期有没有旅行、腹泻或感冒，是否接触特殊环境？平常作息和运动规律吗？患者：抽烟很多年，饭菜偏咸，运动少，最近睡得晚，昨天还喝了酒。
"医生：您好，请坐。先详细了解一下情况。您刚才提到2009年那会儿突然出现说话不清楚、左边手脚没力气，能跟我具体说说当时是怎么发生的吗？比如那之前有什么特别不舒服的感觉？

患者：就是那天早上起来觉得有点头晕，没太在意，照常去上班了。结果中午在外面走路的时候，突然一下子左边腿就不听使唤了，摔了一跤。想喊人，说话也含糊了，手也抬不起来。

医生：嗯，听您这么说，当时情况挺突然的。您摔倒之后有没有撞到头？人是一直清醒的吗？有没有恶心、想吐，或者看东西重影的情况？

患者：摔得不重，就是膝盖擦破点皮。人倒是清醒的，就是心里害怕。恶心倒没，就是头晕乎乎的，看东西倒是正常。

医生：明白了。您说第二天才去医院，这中间隔了大概多少个小时？这期间您说话含糊和手脚没劲的情况是越来越重，还是慢慢好一点了？

患者：差不多隔了快20个小时吧，因为当时以为是累着了，想着睡一觉就好。结果第二天早上起来还是那样，手还是没力气，脚也拐着，说话还是不利索，才赶紧去的医院。

医生：好的，这个时间点我记下了。那到了医院之后，医生除了给您吊水，当时有没有跟您交代过什么特别的情况？比如让您做检查，或者建议住院观察之类的？

患者：有说要我住院，还开了检查单，当时我也不太懂，反正就听医生安排了。吊了几天水，说话慢慢清楚了些，手和脚也恢复了一点，但没完全好利索。

医生：了解了。我们再说回您平时的身体情况。您刚才提到以前身体一直很健康，没有高血压、糖尿病、高血脂这些，那有没有过心脏方面的不舒服，比如心慌、心跳不规律，或者医生以前说您心脏有杂音的情况？

患者：心脏没觉得有什么毛病，就是偶尔累的时候会心慌一下，休息一会儿就好了，没当回事。

医生：平时抽烟、喝酒吗？工作性质是什么样的？那段时间有没有特别劳累、熬夜或者精神压力特别大的情况？

患者：抽烟，一天一包左右，酒喝得不多。那时候在广州上班，做销售的，压力确实大，经常熬夜，吃饭也不规律。

医生：您家里父母或者兄弟姐妹，有没有人得过中风、脑梗，或者心脏病、高血压的？

患者：我父亲血压高，前几年也是得过一次中风。母亲身体还行。兄弟姐妹里暂时没听说。

医生：好，这些情况很重要。我再确认一下，当时发病前后有没有发过烧、受过外伤，或者吃过什么特殊的药物、补品之类的东西？

患者：没有发烧，也没吃药。就是那段时间工作特别累，总感觉睡不够。","医生：哎，您好，我看您进门的时候起步有点犹豫，迈不开步子，今天是哪儿不太舒服啊？

患者：哎，大夫，我这脚现在就跟被施了定身法一样。每次我刚要迈步的时候，那脚就死活抬不起来，跟粘在地上似的，非得原地踏步好几下，才能勉强走出去。而且啊，我发现自己说话的声音也不对了，以前我嗓门挺大的，现在说话声越来越小，含含糊糊的，家里人老说听不清我在嘟囔啥。

医生：嗯，这种冻结步态和说话声音变小，确实很影响您的社交和生活。那我问问您啊，除了这些，您最近有没有被严重的便秘困扰？或者发现自己脸上的表情越来越少了，别人老觉得您在生气？

患者：哎哟，大便可真是个大麻烦，经常五六天才一次，每次都得上开塞露才行。我女儿也说我最近整天板着个脸，跟戴了个面具似的，其实我心里根本没生气，但就是笑不出来，脸不听使唤。

医生：好的，这些情况都是有关联的。那您回忆一下以前，年轻时头部有没有受过什么比较严重的创伤？或者有没有经常觉得头晕，被诊断过慢性脑缺血之类的？

患者：有，年轻那会儿在工地上干活，被掉下来的砖头砸过一次头，当时缝了好几针。这几年吧，确实老觉得头晕乎乎的，大夫说是脑供血不足。

医生：嗯，了解了。那再问问您家族里，您的长辈有没有人到了老年，出现过类似的动作迟缓、手脚发抖这种情况？

患者：我姥爷，他老了以后就是整天坐在那把太师椅上，手抖个不停，那时候农村医疗条件差，没带他去看过，到后来连饭都喂不进嘴里去了。

医生：那最后再了解一下您的生活环境。您以前有没有长期接触过农药？或者说，有没有长期喝那种没处理过的井水？

患者：有啊，我在老家大棚里种了十几年的菜，喷农药那是家常便饭，经常弄得满身都是农药味儿。那时候我们村里吃水，也都是自己打的深井水，没怎么处理过。",医生：您好，请坐，看您用手撑着下巴，今天是哪里觉得异常了？患者：大夫，我这下巴现在就像脱臼了一样，只要我一说话或者嚼东西，下巴就往下掉，根本合不拢嘴，只能用手托着。而且我发现我现在连皱眉头、闭眼睛这种简单的动作都做不好了，脸上就像贴了一层硬壳。到了下午，眼皮也耷拉下来，看东西还有两个影子。医生：下颌肌肉无力、面部表情僵硬、眼皮下垂加上复视，这组症状非常典型。除了脸部和眼睛的问题，您最近有没有觉得连呼吸都变浅了，稍微走快点就觉得气不够喘，胸口发闷？患者：有的有的。这几天我稍微多走两步路，就觉得喘不上气，像是有人掐着我的脖子一样，有时候夜里睡觉甚至会被憋醒，只能坐起来大口喘气。医生：呼吸肌受累是个很危险的信号，幸好您及时来了。回忆一下，您以前有没有查出过自身免疫性的疾病，比如红斑狼疮？或者拍片子发现胸前有个叫胸腺的器官长了瘤子？患者：三年前我做过胸部微创手术，切除过一个胸腺瘤，当时医生说切得很干净。红斑狼疮倒是没有。医生：胸腺瘤切除史是这里面最核心的线索。那您的直系亲属中，有没有人发生过严重的免疫系统疾病？患者：没有，家里人都没有得过这种奇奇怪怪的病。医生：了解。最后问问您平时的生活习惯，最近是不是为了什么事情极度疲劳？或者不小心得了什么严重的呼吸道感染？患者：最近为了筹备女儿的婚礼，我天天东奔西跑，忙得脚不沾地，累得精疲力尽。前两周我还得了一次严重的重感冒，咳嗽咳了半个多月，一直没好透。,医生：您好，您这次来看诊，主要是哪方面的问题？患者：医生您好，主要是突发意识恍惚伴一侧手脚不听使唤。刚开始是眼前发黑、头痛，没多久家人发现我嘴角有点歪，右侧腿迈不开步。医生：我明白了。请您再具体说说，当时最早出现的症状是什么，后来又有什么变化？患者：症状出现后没有马上完全好转，右侧手脚还是发笨，自己活动不方便。医生：我再问一些不太容易注意到的表现：有没有答非所问、性格突然烦躁或发呆，吞咽呛咳，或者大小便控制变差？患者：脸和手有麻木感，自己觉得头昏沉，刚发作时说过几句不连贯的话，后来才慢慢清楚些。医生：之前身体状况怎么样？有没有类似症状、慢性病、外伤史，或体检提示过异常？患者：以前跌倒磕过头但没留下明显问题，平时血压波动比较大。医生：家里直系亲属有没有发生过类似的肢体无力、抽搐、手抖、说话或走路异常等情况？患者：家里老人有过突然说不清话、走路偏斜的情况，其他亲属不太清楚。医生：平时生活习惯方面，是否经常久坐、熬夜、饮食偏咸偏油、饮酒吸烟？发作前有没有特别劳累或不适？患者：平时应酬多，饮酒较多，血压药有时漏服，最近赶项目连续熬夜。
"医生：您好，请坐。您说这一周感觉头晕、恶心，还吐了，能具体说说这个头晕是什么感觉吗？是感觉周围东西在转，还是自己走路发飘、站不稳？

患者：就是觉得脑袋昏昏沉沉的，倒不是天旋地转那种，但走路有点踩不实，像脚底下没根似的。

医生：明白了。那这种晕是一阵一阵的，还是持续一直晕？有什么情况会让它加重，比如一起身、一转头的时候？

患者：一阵一阵的，起身或者转头快了就厉害点，躺着不动能好一些。恶心的感觉也跟着一块儿来。

医生：嗯，那这一周里吐了几次？吐完之后头晕会稍微轻松一点吗？

患者：吐了有三四回吧，吐完当时能缓一小会儿，但过不了多久又开始晕、想吐。

医生：除了头晕恶心，有没有觉得看东西模糊、有重影，或者耳朵里嗡嗡响、听声音不对劲？

患者：看东西倒还清楚，就是有时候眼前突然发黑一下，几秒钟又好了。耳朵没有响。

医生：这个眼前发黑的情况，大概发生过几次？是两只眼睛一起发黑，还是一只眼睛？

患者：就这两三天，有过两三次，感觉是两只眼一起发黑，心里挺害怕的。

医生：理解您的担心。再问一下，您以前有没有高血压、糖尿病，或者血脂高的情况？平时抽烟喝酒吗？

患者：血压高有两三年了，平时吃着降压药，但有时候忙起来就忘。不抽烟，酒偶尔喝一点。

医生：好的。那最近有没有一侧手脚发麻、没力气，或者说话突然不利索、嘴角歪的情况？

患者：手脚倒没觉得麻，就是这两天觉得右手拿东西有点没准头，像拿筷子夹菜不太稳。

医生：这个情况要重视。您平时血压控制得怎么样，最近一次量血压大概是多少还记得吗？

患者：上个月社区体检量过一次，好像是一百五、九十几，说偏高，让我注意。具体数记不太清了。","医生：哎，您好，请坐请坐。看您一直用手撑着下巴，今天是觉得哪儿不对劲了？

患者：哎哟，大夫，我这下巴现在就跟脱了臼一样，只要我一说话，或者嚼点东西，这下巴就往下掉，根本合不拢嘴，只能这么用手托着。而且啊，我发现我现在连皱眉头、闭眼睛这种最简单的动作都做不好了，脸上就跟贴了一层硬壳似的，木木的。到了下午啊，这眼皮也耷拉下来，看东西还重影，一个东西变俩。

医生：嗯，下颌肌肉无力、面部表情僵硬、眼皮下垂还带着复视，这一组症状非常典型。那除了脸和眼睛的问题，您最近有没有觉得呼吸变浅了？就比如说，稍微走快一点，就觉得气不够喘，胸口发闷？

患者：有有有，有的！这几天我只要多走两步路，就觉得喘不上气来，就跟有人掐着我脖子一样，憋得慌。有时候晚上睡觉，睡到半夜甚至能被憋醒，只能赶紧坐起来，大口大口地喘气。

医生：呼吸肌受累，这个是很危险的信号，幸好您及时来了。那我问问您，以前有没有查出来过自身免疫性的疾病，比如说红斑狼疮？或者拍片子的时候，有没有发现胸前那个叫“胸腺”的器官长了瘤子？

患者：嗯……三年前吧，我做过一个胸部微创手术，切掉过一个胸腺瘤，当时医生说切得挺干净的，都拿掉了。红斑狼疮倒是没有。

医生：胸腺瘤切除史，这个是这里面最核心的线索了。那再问问您，直系亲属里头，有没有人得过那种严重的免疫系统疾病？

患者：没有，家里人都没得过这种奇奇怪怪的毛病。

医生：好的，了解了。那最后再问问您平时的生活习惯，最近是不是有什么事儿让您极度疲劳，或者不小心得了什么严重的呼吸道感染？

患者：哎，最近啊，为了筹备我女儿的婚礼，我天天东奔西跑的，忙得脚不沾地，累得精疲力尽。前两周我还得了一次特别严重的重感冒，咳嗽咳了半个多月，一直没好利索。",医生：您好，请坐，看您一直揉着胳膊，今天是哪里感觉不对劲？患者：医生，我是一名开长途大巴的司机。最近这大半个月我简直没法开车了。每天早上刚发车的时候我还游刃有余。可是一过了中午，我这握着方向盘的双手，就像挂了沙袋一样，酸痛无力，胳膊直往下掉。而且我发现我现在连皱眉头、闭眼睛这种简单的动作都做不好了，脸上就像贴了一层硬壳，面无表情的。医生：这种四肢近端无力伴随“晨轻暮重”的规律，还有面部表情肌肉的僵硬感，是非常有特征性的。除了这些，您最近有没有觉得一到下午眼皮就耷拉下来睁不开？或者看前面挡风玻璃外的时候，会觉得前方的路变成了两条？患者：有的！一到下午，我的右眼皮就沉得抬不起来，得经常用手去揉。而且看路的时候，真的偶尔会出现两个重叠的影子，我还以为是我开车太累眼花了，吓得我都不敢踩油门。医生：眼睑下垂和复视是极具诊断价值的症状。回忆一下过去，您以前有没有做过胸部CT，或者做过胸前的手术？有没有查出过甲状腺有问题？患者：五年前我查出来过胸腺瘤，当时在医院胸外科做微创手术切掉了，这些年一直恢复得挺好，我也没怎么复查。医生：胸腺瘤手术史是这里面最核心的线索。那您的父母或者兄弟姐妹里，有没有人得过严重的免疫系统疾病，比如红斑狼疮？患者：我亲姐姐前两年查出来有系统性红斑狼疮，现在一直在用激素治疗。医生：明白了。最后问问您近期的生活习惯，大巴司机的工作是不是经常十几个小时连轴转？最近有没有不小心得过什么重感冒？患者：干我们这行的，一天开十几个小时是常态，困了就抽烟提神。上个星期我被乘客传染了流感，发高烧烧了三天，吃了退烧药硬扛着去上班的，估计就是那时候落下的病根。,医生：您好，您这次来看诊，主要是哪方面的问题？患者：医生您好，主要是情绪激动后出现口齿不清和视物不清。3天前突然头胀痛得厉害，随后吐了一次，后来右侧手脚开始发麻，抬起来费劲。医生：请您描述一下发作或加重时的样子，包括持续时间、部位和对日常活动的影响。患者：起初我还想忍一忍，但家人看我反应慢、走路偏，就陪我来了。医生：这段时间有没有一侧脸麻、手脚针刺感，听得见别人说话但理解慢，或者看门框、电视边缘时觉得少了一部分？患者：有，右侧手别人碰我感觉没有另一边清楚，说话时脑子有点乱，家人说我刚开始反应比平时慢。医生：之前身体状况怎么样？有没有类似症状、慢性病、外伤史，或体检提示过异常？患者：有高血压和血脂偏高，最近一段时间监测不规律，没有做过头部血管方面的详细检查。医生：您的家人中有没有人年轻或年老后出现过相似表现，或者被反复要求做头部、神经方面检查？患者：家里老人有过突然说不清话、走路偏斜的情况，其他亲属不太清楚。医生：我还想了解生活和诱因：最近睡眠、压力、饮食、饮酒、吸烟、运动，以及外出或特殊接触情况如何？患者：平时不太运动，常喝浓茶，睡眠不规律，最近家里事情多，情绪紧张。
"医生：您好，请坐。您今天来是因为说话方面的问题对吗？能先跟我讲讲具体是怎么个不会说话法吗？是心里明白但嘴巴说不出来，还是连别人说话也听不太懂了？

患者：心里是明白的，就是想说的时候说不出来，急得不行。别人说话我倒是能听懂。

医生：这个情况是什么时候开始的？发生之前有没有觉得哪里不舒服，比如手脚发麻、头晕或者眼前发黑？

患者：就前几天突然这样的，之前有点头痛，没太当回事，第二天起来还是说不了话，才去的医院。

医生：那几天里，有没有伴随手脚没力气、走路不稳，或者喝水呛咳、嘴歪的情况？

患者：右边胳膊和腿有点没劲儿，走路稍微有点拖，别的倒不明显。

医生：以前有没有高血压、糖尿病、心脏病或者血脂高这类问题？平时作息和抽烟喝酒的情况怎么样？

患者：血压高有些年头了，一直在吃降压药，但有时候忙起来会忘。抽烟有二十来年了，酒喝得少。","医生：哎，您好您好，请坐。我看您脸色不太好啊，今天是怎么了，遇到什么突发状况了？

患者：哎，医生，我是一名舞蹈指导。这几天我简直要崩溃了。开始吧，就是脚趾头麻，我寻思是穿舞鞋磨的，没当回事儿。可紧接着，这小腿就开始没劲儿了。昨天我领着演员排练呢，腿突然一软，直接跪地上了。今天早上醒来更邪乎，那种没劲儿的感觉都窜到大腿了，我穿个衣服都费劲，抬不起腿来。

医生：嗯，这种对称性的、从下往上发展的肢体无力，还带着感觉异常，必须要高度重视。那我问您啊，除了这些，您最近有没有觉得眼睛闭不紧？或者……刷牙的时候有没有漏水的情况？

患者：有！嘴角漏水今天早上真有！我刷牙的时候，右边嘴角怎么都合不上，水就顺着流下来了。而且我想笑一下都笑不出来，脸不听使唤。

医生：嗯，面部肌肉无力，这个是很关键的信号。那您好好回忆一下，在出现脚麻之前的两周左右，有没有得过感冒、发烧什么的？或者……最近有没有接种过疫苗？

患者：嗯……有，大概十天前吧，我去打了流感疫苗，打完疫苗过了两天，我就得了一次感冒，到现在没好利索，一直有点不舒服。

医生：疫苗接种史和感冒史，这个非常有参考意义。那再问问您，您家里的亲属，有没有人有过这种突发的四肢瘫痪的情况？

患者：没有，家里人没听说有这毛病。

医生：好的，了解了。最后再了解一下您最近的生活状态，有没有因为什么事情，导致身体极度劳累、疲劳？

患者：哎……最近要赶晚会节目，我天天熬通宵改舞步，真的累得骨头都散架了，就没怎么睡过整觉。",医生：您好，看您一直用手撑着额头，今天是遇到了什么麻烦？患者：大夫，我是在写字楼片区送快递的。最近这一周，我每天早上刚到网点分拣包裹、扛箱子的时候，力气大得很。可是一过了下午两点，我这两只胳膊就像是被抽空了力气一样，连个一公斤的小件都拿不稳，手指头软绵绵的。而且一到下午，我的这两个眼皮就像是用胶水粘住了一样，死活睁不开，看快递单号都是模糊的。医生：这种典型的“早晨轻、傍晚重”，以及劳动后加剧的肌肉无力和眼睑下垂，不能当成普通的劳累。除了四肢无力，您最近有没有觉得看快递单上的条形码会出现重影？或者晚上吃饭的时候，嚼东西很费劲，喝汤容易呛？患者：太对了！昨天下午我看那单子上的条形码，全变成了两层重影，看得我直犯恶心。晚上在外面吃快餐，连吃口米饭都觉得咬不动，咽下去的时候还卡嗓子眼，喝口水呛得我差点背过气去。医生：复视和咀嚼吞咽困难是极其重要的伴随症状。您以前体检的时候，有没有大夫提过您胸前有肿块，或者是胸腺瘤？有没有查出过甲亢？患者：甲亢我没查过。不过前年公司组织体检拍胸片，大夫确实说我胸口那有个什么胸腺瘤，个头不大，建议我做手术切掉。但我怕休息影响扣绩效，就一直拖着。医生：这绝对是一个关键的既往史。您的家族长辈中，有没有人有过自身免疫系统疾病，比如红斑狼疮或者类风湿的？患者：我母亲有多年的风湿性关节炎，手指头都变形了。医生：了解。最后了解下您的生活状态，最近是不是送件量特别大，天天爬楼极度疲劳？发病前有没有感染过什么病毒，比如急性肠胃炎？患者：最近正赶上电商大促，我每天要在外面爬楼送十几个小时，热得浑身湿透，累得腰都直不起来。半个月前我还因为吃了不干净的凉皮得了急性肠胃炎，拉了三天肚子，硬扛着没休息。,医生：您好，您这次来看诊，主要是哪方面的问题？患者：医生您好，主要是突发意识恍惚伴一侧手脚不听使唤。刚开始是眼前发黑、头痛，没多久家人发现我嘴角有点歪，左侧腿迈不开步。医生：这些表现是突然出现还是逐渐加重？大概从什么时候开始，最明显影响到什么活动？患者：症状出现后没有马上完全好转，左侧手脚还是发笨，自己活动不方便。医生：这段时间有没有一侧脸麻、手脚针刺感，听得见别人说话但理解慢，或者看门框、电视边缘时觉得少了一部分？患者：有，左侧手别人碰我感觉没有另一边清楚，说话时脑子有点乱，家人说我刚开始反应比平时慢。目前没有发热，胸闷不明显，大小便还能控制。医生：接下来了解既往情况。您以前有没有类似发作或类似不适？平时有没有慢性病、住院史，或做过相关检查？患者：有高血压和血脂偏高，最近一段时间监测不规律，没有做过头部血管方面的详细检查。医生：家里直系亲属有没有发生过类似的肢体无力、抽搐、手抖、说话或走路异常等情况？患者：父亲年纪大时有过一次突然半边身子不能动，住过院，具体原因家里说不清。医生：最后问一下，近期有没有旅行、腹泻或感冒，是否接触特殊环境？平常作息和运动规律吗？患者：平时不太运动，常喝浓茶，睡眠不规律，最近家里事情多，情绪紧张。
"医生：您好，请坐。先详细了解一下您的情况。您今天来，是最近感觉哪里不舒服吗？

患者：医生，我前阵子突然就半边身子动不了，话也说不出来了。在镇上住了40天院，现在还是没劲儿，说话也费劲。

医生：这个情况确实让人担心。您说的“前阵子”，大概是多久以前？当时这个症状是一下子就出现的，还是慢慢加重的？

患者：大概两个多月前吧。那天早上起来，正准备下地，突然右边身子就使不上劲了，嘴也歪了，想喊人喊不出来，一下就摔地上了。

医生：发病很突然。当时有没有头晕、看东西转，或者恶心、呕吐？有没有觉得心慌、胸闷？人是一直清醒的吗？

患者：头倒没觉得晕，就是心里害怕。也没吐，就是急得不行，脑子是清楚的，就是说不出来。后来到了医院，做了检查，说是“脑梗死”。

医生：明白了。以前有没有高血压、糖尿病或者血脂高这些情况？平时量过血压吗？

患者：以前在村卫生室量过，说血压有点高，让少吃盐，没正经吃过药。血糖没查过。","医生：哎，您这是……朋友送过来的？路上出什么事儿了？

患者：哎哟，大夫！我刚才骑着电动车去买菜，右手正捏着刹车呢，突然那只手就跟抽了筋似的，一点劲儿都没了，整个软下来。车子直接就冲上马路牙子了，整个人摔那儿了。现在我这右半边身子全麻了，没知觉，嘴也歪了，说话都兜不住风。

医生：哎呦，骑车的时候突发单侧麻木无力，这太危险了。那我问问您啊，除了这些，这半个月里头，您有没有出现过那种……说话突然不利索、大舌头的情况？或者吃饭的时候，频繁地呛咳、呛着？

患者：嗯……上周吧，有那么一回，说话突然就结巴了，大概有个两分钟的样子，后来又好了。这几天喝水，就老呛着，水老往气管里跑。

医生：嗯，这些短暂的症状非常关键。那您以前有没有被确诊过糖尿病，或者高血压？还有啊，颈部血管有没有查出来过有狭窄？

患者：糖尿病，有，七八年了。颈部血管……做过超声，说是有狭窄，医生让我做手术，我害怕，没敢做。

医生：那再问问您家里，家族里头，有没有长辈得过偏瘫、中风，或者糖尿病相关的并发症？

患者：我妈也是糖尿病，最后就是脑部血管堵了，偏瘫在床上，起不来了。

医生：嗯，了解了。那您平时抽烟吗？吃东西上，是不是比较喜欢吃那种高糖的、甜的东西？

患者：烟……一天一包，戒不掉。吃上嘛，管不住嘴，就特别爱吃甜的，点心蛋糕啥的。",医生：您好，看您用手一直揉着脖子，今天是哪里感觉不对劲？患者：医生，我这脖子现在像断了一样，根本撑不住我的脑袋，特别是到了下午四五点钟，脑袋只能低垂着。我是个健身教练，平时举铁几十公斤不在话下，但最近这半个多月，我到了晚上带学员上课，连个十公斤的小哑铃都举不起来，双臂直发抖。但我只要睡个好觉，第二天早上起来又觉得力气回来了。医生：这种体力在一天之内的剧烈波动，加上颈部肌肉无力，是很有特征性的表现。除了这些，您最近有没有觉得看手机屏幕上的字会有重影？或者笑的时候觉得脸部肌肉僵硬，笑得很不自然？患者：重影非常明显！昨天晚上我看手机回信息，屏幕上的字全变成了双份的，看得我头晕眼花。脸部僵硬也有，我学员还问我最近是不是心情不好，笑起来皮笑肉不笑的，其实我是觉得脸上的肉不听使唤。医生：复视和面部表情肌无力也是典型的伴随症状。回忆一下过去，您以前有没有查出过甲状腺功能亢进（甲亢）？或者拍片子发现胸腺肥大？患者：我有桥本氏甲状腺炎，大夫说是自身免疫问题，偶尔会有些甲状腺功能的波动。胸腺倒是没去查过。医生：这个自身免疫性甲状腺疾病的病史很重要。您的家族亲属中，有没有人也有类风湿、红斑狼疮或者甲状腺疾病的？患者：我母亲和我小姨都有甲亢，她们一直都在吃药。医生：明白了。最后问问，您最近是不是为了备赛过度训练了？或者有没有服用过什么特殊的药物，得过感冒？患者：最近为了参加健美比赛，我每天在健身房超负荷训练八个小时，还严格断碳水，身体一直处于极度疲惫和极度饥饿的状态。上周还因为抵抗力下降得了一场重感冒。,医生：您好，请您从最开始的不舒服说起，哪里最明显？患者：医生您好，主要是清晨起床后半边身子发麻、使不上劲。刚开始是眼前发黑、头痛，没多久家人发现我嘴角有点歪，右侧腿迈不开步。医生：好的。这个情况持续了多久？中间有没有完全缓解，还是一直存在或越来越明显？患者：症状出现后没有马上完全好转，右侧手脚还是发笨，自己活动不方便。医生：我再问一些不太容易注意到的表现：有没有答非所问、性格突然烦躁或发呆，吞咽呛咳，或者大小便控制变差？患者：脸和手有麻木感，自己觉得头昏沉，刚发作时说过几句不连贯的话，后来才慢慢清楚些。这次没有明显外伤，发作前也没有感冒。医生：接下来了解既往情况。您以前有没有类似发作或类似不适？平时有没有慢性病、住院史，或做过相关检查？患者：以前跌倒磕过头但没留下明显问题，平时血压波动比较大。医生：您的家人中有没有人年轻或年老后出现过相似表现，或者被反复要求做头部、神经方面检查？患者：母亲有高血压，外公晚年有过类似突然昏倒后住院的经历。医生：最后问一下，近期有没有旅行、腹泻或感冒，是否接触特殊环境？平常作息和运动规律吗？患者：口味重，喜欢腌菜和肥肉，锻炼少，发作前一天搬了重物又情绪激动。
"医生：您好，请坐。看您进来走路有点不方便，先别着急，慢慢说，今天主要是哪里不舒服？

患者：医生，我左边胳膊和腿今天早上起来就动不了了，吓死我了。现在感觉一点劲儿都没有。

医生：别慌，我帮您仔细看看。您先告诉我，这种情况是今天早上几点发现的？是醒来就感觉完全不能动，还是有个慢慢变化的过程？

患者：就是早上大概六点多起床，一下床就摔了，发现左边身子没力气。不过中间有那么几分钟，好像又能动了，我还以为没事了，结果没一会儿又不行了，还开始头晕。

医生：好的，这个“能动了又不行”的情况很重要。您说的“能动了”是恢复到和平时差不多，还是只是稍微能抬一下？另外，头晕是天旋地转的感觉，还是昏昏沉沉、头重脚轻？

患者：就是差不多能抬起来，能扶着墙走两步，但也不是特别利索。头晕就是觉得脑子发蒙，走路发飘，看东西不转。","医生：哎，您这是……被交警送过来的？路上出什么事儿了？

患者：哎，医生，我刚才开车呢，等红灯，准备起步的时候，右手突然就完全僵住了，不听使唤了。右腿也是，跟木头似的，一点知觉都没。嘴也歪了，说话都漏风，说不清楚。

医生：哎哟，开车的时候突发偏侧无力和面瘫，这太危险了。那除了这些，您这几天啊，有没有觉得频繁的头晕？或者……有没有觉得吞咽东西有困难，不太顺畅？

患者：嗯……头晕，最近一到下午就昏昏沉沉的，脑袋发懵。吞东西嘛，总觉得嗓子眼那儿有东西堵着，有异物感，吃东西容易卡住，不大利索。

医生：好，那我问问，您以前有没有冠心病、房颤这类的心脏毛病？或者……高血脂有吗？

患者：有，冠心病好几年了。高血脂也有，吃着药呢……就是那个他汀，我老忘，经常想不起来吃。

医生：那再问问您，您的父母或者直系亲属里头，有没有人得过脑梗死，就是中风那种？

患者：我大舅，还有我父亲，都是突发心肌梗死走的……算吗？

医生：嗯，明白了。那您平时的工作性质，是不是经常久坐、不太活动？抽烟厉害吗？

患者：哎，我是开出租车的，一天坐下来，十几个小时在车上。烟嘛……一根接一根，戒不掉。",医生：您好，请坐，看您眼皮一直半眯着，今天是哪里感觉不对劲？患者：医生，我是个牙医，自己开了个小诊所。这阵子我的职业生涯都快毁了。每天早上给病人拔牙、补牙的时候，我手腕子很有劲。但到了下午，我举着电钻和口镜的双手就酸软得直发抖，胳膊直往下掉。我怕出医疗事故，现在下午都不敢接诊了。而且一到下午，我的右眼皮就沉得抬不起来，得经常用手指去撑开。医生：上肢抬举困难、眼睑下垂，而且是下午加重，这非常有特征性。除了这些，您最近有没有觉得晚上吃饭的时候嚼东西特别费劲？或者平时多走两步路就觉得气喘吁吁，胸口发闷？患者：嚼东西确实费劲！现在晚上吃饭，我根本不敢吃排骨，嚼个几下腮帮子就酸得像跑了八百米一样。喘气的问题也有点，有时候给病人讲注意事项，多说几句就觉得胸口压了块大石头，得深吸好几口气才能继续。医生：咀嚼无力和呼吸肌受累是个很危险的信号。回忆一下过去，您以前有没有查出过甲状腺功能亢进？或者拍片子发现胸腺肥大？患者：我有自身免疫性甲状腺炎，大夫说偶尔会有些功能波动。胸部CT两年前做过，大夫说前纵隔有些可疑的增生，没让我处理。医生：这个自身免疫性甲状腺疾病和胸腺异常的病史很重要。您的家族亲属中，有没有人也有类风湿、红斑狼疮的？患者：我母亲有很严重的类风湿关节炎，手脚都变形了。医生：明白了。最后问问，您最近是不是因为工作极度劳累？或者有没有不小心感染了什么病毒？患者：最近诊所生意特别好，我一天要看十几个号，一直低着头弯着腰，累得精疲力尽。前几天还被病人传染了重感冒，发烧烧了两天，估计就是累病了。,医生：您好，请您从最开始的不舒服说起，哪里最明显？患者：医生您好，主要是突发头痛、呕吐后走路不稳。刚开始是眼前发黑、头痛，没多久家人发现我嘴角有点歪，左侧腿迈不开步。医生：这些表现是突然出现还是逐渐加重？大概从什么时候开始，最明显影响到什么活动？患者：是比较突然出现的，3天前还基本正常，之后就一直没有完全恢复。医生：这段时间有没有一侧脸麻、手脚针刺感，听得见别人说话但理解慢，或者看门框、电视边缘时觉得少了一部分？患者：脸和手有麻木感，自己觉得头昏沉，刚发作时说过几句不连贯的话，后来才慢慢清楚些。医生：接下来了解既往情况。您以前有没有类似发作或类似不适？平时有没有慢性病、住院史，或做过相关检查？患者：有高血压和血脂偏高，最近一段时间监测不规律，没有做过头部血管方面的详细检查。医生：您的家人中有没有人年轻或年老后出现过相似表现，或者被反复要求做头部、神经方面检查？患者：家里老人有过突然说不清话、走路偏斜的情况，其他亲属不太清楚。医生：平时生活习惯方面，是否经常久坐、熬夜、饮食偏咸偏油、饮酒吸烟？发作前有没有特别劳累或不适？患者：平时应酬多，饮酒较多，血压药有时漏服，最近赶项目连续熬夜。
"医生：您好，请坐。今天第一次见您。先想了解一下，您最近感觉哪里不舒服，或者哪件事最让您担心？

患者：大夫您好。我前两天突然就犯病了，当时整个人往一边倒，嘴也歪了，还流口水，右手一点都动不了。吓坏家里人了。

医生：别着急，您慢慢说。这种情况发生多久了？当时是在做什么事情的时候突然出现的？大概持续了多长时间？

患者：差不多两个礼拜前吧，那天早上刚吃完饭，想起身去拿个东西，突然就觉得右边身子没劲儿，站都站不住，直往左边歪。手也抬不起来。后来家里人赶紧把我送医院了。

医生：您当时有没有觉得头晕、看东西转，或者头痛、恶心？有没有说话不清楚、听不懂别人说话，或者喝水呛着的情况？

患者：没觉得特别疼，就是晕乎乎的，说话有点大舌头，但还能听明白。水倒是没敢喝，怕呛。在医院住了两周，现在好多了，能自己走路，手也能动了。

医生：恢复得不错，这很关键。那您以前有没有过类似的情况，比如突然手脚麻木、没力气，或者说话不清楚，哪怕几分钟就过去了？

患者：从来没有过，这是头一回。我以前就是有哮喘，一变天就喘，还有类风湿，手指头、膝盖老是疼，长期吃着药呢。

医生：嗯，您提到的哮喘和类风湿，具体是哪些药？大概吃了多少年了？有没有吃过激素类的药？

患者：类风湿吃的是甲氨蝶呤，还有一个止痛的，名字记不清了。哮喘就吸那个气雾剂，有时候喘得厉害就吃点茶碱片。吃了得有小十年了。

医生：平时血压、血糖、血脂这些高不高？有没有查过？抽烟、喝酒吗？

患者：血压好像有点高，家里量过几次，有时候一百五六十，没当回事。血糖没查过。不抽烟，酒也基本不喝。","医生：哎，别紧张别紧张，慢慢说啊，今天怎么回事儿就赶紧跑医院来了？

患者：哎，医生，我、我是个大学生，今天在宿舍里嘛，玩那个……新出的VR虚拟现实游戏，就戴着头盔那种。那个游戏里啊，有那个特别强的爆闪灯光，一闪一闪的，特别晃眼。我戴着那个头盔看了一会儿，突然脑袋里就“嗡”的一下子，然后……然后就啥也不知道了。我室友跟我说的，说我直接从那个电竞椅上栽到地上了，四肢硬邦邦的，就在那儿抽，不停地抽……大概过了得有一分多钟吧，才停下来。

医生：嗯，这种强光频闪刺激下突发的全身抽搐，非常典型。那在你失去意识之前啊，除了觉得刺眼，有没有那种……就是一阵特别强烈的恶心想吐的感觉？发作完以后现在自己感觉怎么样？

患者：发作前……哎哟，确实觉得胃里头翻江倒海的，恶心，想吐，还觉得有点心慌。现在啊，现在就是头痛，跟要裂开似的，四肢肌肉酸疼得厉害，我连抬手拿手机的力气都没了。

医生：嗯，发作后的头痛和肌肉酸痛，这是常见现象。那我问问你啊，你以前大脑有没有受过外伤？比如说……出过车祸？或者小时候有没有发高烧烧得抽筋那种经历？

患者：嗯……我听我妈跟我讲过，说我小时候，一岁半那会儿吧，出幼儿急疹，高烧烧到四十度，当时整个人都烧得翻白眼了，还抽过去一回。

医生：哦，这个确实是个不可忽视的病史。那再问问，你们直系亲属里头，有没有人有过这种突发的抽搐，或者受不了闪光刺激那种毛病？

患者：我亲舅舅，他以前有过类似的情况。听说啊，就是去迪厅看见闪光，或者有时候受个惊吓，他就容易犯病。

医生：好，明白了。那最后再问问，你平时是不是经常熬夜玩游戏啊？发病之前，是不是处于那种特别累、极度劳累的状态？

患者：哎……马上期末了嘛，我连着通宵复习了两天，今天刚考完试，想着放松一下才去玩VR游戏的。确实是……累到极点了。",医生：您好，看您一直用手捏着后脖颈，今天是哪里感觉不舒服？患者：大夫，我是一名财务。最近这大半个月，我每天上午在电脑前敲键盘、做账都挺顺手的。可是只要一过了下午三点，我的两只手就像被抽了筋一样，连敲键盘的力气都没了，手指头软绵绵的。而且我觉得脑袋特别重，脖子后面的肌肉根本撑不住头，只能用手托着下巴或者低着头看屏幕。休息一晚上，第二天早上又好了。医生：这种上午好、下午加重的肌肉无力，以及颈部肌肉撑不住脑袋的情况，非常值得关注。除了手软和脖子没力气，您最近有没有觉得看电脑屏幕的时候字会变成双影？或者眼皮觉得特别沉，像要闭上一样？患者：太对了！昨天下午我看报表，Excel里的数字全变成了两层重影，看得我头晕恶心。眼皮也是，一到傍晚就耷拉下来，我得使劲往上挑眉毛才能睁开眼。医生：复视和眼睑下垂是极其重要的伴随症状。您以前有没有查出过甲状腺的毛病？或者体检拍胸片的时候，大夫有没有说过您的胸腺有肥大或者增生的情况？患者：甲状腺我没查过。不过前年公司体检，做胸部CT的大夫确实提了一句，说我前纵隔那里有点胸腺增生，让我定期复查。我当时没当回事。医生：这确实是个不可忽视的既往史。那您的家族里，比如父母或者亲兄弟姐妹，有没有人得过红斑狼疮、类风湿或者甲亢这类自身免疫性的疾病？患者：我母亲有多年的系统性红斑狼疮，一直在大医院看病吃药。医生：了解。最后问问您的生活细节，在出现这种无力感之前，您是不是经历了极度的疲劳？或者得过什么严重的感冒发烧？患者：最近正赶上税务严查和年底结账，我连着加了快一个月的班，天天熬到半夜。上上周还因为吹空调得了重感冒，发了三天低烧，身体一直很虚弱。,医生：您好，请您从最开始的不舒服说起，哪里最明显？患者：医生您好，主要是突然一侧肢体无力伴说话含糊。今天早上突然觉得右侧胳膊和腿没劲，拿杯子拿不稳，走路往一边偏，家里人说我说话含糊。医生：好的。这个情况持续了多久？中间有没有完全缓解，还是一直存在或越来越明显？患者：是比较突然出现的，半个月前还基本正常，之后就一直没有完全恢复。医生：这段时间有没有一侧脸麻、手脚针刺感，听得见别人说话但理解慢，或者看门框、电视边缘时觉得少了一部分？患者：脸和手有麻木感，自己觉得头昏沉，刚发作时说过几句不连贯的话，后来才慢慢清楚些。目前没有发热，胸闷不明显，大小便还能控制。医生：之前身体状况怎么样？有没有类似症状、慢性病、外伤史，或体检提示过异常？患者：血压一直偏高，药有时忘记吃，前几年体检说血管硬化。医生：家里直系亲属有没有发生过类似的肢体无力、抽搐、手抖、说话或走路异常等情况？患者：母亲有高血压，外公晚年有过类似突然昏倒后住院的经历。医生：平时生活习惯方面，是否经常久坐、熬夜、饮食偏咸偏油、饮酒吸烟？发作前有没有特别劳累或不适？患者：平时不太运动，常喝浓茶，睡眠不规律，最近家里事情多，情绪紧张。
"医生：您好。您今天是替您父亲来咨询情况的，对吗？先别着急，慢慢跟我说说，他最开始出现不舒服是什么时候的事？

患者：大概两个月前吧，那天早上起来他突然说左边身子发麻，说话也含含糊糊的，我们吓坏了就赶紧送医院了。

医生：当时他有没有说头疼、头晕，或者看东西不清楚、走路往一边歪的情况？

患者：头晕好像有一点，走路是有点不稳当，看东西他倒没说有什么问题。

医生：明白了。那他现在说话基本清楚了，走路也还行，就是左手抬不太起来，是这个意思吗？左手的力量和之前比，最近有没有感觉在慢慢变好？

患者：对，说话好多了，走路慢点但能自己走。就是左手一直没什么劲儿，最多能抬到胸口那么高，他自己也挺着急的。

医生：这种心情很正常，恢复确实需要时间。我多问一句，您父亲以前有没有高血压、糖尿病或者心脏方面的问题？平时抽烟喝酒吗？

患者：血压高好几年了，一直在吃降压药，血糖没听他说高过。烟以前抽，这两年抽得少了，酒偶尔喝一点。

医生：那这次生病之后，降压药还是照常吃的吧？平时有没有定期量血压的习惯？

患者：还吃着呢，每天量，差不多在140左右，有时候高一点。","医生：哎，您好，请坐。今天主要是想看看哪儿不舒服？

患者：大夫，我跟您说，就刚才在家打麻将呢，等别人出牌的空档，我这左边胳膊就跟中了邪似的，自己就开始抖，我想按都按不住。但奇怪的是，我一伸手去摸牌，它立马就稳了。还有我这左腿，也特别僵，硬邦邦的，跟根木棍子一样。

医生：嗯，不干活的时候抖，一干活反而不抖，还带着僵硬感，这个情况咱们得重视。除了这些，最近有没有被便秘给折腾？或者觉得鼻子不灵，闻不着味儿了？

患者：哎哟，大便可是个大麻烦，经常五六天才拉一次，不用开塞露根本不行。鼻子也坏了，昨天家里熬醋，我愣是一点酸味都没闻着。

医生：嗯，这些不起眼的小症状其实很有用。那我问问您，以前有没有得过脑炎？或者一直有脑供血不足的毛病？

患者：脑炎倒是没得过。但脑供血不足是老毛病了，经常头晕眼花的，眼前发黑。

医生：好。那家里的老人，比如您父亲那边，有没有人到了晚年走路变成小碎步，或者老是往前倾、往前摔倒的？

患者：有！我父亲活着的时候，最后那几年走路就是小碎步，蹭蹭蹭的，还老往前冲，摔过好几次呢。

医生：行，我心里有数了。最后问一下，您以前是不是在农田里干过长期活儿，接触过大量农药？

患者：干过十几年果农呢，打农药那是家常便饭，那时候没啥防护意识，光着膀子就喷。",医生：您好，请坐，看您脸色苍白，今天是遇到了什么身体上的麻烦？患者：医生，我是个裁缝，平时都在店里给人改衣服。每天早上穿针引线、踩缝纫机都眼明手快的。可是一过了中午，我这两只手就开始不听使唤，捏着针的手指头发软直哆嗦，胳膊也酸得抬不起来。昨天下午我连个裤脚的线头都剪不断，剪刀直接掉在地上。医生：这种四肢近端和远端的波动性无力，特别是下午加重，是非常有特征性的。除了胳膊和手指没力气，您最近有没有觉得看衣服花纹的时候会出现双影？或者晚上跟客人说话的时候，声音越来越小，带着很重的鼻音？患者：重影非常明显！昨天下午我看着那块条纹布，硬生生看成了双层，眼皮也耷拉着睁不开，只能使劲挑着眉毛。声音也是，到了傍晚跟客人解释几句，嗓子就像漏气一样，翁声瓮气的。医生：复视、眼睑下垂和发音带鼻音是极其典型的延髓肌和眼肌受累症状。回忆一下，您以前有没有查出过甲状腺的毛病？或者拍胸片发现胸前有个叫胸腺的器官有增生？患者：我前年查出来有轻度甲亢，吃了一段时间药控制住了。胸部CT去年做过，大夫说前纵隔有些可疑的增生阴影，建议随访。医生：甲亢和胸腺异常的病史都很重要。那您的直系亲属中，有没有人发生过严重的免疫系统疾病，比如甲状腺炎或者红斑狼疮？患者：我亲姐姐前几年查出来患有桥本氏甲状腺炎，一直在吃药。医生：明白了。最后问问您平时的生活习惯，最近是不是为了赶制衣服极度熬夜疲劳？或者不小心得了什么严重的呼吸道感染？患者：最近换季，来店里做衣服的人特别多，我连着熬了半个月到凌晨一两点。上周还被传染了流感，发烧咳嗽了好几天，身体一直很虚。,医生：您好，请您从最开始的不舒服说起，哪里最明显？患者：医生您好，主要是情绪激动后出现口齿不清和视物不清。昨晚情绪比较激动，后来出现说话不连贯，看东西有一块不清楚，右侧身体也不太听使唤。医生：我明白了。请您再具体说说，当时最早出现的症状是什么，后来又有什么变化？患者：起初我还想忍一忍，但家人看我反应慢、走路偏，就陪我来了。医生：这段时间有没有一侧脸麻、手脚针刺感，听得见别人说话但理解慢，或者看门框、电视边缘时觉得少了一部分？患者：有，右侧手别人碰我感觉没有另一边清楚，说话时脑子有点乱，家人说我刚开始反应比平时慢。这次没有明显外伤，发作前也没有感冒。医生：接下来了解既往情况。您以前有没有类似发作或类似不适？平时有没有慢性病、住院史，或做过相关检查？患者：血压一直偏高，药有时忘记吃，前几年体检说血管硬化。医生：您的家人中有没有人年轻或年老后出现过相似表现，或者被反复要求做头部、神经方面检查？患者：家里老人有过突然说不清话、走路偏斜的情况，其他亲属不太清楚。医生：平时生活习惯方面，是否经常久坐、熬夜、饮食偏咸偏油、饮酒吸烟？发作前有没有特别劳累或不适？患者：抽烟很多年，饭菜偏咸，运动少，最近睡得晚，昨天还喝了酒。
"医生：您好，请坐。想先仔细了解一下您最近身体有哪些不舒服。您能具体说说，是哪儿觉得不对劲吗？

患者：大夫，我最近这右边胳膊和腿特别不得劲，胳膊发硬，腿也沉得抬不起来，走路都拖地。还有就是这右手，老是控制不住地抖。

医生：嗯，我听到了。您说的这些情况大概出现多久了？是突然一下就变成这样，还是一点一点慢慢加重的？

患者：估摸着得有三四个月了吧。一开始就是右手稍微有点抖，没当回事，后来越来越明显，胳膊也开始发僵，现在腿也跟着不利索了。

医生：明白了，是慢慢在发展。您说的“胳膊发硬”，是感觉像关节生锈了活动不开，还是肉摸着就硬邦邦的？这种僵硬在休息的时候和活动活动之后，有变化吗？

患者：就是活动起来费劲，像有根筋拽着似的，想伸伸胳膊、转个手腕都慢半拍。早上刚起来那会儿最明显，活动开了能稍微好点，但还是不灵活。

医生：好的，这个细节很重要。那您说的“流口水”又是怎么回事呢？是晚上睡觉时发现枕头湿了，还是白天坐着也会不自觉地流出来？

患者：白天也会，尤其是低头或者注意力一集中的时候，就感觉口水控制不住，得老拿纸擦。以前从都没，挺难为情的。

医生：别担心，咱们慢慢找原因。除了胳膊腿和流口水，您有没有觉得写字越写越小，或者系扣子、用筷子这些精细活儿比以前笨了？

患者：对对，您一说我想起来了，现在写字确实没以前利索，字也小了一圈。系扣子得弄半天，右手抖得厉害时，拿杯子喝水都怕洒了。

医生：这些情况确实会影响日常生活。那您最近走路时，有没有觉得身体往前冲、刹不住脚，或者转身比之前困难，容易站不稳？

患者：转身是有点慢，得小步小步地挪。有时候走路感觉人往前倾，但还没到刹不住那么严重。就是腿抬不起来，脚底像粘在地上一样。

医生：好的，您描述得很清楚。再问一下，您最近有没有感觉身上哪里疼，或者睡觉特别不踏实、做梦多、大喊大叫的情况？

患者：疼倒不明显，就是右边肩膀和胳膊有时候酸胀。睡觉还行，但老伴说我最近晚上睡觉偶尔会挥胳膊，跟梦里打架似的，以前不这样。

医生：嗯，这些信息都很有用。您自己觉得除了这些，有没有嗅觉变差，或者便秘比以前更严重了？

患者：哎？您怎么知道？我确实这两年鼻子不太灵，闻饭菜香味都淡了。便秘是老毛病了，但最近这半年更明显，三四天才解一次大手。","医生：哎，您好，我看您是被家属搀着进来的，今天这是怎么了？出什么事了？

患者：哎哟，大夫，刚才我在KTV跟朋友唱歌呢，飙高音的时候憋了一大口气，突然脑袋里“嗡”地一声，跟炸了似的，左边半个身子全麻了，胳膊腿都不听使唤了，麦克风啪嗒就掉地上了！

医生：嗯，憋着气唱高音，突然头疼还半身麻木，这个咱们得特别警惕。这两天有没有觉得看东西一边发黑，像被帘子挡着似的？或者脾气是不是特别急躁，压不住火？

患者：有！昨天我就觉得眼角那边黑乎乎的一片，看东西不太清楚。脾气也确实差，刚才在KTV就因为切歌的事跟朋友拌了几句嘴，心里头蹭蹭冒火。

医生：好。那您以前查出来过高血压没有？或者体检的时候，大夫有没有提过脑部有什么淀粉样血管病之类的？

患者：高血压有好几年了，吃药也不太规律。上次体检，大夫好像提过一嘴，说脑部有什么淀粉样血管病变，我当时没太当回事。

医生：嗯，那家里的长辈，比如您父亲母亲，有没有人得过偏瘫或者脑溢血？

患者：我父亲……他就是突发脑溢血走的，那时候我还年轻。

医生：我明白了，这个情况很重要。最后问一下，您平时吃饭是不是口味偏重，爱吃咸的？刚才唱高音那一下，是不是憋得满脸通红、青筋都暴起来了？

患者：对对对，我就爱吃咸腊肉、咸菜，口味重。刚才飙那个高音，真是把吃奶的劲儿都使出来了，憋得满脸通红，感觉脑袋都快裂开了。",医生：您好，看您衣服上还有些涂料，喘气这么厉害，今天主要是哪里不舒服？患者：大夫，我是做室内装修刷墙的。我每天早上六七点钟刚开工的时候，拿滚筒刷天花板一点也不觉得累。可是一过了下午两点，我这两只手就像是不属于我了一样，根本举不过头顶，两条腿在脚手架上也直打颤。包工头还以为我偷懒，但我真的是使不出一丁点力气。医生：这种早晨力气足、晚上体力完全不支的波动性无力感需要高度警惕。除了手脚没力气，您在下午刷墙的时候，有没有觉得看墙面的线条会变成两个影子？或者晚上吃盒饭的时候，觉得肉根本嚼不烂咽不下去？患者：重影真的有！昨天傍晚我刷漆，看着那条踢脚线都变成了双份的，吓得我赶紧从架子上下来揉眼睛。吃晚饭更是受罪，嚼个两三口盒饭里的硬肉，腮帮子就酸得动弹不得，咽下去的时候还卡在嗓子眼。医生：复视以及咀嚼、吞咽困难，这些伴随症状非常典型。回忆一下，您以前有没有做过胸部CT，大夫有没有说过您有胸腺增生或者肿瘤？有没有查出过甲亢？患者：甲状腺我没查过。不过去年因为常年吸粉尘去拍过一次CT，大夫说我胸口这有个胸腺瘤，个头不大，建议我做手术切掉。但我天天干活挣钱，哪有时间住院啊。医生：这绝对是一个非常关键的病史。您的家族里，比如父母，有没有人得过自身免疫性的疾病，比如红斑狼疮或者甲亢？患者：我母亲有甲亢，一直在吃药控制。医生：了解了。最后了解一下您最近的生活状态，是不是在闷热的房间里干活极度缺乏休息？发病前有没有生过什么大病？患者：最近正值酷暑，装修的房子里又闷又热，我每天要在里面干十几个小时。上个月我还得了化脓性扁桃体炎，打了好几天吊瓶，身体亏空得很厉害。,医生：您好，我先了解一下，最让您担心的症状是什么？患者：医生您好，主要是突然一侧肢体无力伴说话含糊。今天早上突然觉得左侧胳膊和腿没劲，拿杯子拿不稳，走路往一边偏，家里人说我说话含糊。医生：这些表现是突然出现还是逐渐加重？大概从什么时候开始，最明显影响到什么活动？患者：起初我还想忍一忍，但家人看我反应慢、走路偏，就陪我来了。医生：我再问一些不太容易注意到的表现：有没有答非所问、性格突然烦躁或发呆，吞咽呛咳，或者大小便控制变差？患者：我确实有点发呆，别人问我问题要想一会儿，喝水偶尔会呛一下，看东西右边像不太完整。这次没有明显外伤，发作前也没有感冒。医生：之前身体状况怎么样？有没有类似症状、慢性病、外伤史，或体检提示过异常？患者：以前没有这样发作过，但有高血压多年，偶尔头晕，没系统检查过脑血管。医生：从家族史方面看，家里有没有人有类似发作，或者长期的神经系统、肌肉无力、脑血管方面问题？患者：母亲有高血压，外公晚年有过类似突然昏倒后住院的经历。医生：最后了解一下生活习惯。您平时作息、饮食、运动、吸烟饮酒情况怎么样？最近有没有劳累、熬夜、感染或情绪波动？患者：平时应酬多，饮酒较多，血压药有时漏服，最近赶项目连续熬夜。
"医生：您好，请坐。我是您的接诊医生，今天咱们先详细聊聊您的情况。您刚才提到这两年头晕越来越重，能具体跟我说说，这个“头晕”一般在什么时候容易出现？比如是从坐着或躺着突然站起来的时候，还是一直都晕乎乎的？

患者：对，就是躺着或者坐久了，一站起来那一下，眼前发黑，脚底下跟踩棉花似的，得扶着东西缓个十几秒。以前也就偶尔一下，现在一天得有好几次，早上起来上厕所那会儿最厉害。

医生：听您这么描述，确实很像是体位变化引起的。那我再问一下，除了头晕、眼前发黑，站起来那一瞬间有没有觉得心慌、出汗，或者有没有真正摔倒过？

患者：心慌倒还好，就是腿软。摔倒过，上个月在厨房做完饭起来端锅，一下就坐地上了，把家里人吓得够呛。所以现在干什么都慢悠悠的，心里也害怕。

医生：摔倒了还是要特别小心。另外您提到，感觉晚上睡觉血压会高，早上起来反而低，这个感觉是怎么来的？是家里自己量血压发现的，还是主要是根据头晕的时间感觉的？

患者：家里有血压计，有时候晚上睡前量就一百五六，早上起来坐床边量就一百零几。白天站着量更低，高压都不到九十。我父亲就是高血压，我本来也吃降压药，现在都不敢吃了。

医生：这个情况确实需要仔细评估，自己先别随便停或调整药物。咱们再往回捋一捋，您除了头晕和血压波动，近一两年有没有觉得身上发僵、动作变慢，比如走路步子迈不开、手或者腿不受控制地抖？

患者：有啊，右手抖了有一年多了，现在端碗拿筷子都费劲。走路也慢，家里人说我走路脚拖着地，身子往前倾。晚上翻身也困难，自己觉得使不上劲。

医生：这些信息很重要。我再问一下，您睡觉时有没有做梦特别多、大喊大叫或者拳打脚踢的情况？还有，嗅觉怎么样，闻东西还灵不灵？便秘严重吗？

患者：睡觉不安稳，做梦多，有时候还说梦话，老伴说我睡觉不老实，手挥来挥去的。闻东西是差多了，饭菜香不香不太闻得出来。便秘是老毛病了，三四天一次，得用开塞露。

医生：好的，您说的这些我都记下来了。最后再确认一下家族里的情况：除了您父亲有高血压，家里其他长辈有没有类似手抖、走路慢或者被诊断过帕金森病的？

患者：我父亲没有手抖，但他前几年走路也慢，我们都以为是老了。我大伯，也就是我父亲的哥哥，听说晚年也是手脚抖。","医生：哎，您好，我看您满头大汗的，脸色也特别疲惫，今天这是突然怎么了，跑来急诊？

患者：哎哟，大夫，我今天在公司可真是丢大人了！我本来坐工位上写代码呢，我同事后来说，我突然腾一下就站起来了，俩眼直勾勾的，嘴里头吧嗒吧嗒不停地砸吧嘴，手还一直揪着衣角搓来搓去。他们怎么喊我我都没反应，然后就跟个游魂似的自己走出办公室了，在走廊里转了两大圈。等我猛地一下清醒过来，发现自己站在洗手间门口，刚才那几分钟发生了什么，我脑子里一片空白，啥都不知道！

医生：嗯，自己不知道，还到处走，嘴里有动作，这个情况我们得好好查。在您彻底断片之前那几秒钟，有没有觉得眼前的事儿特别熟悉，就跟在梦里见过一模一样似的？或者现在清醒了，脑子是不是昏昏沉沉的，跟灌了铅一样重？

患者：哎呀，您说得太准了！发作前那一瞬间，我确实有一种强烈的“似曾相识”的感觉，特别邪乎，就是明明没经历过，但就觉得在哪见过。现在清醒了，脑袋也疼得厉害，浑身一点劲儿都没，我就想找个地儿倒头睡一觉。

医生：嗯，那种似曾相识感和事后的极度疲劳，这些都是很重要的线索。那我问问您小时候的事，大脑有没有受过比较重的撞击？或者得过脑膜炎这类脑袋里的感染？

患者：感染倒没有。不过我大概十岁的时候，从老家平房顶上摔下来过，脑袋磕在石头上，当时就昏迷了半天，医生说是什么脑挫裂伤，还住了半个月院呢。

医生：哦，那确实是不可忽视的。那您家里，父母或者兄弟姐妹，有没有人也出现过这种突然愣神、做怪动作，或者不明原因晕倒的情况？

患者：我亲舅舅以前就有过！他年轻那会儿，有时候正吃着饭呢，突然就俩眼发直，筷子掉地上都不知道，家里人都以为他是受了啥刺激。

医生：好，我记下来了。最后再问问您最近的生活，是不是工作压力特别大，老熬夜，或者喝很多咖啡？

患者：唉，最近公司裁员，我为了保住饭碗，天天主动加班到凌晨两三点。一天得灌四大杯浓美式咖啡才能撑住，神经一直绷着，根本就没睡过一个安稳觉。",医生：您好，看您脸色苍白，今天主要是怎么个情况让您赶紧来急诊的？患者：医生，我今天在公交车上差点出事。我当时抓着高处的扶手站着，突然觉得两条胳膊一阵酸软，根本抓不住扶手了。而且双腿的膝盖也直打软，随着车一晃，我直接摔倒在车厢里了。别人把我扶起来坐下，我休息了大概二十分钟，才觉得手脚勉强又有了一点点力气。这已经是我这个月第三次出现这种奇怪的脱力了。医生：这种突发的四肢无力，休息后能部分缓解的现象，非常关键。除了手脚没力气，您最近有没有觉得晚上吃饭的时候，吃那种稍微硬一点的肉，根本嚼不烂，腮帮子酸得不行？或者喝水容易呛咳？患者：太对了！昨天我吃一块排骨，嚼了几下腮帮子就酸痛得动弹不得，最后只能吐出来。喝水也是，最近老是觉得喉咙那块的肌肉不协调，喝急了就剧烈呛咳，眼泪都呛出来了。医生：咀嚼无力和吞咽呛咳是很重要的隐性症状。您以前有没有被确诊过甲亢？或者拍胸片的时候，大夫有没有提过胸腺肥大？患者：我有甲亢好几年了，现在还在吃赛治控制。胸片的话，去年体检大夫说胸腺影有点大，建议做个增强CT，我没去。医生：好的，甲亢和胸腺异常的病史都很重要。您的家族里，比如父母长辈，有没有人也有甲状腺疾病或者类风湿的？患者：我母亲就是甲亢，我外婆以前有很严重的风湿性关节炎。医生：明白了。最后问问您的生活细节，您最近是不是工作特别繁重，或者刚经历了一次严重的感冒发烧？患者：最近天天在工地上风吹日晒，干的都是重体力活，每天回到家累得倒头就睡。前几天还淋了场大雨，发了几天低烧，我都自己扛过去了。,医生：您好，我先了解一下，最让您担心的症状是什么？患者：医生您好，主要是清晨起床后半边身子发麻、使不上劲。今天早上突然觉得左侧胳膊和腿没劲，拿杯子拿不稳，走路往一边偏，家里人说我说话含糊。医生：好的。这个情况持续了多久？中间有没有完全缓解，还是一直存在或越来越明显？患者：当时来得很急，家人发现我说话、走路都和平时不一样，到现在仍然有影响。医生：这段时间有没有一侧脸麻、手脚针刺感，听得见别人说话但理解慢，或者看门框、电视边缘时觉得少了一部分？患者：有，左侧手别人碰我感觉没有另一边清楚，说话时脑子有点乱，家人说我刚开始反应比平时慢。这次没有明显外伤，发作前也没有感冒。医生：接下来了解既往情况。您以前有没有类似发作或类似不适？平时有没有慢性病、住院史，或做过相关检查？患者：以前跌倒磕过头但没留下明显问题，平时血压波动比较大。医生：从家族史方面看，家里有没有人有类似发作，或者长期的神经系统、肌肉无力、脑血管方面问题？患者：父亲年纪大时有过一次突然半边身子不能动，住过院，具体原因家里说不清。医生：最后了解一下生活习惯。您平时作息、饮食、运动、吸烟饮酒情况怎么样？最近有没有劳累、熬夜、感染或情绪波动？患者：平时不太运动，常喝浓茶，睡眠不规律，最近家里事情多，情绪紧张。
"医生：您好，请坐。想先详细了解一下您不舒服的情况。您最近感觉哪里最让您困扰？

患者：大夫，我最近动作特别慢，走路也迈不开步子，身上硬邦邦的，腰也老疼，还总想跑厕所。

医生：别着急，咱们一个一个说。您提到动作慢、身上发硬，这种情况大概从什么时候开始的？是两边都一样，还是哪一边更明显？

患者：得有小半年了吧。右边胳膊腿更明显，穿衣服扣扣子都费劲。走路的时候脚像粘在地上一样，老想往前冲。

医生：嗯，您说的这些情况平时休息或情绪紧张时会不会有变化？另外，走路有没有觉得腿发软、没力气，或者走着走着突然迈不开步子的感觉？

患者：一着急就更迈不开腿。早上刚起来那会儿能松快点，越到下午越没劲。腿倒不是软，就是僵，跟不是自己的一样。

医生：明白了。那您说的尿频，大概一天要去多少次厕所？晚上要起来几次？尿的时候有没有疼或者觉得尿不干净？

患者：白天得去个七八趟，晚上起夜三四次。尿的时候不疼，就是刚尿完没一会儿又想去，挺烦人的。

医生：好的。腰疼的位置大概在哪儿？是一直疼，还是动的时候、弯腰或者翻身时更明显？最近有没有摔倒或扭伤过？

患者：就是后腰两边，酸胀的疼。走路多了或者站久了更明显，歇会儿能好点。没摔过，也没扭着。

医生：再跟您确认一下，您说血压之前量过160/100，吃了药之后140/90，这个药吃了多长时间了？平时自己在家量血压吗？有没有过头晕、心慌的情况？

患者：降压药吃了两年多了。平时在家也量，早上晚上都量。偶尔会有点头晕，特别是刚站起来的时候。

医生：家里长辈比如父母、兄弟姐妹，有没有人得过类似的病，比如手抖、动作变慢、走路不稳，或者高血压、糖尿病这些？

患者：我妈晚年手就有点抖，但也没去医院看过。高血压倒是家里好几个都有。

医生：好的。您最近吃饭、睡觉怎么样？体重有没有明显变化？平时工作是体力活儿多，还是经常坐着不动？

患者：吃饭还行，就是嚼东西感觉比以前费劲。睡觉老翻身，因为身上僵得难受。体重掉了三五斤吧。我以前是厂子里干活的，这些年基本不怎么动了。

医生：最后一个问题，您有没有觉得情绪上有什么变化，比如特别容易紧张、高兴不起来，或者记忆力比以前差？

患者：就是容易烦，记性也不太行，老忘事。","医生：哎，您好，我看您是被朋友背进来的，腿一点都站不住了，今天这是怎么回事啊？

患者：大夫，我是开长途客车的。四天前我正开着车呢，就觉着踩刹车油门那脚底板发木，没感觉。到了前天，小腿肚子开始发软，走路直打晃。今天早上我本来要出车，结果两条腿彻底废了，一点知觉和力气都没有了。不光腿，我伸手去抓方向盘，俩手也是软绵绵的，方向盘都握不住。

医生：嗯，两条腿没劲儿，慢慢往上发展到手，这个情况非常危险。除了手脚的问题，您自己用手按按大腿、小腿的肉，疼不疼？这两天有没有觉得喘气费劲，气不够用的？

患者：哎哟，疼！这肉酸疼酸疼的，一按下去钻心疼。喘气也费劲，我现在跟您多说几句话就得停下来喘几口，总觉得胸口闷，气提不上来。

医生：肌肉一按就疼，加上呼吸也受影响，这些都是很典型的信号。那我问问您，大概一两周前，有没有拉过肚子或者感冒发烧？

患者：有！十二天前，在高速服务区我吃了一碗凉皮和一份熏鸡，当天晚上就开始上吐下泻，拉出来的全是水，人都拉虚脱了。

医生：嗯，这个拉肚子的历史很重要。那您的家里人，比如爸妈、兄弟姐妹，有没有人得过这种突然之间腿脚不能动的情况？

患者：没有没有，我家人都挺皮实的，从来没听说过谁瘫痪过。

医生：行，我大致有数了。最后再问一句，那天吃的那份熏鸡，您感觉肉新不新鲜？有没有觉得没熟透？

患者：哎，那天开了一天车太饿了，没仔细看就吃了。现在回想起来，那鸡肉颜色确实有点发粉，骨头缝里还带着血丝呢。",医生：您好，看您是由女儿扶着进来的，连坐下来都显得很吃力，今天主要是哪里感觉不对劲？患者：医生，我是个全职家庭主妇。最近这大半个月，我这身体简直让我没法照顾家里了。每天早上起来去菜市场买菜、做早饭都好好的。可是一到下午准备做晚饭的时候，我拿个锅铲都觉得有千斤重，切菜切到一半手就酸软得直发抖，胳膊根本抬不起来。而且我现在连爬自己家三楼的楼梯，都得扒着扶手歇好几趟，两条腿软绵绵的。医生：这种下午加重的四肢无力，确实给您的生活带来了极大的困难。除了手脚没力气，您最近有没有觉得吃饭的时候吞咽特别困难？或者跟家里人说话的时候，声音变得很虚、很嘶哑，还带着鼻音？患者：全中！我现在每天吃晚饭都不敢吃硬的，只能喝点稀饭。稍微喝快一点，水就直接呛到气管里，咳得我眼泪直流。说话也是，到了晚上跟老伴交代点事，声音就像漏风一样，不仅小，还带着浓浓的鼻音，咽口水也卡卡的。医生：吞咽困难、呛咳和发音带鼻音是非常关键的延髓肌受累症状。回忆一下，您以前有没有做过胸前的手术，比如切除过胸腺瘤？或者查出过甲亢？患者：五年前我查出来过胸腺瘤，当时在医院胸外科做微创手术切掉了，这些年一直恢复得挺好，我也没怎么去复查过。甲亢倒是没有。医生：胸腺瘤手术史是这里面最核心的线索。那您的父母或者兄弟姐妹里，有没有人得过严重的免疫系统疾病，比如红斑狼疮或者类风湿？患者：我亲姐姐前两年查出来有系统性红斑狼疮，现在一直在用激素治疗。医生：明白了。最后问问您的生活细节，在出现这种严重的无力感之前，您是不是因为照顾家里老人极度疲劳？或者得过什么严重的感冒发烧？患者：最近我婆婆生病住院，我白天要在医院陪床，晚上回家还要给一家老小做饭洗衣服，连轴转了快一个月，累得精疲力尽。上上周还在医院被传染了重感冒，发了三天烧，身体一直很虚弱。,医生：您好，今天主要因为什么不舒服来就诊？患者：医生您好，主要是情绪激动后出现口齿不清和视物不清。刚开始是眼前发黑、头痛，没多久家人发现我嘴角有点歪，右侧腿迈不开步。医生：这些表现是突然出现还是逐渐加重？大概从什么时候开始，最明显影响到什么活动？患者：症状出现后没有马上完全好转，右侧手脚还是发笨，自己活动不方便。医生：我再问一些不太容易注意到的表现：有没有答非所问、性格突然烦躁或发呆，吞咽呛咳，或者大小便控制变差？患者：脸和手有麻木感，自己觉得头昏沉，刚发作时说过几句不连贯的话，后来才慢慢清楚些。医生：接下来了解既往情况。您以前有没有类似发作或类似不适？平时有没有慢性病、住院史，或做过相关检查？患者：血压一直偏高，药有时忘记吃，前几年体检说血管硬化。医生：从家族史方面看，家里有没有人有类似发作，或者长期的神经系统、肌肉无力、脑血管方面问题？患者：家里没有听说过先天血管异常，但好几位长辈血压都高。医生：最后问一下，近期有没有旅行、腹泻或感冒，是否接触特殊环境？平常作息和运动规律吗？患者：平时不太运动，常喝浓茶，睡眠不规律，最近家里事情多，情绪紧张。
"医生：您好，请坐。想先了解一下您最近身体哪里不舒服？

患者：医生您好，我最近老是觉得身上发僵，胳膊腿都硬邦邦的，手还老是不由自主地抖。

医生：别着急，慢慢说。这种发僵和发抖的情况大概是从什么时候开始出现的？

患者：差不多有三四个月了吧，一开始是右手有点抖，后来左边也开始抖了。最近这半个月更明显，走路都费劲。

医生：嗯，我明白了。您说的“走路费劲”，具体是走不稳、迈不开步子，还是觉得腿没劲儿？

患者：就是腿像灌了铅一样，迈步特别慢，有时候走着走着突然就僵在那儿动不了，身子还往前冲。

医生：这种情况确实让人难受。除了僵硬和手抖，您平时系扣子、拿筷子这些精细动作有没有觉得变慢或者不灵活？

患者：有啊，现在扣子系半天系不上，写字也越写越小，拿水杯都怕洒了。

医生：好的。那我想再问问，您以前有没有得过什么慢性病，比如高血压、糖尿病，或者脑梗、脑外伤之类的情况？

患者：有高血压，吃了好几年降压药了。别的倒没得过，就是前两年骑电动车摔过一次，头磕了一下，但去医院查了说没事。

医生：谢谢您告诉我这些。另外，您家里长辈有没有人出现过类似的抖动、走路发僵或者动作变慢的情况？

患者：我父亲好像晚年也这样，手抖得厉害，走路也慢，但那时候没去医院细查过。

医生：明白了。还想问一下，除了这些，您最近有没有感觉嗅觉下降、晚上睡觉不踏实、做梦特别多，或者有便秘的情况？

患者：您这么一说，我最近确实鼻子不太灵，大便也干，好几天才上一次。睡觉倒还行。","医生：哎，您好，先请坐。我听您说话声音特别弱，都费劲，今天是怎么了？

患者：大夫，我跟您说这几句话，感觉全身力气都耗光了。我本来是个接线员，每天接不完的电话。可最近吧，只要接电话超过十分钟，我这嗓子就不行了，声音又哑又虚，还带着很重的鼻音，跟感冒似的。更吓人的是，我连咽口唾沫都费劲，老觉着口水卡在嗓子眼儿，咕噜咕噜的，就是咽不下去。

医生：嗯，说话没劲儿、鼻音重，加上咽东西困难，这些症状我们很重视。除了咽口水费劲，最近有没有觉得连梳头、洗脸这种小动作，做一会儿胳膊就酸得抬不起来了？

患者：哎哟，真让您说着了！今天早上我举着胳膊梳头，才梳了没几下，两条胳膊就酸得直哆嗦，梳子啪嗒一下掉地上了。一到下午，我这眼皮也跟灌了铅似的，沉得睁不开，得使劲撑着。

医生：嗯，胳膊没劲儿、眼皮抬不起来，再加上吞咽困难，这些放一起就比较清楚了。我得问问您，以前做过胸部CT没有？大夫有没有提过胸腺有问题，比如增生或者长东西？

患者：有，五年前体检做过一次胸部CT，大夫说前纵隔有个小结节，怀疑是胸腺瘤，让我定期复查。后来一忙，我就给忘了，再没去查过。别的免疫病倒是没查出来过。

医生：这个病史非常关键。那家里人呢，您父母或者兄弟姐妹，有没有人得过比较重的免疫系统疾病？

患者：我亲妹妹，前几年查出来有系统性红斑狼疮，现在还在吃激素药控制着呢。

医生：好，我清楚了。最后问一下，您最近工作压力是不是特别大？或者发病之前，有没有得过重感冒、新冠、甲流这类的？

患者：唉，最近公司考核接听率，我每天连着干十几个小时，压力大得整宿整宿睡不着。而且一个月前刚得了一次甲流，烧得浑身疼，咳嗽不停，从那以后身体就一直没缓过来。",医生：您好，请坐，看您说话的声音好像非常微弱，今天是哪里感觉不对劲？患者：医生，我是一名互联网公司的程序员。最近这大半个月，我发现自己的身体出了大问题。每天早班刚开始敲代码的时候，我打字手速飞快。可是到了晚上加班的时候，我就觉得两条胳膊酸软无力，连抬起手放在键盘上都在发抖。而且我发现我现在连说话都费劲，跟产品经理吵两句需求，声音就变得很虚、很嘶哑，还带着浓重的鼻音。医生：这种下午或晚上加重的上肢无力，加上发音嘶哑和鼻音，是很有特征性的表现。除了这些，您在盯着电脑屏幕的时候，有没有觉得看代码会出现重影？或者到了傍晚觉得眼皮沉得像挂了沙袋，睁不开眼？患者：重影非常严重！昨天晚上我看满屏的代码，盯着看了一会儿，眼前的英文字母竟然变成了两排，重叠在一起，吓得我根本不敢敲回车。眼皮也是，一到下午就耷拉下来，我只能使劲瞪着眼睛或者用手撑着。医生：复视和眼睑下垂，结合您的无力症状，情况比较明确。您回忆一下，以前体检做过胸部CT吗？有没有提示过胸腺增生或者纵隔有阴影？患者：去年公司组织体检，胸部CT确实报了前纵隔有软组织密度影，怀疑胸腺增生。当时体检报告让我去大医院随访，我一忙起来写代码就没当回事。医生：这是一个非常关键的既往病史。您的家族长辈中，有没有人有过自身免疫系统疾病，比如甲亢或者红斑狼疮的？患者：没有，我父母身体都挺好的，没得过这些免疫方面的病。医生：明白了。最后问问您的生活状态，最近是不是经常熬夜发版，睡眠严重不足？发病前有没有在办公室里被传染过什么呼吸道感染？患者：最近项目紧急上线，我连着在公司通宵了好几天，睡在睡袋里，生物钟全乱了。上周办公室里流感爆发，我也没逃掉，发了两天高烧，吃着布洛芬坚持写代码，身体完全透支了。,医生：您好，请您从最开始的不舒服说起，哪里最明显？患者：医生您好，主要是突然一侧肢体无力伴说话含糊。1天前突然头胀痛得厉害，随后吐了一次，后来左侧手脚开始发麻，抬起来费劲。医生：请您描述一下发作或加重时的样子，包括持续时间、部位和对日常活动的影响。患者：症状出现后没有马上完全好转，左侧手脚还是发笨，自己活动不方便。医生：我再问一些不太容易注意到的表现：有没有答非所问、性格突然烦躁或发呆，吞咽呛咳，或者大小便控制变差？患者：有，左侧手别人碰我感觉没有另一边清楚，说话时脑子有点乱，家人说我刚开始反应比平时慢。目前没有发热，胸闷不明显，大小便还能控制。医生：关于既往史，您之前有没有因为神经、头部、肌肉无力或意识变化等问题就医？平时有什么基础病？患者：有高血压和血脂偏高，最近一段时间监测不规律，没有做过头部血管方面的详细检查。医生：家里直系亲属有没有发生过类似的肢体无力、抽搐、手抖、说话或走路异常等情况？患者：母亲有高血压，外公晚年有过类似突然昏倒后住院的经历。医生：最后了解一下生活习惯。您平时作息、饮食、运动、吸烟饮酒情况怎么样？最近有没有劳累、熬夜、感染或情绪波动？患者：平时应酬多，饮酒较多，血压药有时漏服，最近赶项目连续熬夜。
"医生：您好，请坐。您具体是哪里不舒服，从什么时候开始有这些感觉的？

患者：医生，我最近这几个月总觉得身上没劲儿，手脚发软，动作也变慢了，早上起床特别费劲，感觉人像被“定”在床上一样。

医生：听您这么说，这种“没劲儿”和“变慢”是持续性的，还是有时好有时坏？主要是哪一侧更明显，比如左手左脚，还是两边都一样？

患者：好像两边都有，但右边更明显一些。一直都有这种感觉，只是早上刚起来那会儿最重，活动开了会稍微好一点。

医生：那您说的“动作慢”，具体是指走路慢、拿东西不灵活，还是穿衣服、扣扣子这些精细动作觉得吃力？有没有感觉手脚僵硬、发硬，像不听使唤一样？

患者：对，就是拿筷子、写字没以前利索了，走路也慢，感觉腿抬不起来，像在拖步子。脸也僵僵的，家里人说我表情变少了，像戴了个面具似的。

医生：除了这些，您最近有没有发现手或腿在安静放着的时候会不自觉地抖？或者走路时身体前倾、步子变小、不容易停下来？

患者：手好像偶尔会抖，不厉害，主要是没力气和慢。走路的时候觉得身体有点往前冲，但还不算太严重。

医生：明白了。那您睡觉时翻身、起床困难，有没有伴随头晕、天旋地转的感觉？或者大小便、出汗、睡眠质量有没有明显变化？

患者：起床就是觉得僵、没劲，不头晕。睡觉还行，就是夜里有时候觉得腿不舒服，想动又动不了。大小便倒没什么特别。

医生：好的。那再问一下，您以前有没有高血压、糖尿病、脑梗死这些基础病？近期有没有受过外伤，或者长期接触过农药、化学物品？家里长辈有没有类似动作慢、手抖的情况？

患者：血压有点高，在吃药。没得过脑梗，也没接触农药。家里我爸年纪大了手也有点抖，但没我这么没劲儿。","医生：哎，您好，慢点慢点，家属扶着先坐下。今天是因为哪儿不舒服来瞧病的？

患者：哎呀，大夫，我这一身毛病真是一言难尽啊。就说我这右手吧，只要我一闲下来坐那儿，它就自己个儿来回搓，跟数钞票似的，搓个不停，在人前头可尴尬了。但这还不是最闹心的，最闹心的是我感觉整个人就跟被冻住了一样。早上醒了，想翻个身，我得折腾老半天，骨头跟锈住了似的。想下地迈步走，这脚底板就跟粘了块口香糖，得酝酿好一会儿才能迈出去第一步。走起来吧，又越走越快，根本收不住脚，好几次都差点往前栽个大跟头。

医生：嗯，手搓个不停，加上翻身难、起步难、停步也难，这些情况咱们得认真对待。除了手脚不灵活，最近您自己觉不觉得情绪特别差，心里头老堵得慌？还有啊，晚上睡觉的时候，有没有听家里人说过您大喊大叫、手脚乱动的？

患者：情绪差那是肯定的，我老觉着自个儿成了家里头的累赘，成天高兴不起来。睡觉这事儿，我老伴儿跟我说了，说我最近半夜老突然大吼一嗓子，还手脚并用地扑腾，把她吓得够呛，可我自个儿在梦里啥也不知道啊。

医生：嗯，情绪和睡梦中乱动，这些也是这个病里头常见的。那我问问您过去的事儿，以前有没有得过慢性的脑血管病？或者说，有没有中过煤气、脑袋受过外伤？

患者：脑袋外伤倒没有。就是这几年做颈动脉超声，大夫老说我有斑块，脑供血不好，我平时也老觉得头重脚轻的，不清爽。

医生：好的。那家里的老人，比如您父母、外公外婆那辈，有没有人到晚年腰弯得厉害、手脚抖、脸上一点表情都没有的？

患者：有！我外公当年就是个大驼背，到最后那几年，手抖得连烟斗都捏不住，脸上的皮绷得紧紧的，一点笑模样都有，跟个木头人似的。

医生：行，我了解了。最后问问您生活习惯，您以前是不是长期在农村住，喝井水？或者种地的时候经常接触农药化肥？

患者：哎，我大半辈子都在农村种大棚蔬菜，化肥农药那是天天打交道，那个味儿都吸到肺里去了。那时候村里没自来水，家家户户都喝自个儿院子里压水井打上来的生水，咕咚咕咚就喝了。",医生：您好，看您一直低着头，用手托着下巴，今天是哪里感觉不舒服？患者：大夫，我是个钢琴老师。最近这一周，我每天上午带学生弹琴的时候，手指还挺灵活的。可是一到了下午或者傍晚，我的两只手就像被抽了筋一样，连琴键都按不下去，胳膊酸软得根本抬不起来。而且我觉得脖子特别重，总是撑不住脑袋。睡一觉起来，第二天早上力气又恢复了。医生：这种典型的“晨轻暮重”和劳动后加剧的肌肉无力，必须引起重视。除了手和脖子没力气，您最近有没有觉得一到下午眼皮就耷拉下来，或者看五线谱会出现重影？患者：太对了！一到下午，我的右眼皮就像用胶水粘住了一样，死活睁不开。看乐谱也经常重叠在一起，变成两层影子。而且晚上吃饭的时候，连嚼两口青菜都觉得腮帮子酸痛，吞下去也卡卡的。医生：眼睑下垂、复视和咀嚼无力是极其重要的伴随症状。您以前体检的时候，有没有大夫提过您胸前有肿块，或者是胸腺增生？有没有查出过甲亢？患者：甲亢我没查过。不过前年拍胸片，大夫确实说我胸口那有个什么胸腺肥大，让我去大医院复查，我没当回事。医生：这绝对是一个关键的既往史。您的家族长辈中，有没有人有过自身免疫系统疾病，比如红斑狼疮或者类风湿的？患者：我母亲有多年的风湿性关节炎，手指头都变形了。医生：了解。最后问问您的生活状态，最近是不是因为排练演出极度疲劳？发病前有没有感染过什么感冒病毒？患者：最近为了准备音乐会，我每天连着练琴十几个小时。半个月前还得了重感冒，发了几天低烧，估计身体就是那时候垮的。,医生：您好，今天主要因为什么不舒服来就诊？患者：医生您好，主要是情绪激动后出现口齿不清和视物不清。今天早上突然觉得右侧胳膊和腿没劲，拿杯子拿不稳，走路往一边偏，家里人说我说话含糊。医生：请您描述一下发作或加重时的样子，包括持续时间、部位和对日常活动的影响。患者：是比较突然出现的，半个月前还基本正常，之后就一直没有完全恢复。医生：除了这些明显情况，您有没有感觉一侧身体触碰不敏感、反应变慢、记不清刚发生的事，或者看东西缺了一块？患者：有，右侧手别人碰我感觉没有另一边清楚，说话时脑子有点乱，家人说我刚开始反应比平时慢。医生：我再问一下过去的身体情况：以前出现过这样的症状吗？有没有长期疾病、外伤、手术或正在服用的药物？患者：血压一直偏高，药有时忘记吃，前几年体检说血管硬化。医生：从家族史方面看，家里有没有人有类似发作，或者长期的神经系统、肌肉无力、脑血管方面问题？患者：家里老人有过突然说不清话、走路偏斜的情况，其他亲属不太清楚。医生：我还想了解生活和诱因：最近睡眠、压力、饮食、饮酒、吸烟、运动，以及外出或特殊接触情况如何？患者：平时应酬多，饮酒较多，血压药有时漏服，最近赶项目连续熬夜。
"医生：您好，请坐。您刚才提到手脚和嘴唇有些颤抖，具体是从什么时候开始注意到这个情况的？

患者：大概有三个多月了吧。一开始只是右手拿杯子的时候有点抖，后来越来越明显，现在左手偶尔也会抖，下嘴唇最近也开始有点控制不住地颤。

医生：明白了，三个多月逐渐加重。那这种颤抖是安静不动的时候明显，还是拿东西、做动作的时候更明显？比如伸手去拿水杯那一刻抖得厉害，还是端着杯子不动的时候抖？

患者：我也说不太准……好像是手放着不动的时候也会抖，但一拿东西，刚开始伸出去那一下反而好点，端一会儿又开始了。反正挺影响吃饭喝水的。

医生：好的，这个细节很重要。除了手脚和嘴唇颤抖，您有没有觉得最近动作变慢了，比如系扣子、刷牙、走路起步的时候比以前费劲？或者觉得身上发僵、发硬？

患者：有，有。我老婆说我走路现在拖步子，起步特别慢，有时候在门口站半天迈不出第一步。穿衣服扣扣子也觉得手指不听使唤，笨得很。

医生：那这种僵硬或动作慢，是早上刚起床时更重，还是到下午晚上更重？另外，您有没有注意到写字有没有变化，比如字越写越小？

患者：早上刚起来那阵子最难受，活动开了能好一些。写字确实跟以前不一样，小多了，而且越写越飞，我孙女说我写的字她都不认识了。

医生：嗯，这些情况听起来对生活影响不小。那这段时间您有没有摔倒过，或者感觉走路不稳、头晕？还有，有没有觉得嗅觉不如以前，或者睡觉时做梦特别多、甚至喊叫、挥胳膊踢腿？

患者：摔倒是没摔过，就是转身的时候觉得有点晃。嗅觉……好像前年就闻不太出味儿了，一直没当回事。睡觉做梦多，我老伴说我夜里老说梦话，有时候还挥手。

医生：谢谢您告诉我这些，这对我了解病情很有帮助。那您以前有过什么慢性病吗？比如高血压、糖尿病、脑梗之类的？或者头部有没有受过比较重的撞击伤？

患者：血压有点高，吃着降压药好几年了。血糖正常。脑梗没得过。头……年轻的时候骑摩托摔过一次，当时也没去医院，就觉得没事。

医生：好的。那家里长辈或者亲戚里，有没有人出现过类似的震颤、走路慢、手抖这些情况？

患者：我父亲晚年手也抖，但那时候都说是岁数大了，没正经看过。我大伯好像也有点。

医生：明白了，这个家族情况我需要记下来。平时您喝不喝酒？有没有长期接触农药、重金属或者化工厂里的一些东西？

患者：酒以前喝点，这两年基本不喝了。农药……家里阳台种菜，偶尔用点杀虫剂，不多。工作是在机械厂做过几年，接触机油多点，重金属说不好。","医生：哎，您好，我看您走进来的时候身子老往前倾，像刹不住车似的。今天是因为哪儿不舒服来医院的？

患者：哎呀大夫，我这腿脚啊，现在彻底不听我脑子的了！走在路上，就感觉后头有人推着我跑，步子迈得碎碎的，还越走越快，我想停都停不下来，好几次都撞到前头的人身上了，可尴尬了。还有啊，我只要在公园长椅上一坐下，这条左腿就开始自己个儿上下颠，有节奏地抖，我用手使劲按都按不住。

医生：嗯，走路往前冲、刹不住，坐着腿还抖，这些对您自己来说挺危险的。除了走路和发抖，最近您有没有觉得自己情绪特别差，老高兴不起来，甚至觉得活着没意思？大便呢，是不是也特别费劲、特别干？

患者：哎，大夫，您真是说到我心坎里了。这情绪差到极点了，每天一睁眼就觉得没劲，活着没意思，经常自己一个人掉眼泪，觉得净给儿女添麻烦了。大便更是遭罪，我感觉肠子都不动弹了，经常四五天才解一次，拉出来的跟石头蛋子似的，硬邦邦的，可痛苦了。

医生：嗯，情绪和便秘的问题，也是咱们评估的重要部分。那我问问您，以前脑袋有没有受过外伤？或者有没有查出来过慢性脑供血不足、脑动脉硬化这类毛病？

患者：外伤倒没有。不过前几年体检，做颈部彩超，大夫说我有多发性动脉硬化斑块，脑子的供血不太好。

医生：行。那您家里长辈，比如爷爷奶奶那一辈，有没有人到老了以后，动作特别慢，慢得不行，而且脸上老没表情，跟戴了个面具似的，不说不笑的？

患者：有！我奶奶当年就是这样，七十岁以后，脸上一点笑模样都没有，不管你跟她说啥，她都板着脸，动作慢得跟蜗牛爬似的，手也一直抖。

医生：好，我大概知道了。最后问一下您的生活习惯，以前有没有长期喝过农村的井水？或者工作、生活里，有没有大量接触过除草剂、杀虫剂这些东西？

患者：哎，我是林业局退休的，年轻时候在深山老林里搞了二十多年病虫害防治，成吨的杀虫剂我都兑过、喷过，经常是直接用手去搅药水。山里没自来水，我们常年喝的都是地下的泉水和井水。",医生：您好，请坐。看您脸色有些苍白，今天是遇到了什么身体上的麻烦？患者：医生，我是一名厨师，最近这半个月我真是连饭碗都快保不住了。每天上午备菜的时候我还生龙活虎的，可是到了晚上营业高峰期，我拿那个大铁锅想颠勺，突然发现胳膊一点力气都没有，锅都差点砸灶台上。而且我发现我现在连切硬一点的蔬菜都使不上劲，手软绵绵的。医生：这种早晨力气足、晚上体力完全不支的波动性无力感需要高度警惕。除了胳膊没力气，您最近有没有觉得晚上吃员工餐的时候，嚼馒头或者肉嚼不烂？或者喝汤的时候很容易呛到喉咙里？患者：您真是说到我心坎里了！现在晚上吃饭，我根本不敢吃肉，嚼个几下腮帮子就酸得像跑了八百米一样，最后只能用汤泡软了吞。喝汤稍微喝急一点，立马呛得我眼泪直流，咳半天都缓不过来。医生：咀嚼无力和吞咽呛咳是很关键的伴随症状。回忆一下，您以前有没有查出过甲状腺的毛病？或者体检有没有提示过胸腺有问题？患者：甲状腺我没查过。不过两年前办健康证体检的时候，大夫说我胸部正中好像有个阴影，怀疑是胸腺增生，让我有空去复查。我当时觉得自己年轻力壮的，就没当回事。医生：这确实是个不可忽视的既往史。您的家族里，比如父母，有没有人得过自身免疫性的疾病，比如红斑狼疮或者甲亢？患者：我亲大姐有甲亢，一直在吃药控制。医生：明白了。最后了解一下您最近的生活状态，厨房工作是不是一直处于高温高压下？发病前有没有生过什么大病？患者：厨房里像个大蒸笼，这几个月生意特别火爆，我每天要在后厨站十几个小时，热得浑身湿透，连喝水的时间都没有。上个月我还得了重度化脓性扁桃体炎，打了好几天吊瓶，身体亏空得很厉害。,医生：您好，我先了解一下，最让您担心的症状是什么？患者：医生您好，主要是清晨起床后半边身子发麻、使不上劲。刚开始是眼前发黑、头痛，没多久家人发现我嘴角有点歪，右侧腿迈不开步。医生：这些表现是突然出现还是逐渐加重？大概从什么时候开始，最明显影响到什么活动？患者：当时来得很急，家人发现我说话、走路都和平时不一样，到现在仍然有影响。医生：我再问一些不太容易注意到的表现：有没有答非所问、性格突然烦躁或发呆，吞咽呛咳，或者大小便控制变差？患者：有，右侧手别人碰我感觉没有另一边清楚，说话时脑子有点乱，家人说我刚开始反应比平时慢。目前没有发热，胸闷不明显，大小便还能控制。医生：关于既往史，您之前有没有因为神经、头部、肌肉无力或意识变化等问题就医？平时有什么基础病？患者：以前跌倒磕过头但没留下明显问题，平时血压波动比较大。医生：您的家人中有没有人年轻或年老后出现过相似表现，或者被反复要求做头部、神经方面检查？患者：家里没有听说过先天血管异常，但好几位长辈血压都高。医生：我还想了解生活和诱因：最近睡眠、压力、饮食、饮酒、吸烟、运动，以及外出或特殊接触情况如何？患者：平时不太运动，常喝浓茶，睡眠不规律，最近家里事情多，情绪紧张。
"医生：您好，请坐。今天主要是什么原因来医院的？能具体说说哪里不舒服吗？

患者：大夫，我这两条腿老是发僵、发硬，还带着疼，走路也不稳当，老想往前栽，今年都摔了好几回了。

医生：摔了好几回可要重视。您说的腿发僵发硬，是从什么时候开始明显的？是两条腿同时出现，还是先一条腿、再另一条腿？

患者：大概从去年底开始吧，一开始是右腿有点拖，后来左边也跟着僵了。最近半年越来越重，走路步子也迈不大，像小碎步一样往前冲。

医生：嗯，这种“往前冲、步子小”的感觉，在转弯或者起步的时候会不会更明显？有没有觉得脚像粘在地上一样，抬不起来？

患者：对，起步特别难，有时候站在原地半天动不了。转弯也费劲，感觉整个人像根棍子似的，一转弯就站不稳。

医生：明白了。除了腿的问题，您刚才提到说话也有点口齿不清，这个情况多久了？是说话声音变小、含糊，还是觉得舌头不听使唤？

患者：差不多同时开始的吧，家里人说我说话声音越来越小，还含糊，我自己倒没太觉得，就觉得说话有点费劲。

医生：那平时有没有手抖、头摇，或者写字越写越小、系扣子、用筷子这些精细动作变笨的情况？

患者：手倒是不怎么抖，就是觉得右边胳膊也不大得劲，写字是有点小，扣扣子慢，筷子有时夹不住菜。

医生：好的。再问一下，您有没有高血压、糖尿病这些慢性病？以前头部有没有受过伤，或者长期接触过什么农药、化学物品？

患者：血压有点高，吃着降压药。头没受过伤，以前在老家种地，农药是接触过一些。

医生：家里长辈有没有类似走路不稳、手抖或者说话不清楚的情况？

患者：我父亲老了以后手有点抖，但没我这么厉害，也没摔过跤。

医生：了解了。睡眠怎么样？晚上睡觉有没有大喊大叫、拳打脚踢，或者白天总是困得不行？

患者：晚上睡觉不老实的，老伴说我有几次睡觉喊叫，还挥手。白天人倒是精神一般，坐着就想打盹。","医生：哎，您好，我看您坐个椅子都费老大劲了，今天这是咋了，哪儿不得劲儿啊？

患者：哎，大夫，我是干电焊的。就这大半个月，我这身子骨就跟不是自己的似的，活儿根本没法干。每天早上我戴上面罩、拿上焊枪那会儿还行，挺好的。可一到下午，完了，拿焊枪这只手就酸软得直哆嗦，胳膊跟灌了铅似的抬不起来。现在我连蹲下再站起来都费劲，俩腿软绵绵的，跟踩棉花一样。最邪乎的是我这脖子，一到傍晚，头都撑不住，那面罩一戴，脑袋就往下耷拉，只能低着头。

医生：嗯，下午加重，四肢和脖子都没劲儿，这确实影响干活，还挺危险。除了手腿没力气，最近您吃晚饭的时候，有没有觉得咽东西费劲？比如说，吞个米饭都卡嗓子眼儿？或者跟工友说话的时候，那声音是不是变虚了、哑了，还带点鼻音？

患者：哎哟大夫，您可说全了！我现在每天晚饭，硬的馒头我都不敢碰，稍微吃快一丁点，直接就呛气管里去了，咳得我眼泪哗哗的。说话也是，一到晚上跟包工头汇报活儿，那声音就跟漏气似的，还瓮声瓮气的，咽口唾沫都觉得喉咙没劲儿使。

医生：嗯，咽东西呛咳，说话带鼻音，这个很关键，说明累及到脑干那块的肌肉了。我得问问您啊，以前有没有做过胸口的手术？比如说，切过胸腺瘤？或者查出来过甲亢？

患者：有有有！五年前体检，查出来有胸腺瘤，当时在医院做了微创手术给切了。这些年吧，觉着恢复得还行，我就一直没去复查过。

医生：哦，胸腺瘤手术史，这个是咱们目前最重要的一条线索。那家里人呢，您父母或者兄弟姐妹，有没有人得过比较重的免疫系统病？比如红斑狼疮啊，类风湿关节炎什么的？

患者：我亲姐姐，前两年查出来有系统性红斑狼疮，现在还一直吃激素药控制着呢。

医生：好，我心里有数了。最后再问问您，出现这严重没劲儿之前，是不是累着了？或者有没有得过重感冒、发高烧之类的情况？

患者：唉，可不嘛！最近工地上赶工期，我白天顶着大太阳焊铁架子，连轴转快一个月了，人都快累散架了。上上周，又让穿堂风给吹着了，得了场重感冒，连着烧了三天，那阵子身体就虚得不行。",医生：您好，看您脸色苍白，说话也有些费力，今天主要是哪里出问题了？患者：大夫，我是在超市收银的。最近这两周，我早上刚去接班的时候，扫描商品、装袋子都很快。但是到了下午下班前那两个小时，我的两只手就像是不属于我了一样，连一瓶矿泉水都拿不起来，胳膊酸软得一直往下掉。而且我觉得连抬头都困难，脖颈子软绵绵的，只能低着头给客人扫码。医生：这种下午加重的上肢无力和颈部无力非常需要重视。除了手和脖子，您最近有没有觉得吃晚饭的时候，吞咽特别困难？或者喝水的时候老是容易呛到气管里咳半天？患者：太难受了。现在我每天晚上下班回家吃饭，都不敢吃硬的，只能喝点稀饭。稍微喝快一点，水就直接呛到气管里，咳得我眼泪直流。就算吃一口馒头，也觉得卡在喉咙里咽不下去。医生：吞咽困难和呛咳是很危险的隐性症状。您以前体检的时候，有没有大夫提过您胸前有肿块，或者是胸腺增生？有没有查出过甲亢？患者：两年前体检，大夫确实提过一句，说胸片显示我胸腺有些肥大，让我最好去做个增强CT，我当时心疼钱，也没觉得哪疼，就没去查。医生：这绝对是一个关键的线索。您的家族长辈中，有没有人有过自身免疫系统疾病，比如红斑狼疮或者类风湿的？患者：没有，家里人老了基本上都是高血压糖尿病，没听说过这种免疫的病。医生：了解。最后了解下您的生活状态，最近超市工作是不是一直站着，极度疲劳？发病前有没有感染过什么病毒，比如急性肠胃炎？患者：超市最近搞大促，我每天要在收银台前站十几个小时，累得腰都直不起来。而且店里空调开得特别冷，上周我拉了好几天肚子，发了低烧，身体简直要虚脱了。,医生：您好，今天主要因为什么不舒服来就诊？患者：医生您好，主要是清晨起床后半边身子发麻、使不上劲。今天早上突然觉得右侧胳膊和腿没劲，拿杯子拿不稳，走路往一边偏，家里人说我说话含糊。医生：这些表现是突然出现还是逐渐加重？大概从什么时候开始，最明显影响到什么活动？患者：当时来得很急，家人发现我说话、走路都和平时不一样，到现在仍然有影响。医生：除了这些明显情况，您有没有感觉一侧身体触碰不敏感、反应变慢、记不清刚发生的事，或者看东西缺了一块？患者：有，右侧手别人碰我感觉没有另一边清楚，说话时脑子有点乱，家人说我刚开始反应比平时慢。医生：之前身体状况怎么样？有没有类似症状、慢性病、外伤史，或体检提示过异常？患者：血压一直偏高，药有时忘记吃，前几年体检说血管硬化。医生：从家族史方面看，家里有没有人有类似发作，或者长期的神经系统、肌肉无力、脑血管方面问题？患者：父亲年纪大时有过一次突然半边身子不能动，住过院，具体原因家里说不清。医生：平时生活习惯方面，是否经常久坐、熬夜、饮食偏咸偏油、饮酒吸烟？发作前有没有特别劳累或不适？患者：抽烟很多年，饭菜偏咸，运动少，最近睡得晚，昨天还喝了酒。
"医生：您好，请坐。今天来主要是哪里不舒服，能跟我具体说说吗？

患者：医生，我这两年身体越来越不对劲。以前手会抖，现在倒不怎么抖了，但是整个人感觉特别僵硬，尤其是胳膊腿，活动起来费劲。腰也一直疼，做点事动作慢得很，跟生锈了一样。

医生：您说得比较具体，我一个个来问。您说以前手抖，大概从什么时候开始的？是安静的时候抖，还是拿东西的时候抖得厉害？

患者：大概三四年前吧，一开始是右手安静放着的时候轻轻抖，后来慢慢没那么明显了。现在主要是觉得身上紧，转身、起床都慢，腰那里酸胀得厉害，坐久了站起来都费劲。

医生：明白了。这种僵硬和动作慢，是早上刚起来更明显，还是活动一会儿之后能好一些？另外，是一边手脚先出现，还是两边同时都有？

患者：早上起来最难受，感觉身上像被绳子捆着，活动开了能松快一点，但下午累了又会僵起来。好像是左边先开始，现在两边都有了，右边更明显些。

医生：了解。除了这些，平时走路有没有觉得步子迈不开，或者走路时往前冲、容易摔倒的情况？有没有写字越写越小、说话声音变小的变化？

患者：对对对，走路时腿像灌了铅，小碎步往前赶，有时候转身差点摔。写字确实比从前小很多，我老伴也说我说话声音越来越听不清。

医生：这些情况对您的日常生活影响大吗？比如穿衣服、吃饭、翻身这些。还有，您刚才提到腰疼，这个腰痛和僵硬动作慢有关系，还是以前就有腰病？

患者：穿衣扣扣子慢得急人，吃饭也慢，晚上翻身得叫老伴帮一下。腰以前偶尔疼，但没这么厉害，现在弯腰拿个东西都直不起来，我觉得跟这僵硬肯定有关系。

医生：家族里有没有人得过类似的毛病，比如手抖、走路慢或者帕金森病？您自己以前有没有过脑外伤、脑炎，或者长期接触过农药、化学物质这类情况？

患者：我父亲晚年走路也慢，手有点抖，但没去医院查过。我以前在老家种地，确实常用农药，那个年代也没太多防护。","医生：哎，您好，我看您这手一直揣在兜里，是不太方便，还是手有啥不舒服的感觉啊？

患者：哎，大夫，您眼睛真尖。我这手吧，一拿出来就自己个儿抖，放兜里别人瞧不见，我也省心。只要不干活，闲下来它就哆嗦，跟筛糠似的。还有啊，我现在写字，写着写着那字就越写越小，挤成一团，根本没法看。

医生：嗯，不干活的时候手抖，加上写字越写越小，这些都是很重要的信号。那我再问问，最近有没有觉得鼻子不灵了，炒菜都闻不着味儿？或者上厕所解大便，是不是特别费劲，好几天才一次？

患者：哎哟，闻不见味儿是真的！我媳妇儿做红烧肉，搁我跟前我都闻不着，吃饭都没啥胃口。大便也费老劲了，经常得用开塞露才能拉出来，可遭罪了。

医生：好。那您回忆回忆，以前有没有过煤气中毒的情况？或者有没有查出来过脑子里供血不足、长期缺血那种毛病？

患者：嗯……十几年前吧，冬天家里烧土暖气，通风不好，轻微中过一次煤气，头晕恶心的，后来开窗透气就好了。

医生：行。那再问问您家里的长辈，比如您爷爷奶奶那一辈，有没有人老了以后，动作特别慢，跟电影放慢镜头似的，手也老是抖抖索索的？

患者：有！我爷爷当年就是那样，手抖得连筷子都拿不住，吃饭老往桌上掉。

医生：明白了。最后一个问题，您年轻的时候，有没有在农村长时间干活，经常接触农药、化肥什么的？

患者：哎呀，那太有了！我种了半辈子地，打农药都是自己背着喷雾器，连个口罩都不戴，就那么直接喷。",医生：您好，请坐。看您说话似乎很费力，声音非常小，今天主要是哪里觉得不舒服？患者：医生，我是一名电台的情感节目主播。最近这大半个月，我这嗓子和身体彻底罢工了。每天下午刚开始录节目的时候，我声音还挺正常的。可只要连着说上个二十分钟，我的声音就像漏气了一样，越来越小，越来越哑，最后甚至带着很浓的鼻音，听起来瓮声瓮气的。不仅如此，我现在到了晚上，觉得脑袋特别重，脖子软绵绵的，连抬起头来看麦克风的力气都没有，只能低垂着脑袋。医生：这种发音逐渐无力、带有鼻音以及颈部肌肉无法支撑头部的现象，需要高度警惕。除了声音和脖子的问题，您最近有没有觉得看直播稿的时候字会变成双影？或者吃夜宵的时候嚼硬东西觉得腮帮子发酸？患者：重影非常明显！昨天晚上录到最后，我看着稿子上的字全都变成了两层，看得我头晕恶心，而且眼皮沉得像挂了沙袋，根本睁不开。吃宵夜更是受罪，连吃个苹果都觉得咬不动，嚼几下脸部肌肉就酸得要命，最后只能吐出来。医生：复视、眼睑下垂以及咀嚼无力，这些伴随症状非常典型。回忆一下，您以前有没有查出过甲状腺的毛病？或者拍片子发现胸前有个叫胸腺的器官长了瘤子或者有增生？患者：我前年查出来有轻度的甲状腺功能亢进，吃了一段时间的药控制住了。胸部CT去年做过，大夫说前纵隔有些可疑的增生阴影，建议随访。医生：甲亢和胸腺异常的病史都很重要。那您的直系亲属中，有没有人发生过严重的免疫系统疾病，比如甲状腺炎或者红斑狼疮？患者：我亲妹妹前几年查出来患有系统性红斑狼疮，现在一直在用激素和免疫抑制剂治疗。医生：明白了。最后问问您平时的生活习惯，最近是不是为了节目极度熬夜疲劳？或者不小心得了什么严重的呼吸道感染？患者：最近台里搞活动，我连着做了半个月的深夜直播，每天凌晨三四点才下班，精神压力极大。上周还被同事传染了流感，发烧咳嗽了好几天，身体一直很虚弱。,医生：您好，我先了解一下，最让您担心的症状是什么？患者：医生您好，主要是突发意识恍惚伴一侧手脚不听使唤。昨晚情绪比较激动，后来出现说话不连贯，看东西有一块不清楚，左侧身体也不太听使唤。医生：我明白了。请您再具体说说，当时最早出现的症状是什么，后来又有什么变化？患者：是比较突然出现的，半天前还基本正常，之后就一直没有完全恢复。医生：除了这些明显情况，您有没有感觉一侧身体触碰不敏感、反应变慢、记不清刚发生的事，或者看东西缺了一块？患者：脸和手有麻木感，自己觉得头昏沉，刚发作时说过几句不连贯的话，后来才慢慢清楚些。目前没有发热，胸闷不明显，大小便还能控制。医生：接下来了解既往情况。您以前有没有类似发作或类似不适？平时有没有慢性病、住院史，或做过相关检查？患者：以前跌倒磕过头但没留下明显问题，平时血压波动比较大。医生：您的家人中有没有人年轻或年老后出现过相似表现，或者被反复要求做头部、神经方面检查？患者：父亲年纪大时有过一次突然半边身子不能动，住过院，具体原因家里说不清。医生：我还想了解生活和诱因：最近睡眠、压力、饮食、饮酒、吸烟、运动，以及外出或特殊接触情况如何？患者：平时应酬多，饮酒较多，血压药有时漏服，最近赶项目连续熬夜。
"医生：您好，请坐。先仔细了解一下情况。您刚才提到最近身体有些“不听使唤”，能具体说说最先让您觉得不对劲的是什么吗？

患者：就是感觉胳膊腿都发紧、发硬，像生了锈一样，想动一下特别费劲。

医生：这种发紧发硬的感觉，是左边和右边一样，还是哪边更明显？大概从什么时候开始，持续多久了？

患者：右边更厉害，左边轻点。得有大半年了，最开始是右手有点抖，后来慢慢觉得右边胳膊腿都硬了。

医生：明白。除了僵硬，您提到“行动迟缓”，能不能举个例子，比如平时穿衣、翻身或者从椅子上站起来，有没有觉得比以前慢很多？

患者：有啊，翻身特别难，夜里想翻个身得折腾半天。从沙发上起来也得先挪半天，走路也慢，脚像粘在地上。

医生：这些确实很影响生活。您还说到“转身和后退容易摔倒”，这种情况发生过几次？摔倒的时候有没有头晕、眼前发黑，或者腿突然没力气？

患者：摔过三四次，主要是往后倒。没有头晕，就是感觉身体重心不听使唤，转个身就往后仰。

医生：好的，这很关键。再问一下，家人有没有觉得您脸上表情变少，或者说话声音变小、变含糊了？

患者：对对，我老伴说我现在整天板着脸，其实我没不高兴。说话也含含糊糊，最近吃饭喝水还容易呛着。

医生：吞咽时需要特别注意。您说容易发怒，是最近脾气变得急躁、控制不住吗？睡眠情况怎么样，有没有夜里大喊大叫或者做噩梦？

患者：脾气是变差了，一点小事就冒火。睡觉不好，有时候做梦跟人打架，还把老伴踹醒过。

医生：了解了。在您开始感觉身体发硬之前，有没有受过头部外伤、得过脑炎，或者长期接触过农药、重金属这类东西？

患者：没受过伤，也没得过脑炎。种地以前用过农药，不过好多年不用了。

医生：家族里有没有长辈得过类似的病，比如手抖、走路不稳或者说话不清楚的？

患者：我父亲晚年手抖得厉害，走路也慢，但那时候没怎么查过。","医生：哎，您好，先请坐请坐。我看您这脸色可不太好啊，煞白煞白的，今天是怎么个不舒服法？

患者：哎哟，大夫，我现在这心里头慌得不行，突突直跳。刚才啊，我在路上跟人打电话呢，说着说着，我这舌头就跟打了结似的，不听使唤了！我脑子里明明想得好好的词儿，到嘴边就是一个字都蹦不出来！而且，我这右边胳膊，突然就一阵发麻，麻得我手机都差点掉地上，拿都拿不住。

医生：嗯，说话突然说不出来，加上一边身子发麻，这个情况咱们得高度警惕。除了这些，最近这几天，有没有觉得头疼得厉害，感觉要裂开那种？或者有没有觉得一边眼睛看东西不清楚，视力下降了？脾气上呢，是不是自己也觉得压不住火？

患者：哎呀，您还真说准了！最近这几天吧，我就是压不住火，一点小事就想发飙。视力的话，就我这右眼，这两天看人总觉得是重影的，模模糊糊的，像隔层雾一样。

医生：对，这些情况都很关键。那我问问您啊，之前有没有查出来过高血压？或者说，有没有做过脑部的检查，医生提过什么“脑血管淀粉样病变”这类词儿？

患者：高血压倒是有，都十来年了。不过我那药吧，老是想起来就吃，想不起来就算了，吃吃停停的。前年单位体检，好像说有什么轻微的老年性脑血管病，我寻思着人老了不都这样嘛，就没当回事儿。

医生：嗯，明白了。那再问问您家里的情况，您的父母啊、兄弟姐妹啊，有没有得过中风、脑出血，或者也是严重高血压的？

患者：我妈血压就高，常年吃药。我那个二哥，哎，前两年脑出血，现在还在家里康复呢，走路都不利索。

医生：好，我大概有数了。最后问问您平时的吃饭口味，还有啊，发病之前那会儿，有没有跟人着急生气什么的？

患者：我吧，就爱吃个腌肉、咸菜，口味重。刚才打电话，就是跟那个装修公司吵架呢，他们坑了我一笔钱，我正扯着嗓子跟他们吼呢，吼着吼着，突然就成这样了！",医生：您好，请坐，看您说话的声音好像非常微弱，今天是遇到了什么状况？患者：大夫，我现在跟您说这几句话，都觉得像是耗尽了全身的力气。我本来是个接线员，每天要接很多电话。可是最近，我只要接电话超过十分钟，声音就变得又哑又虚，还带着很重的鼻音。更可怕的是，我现在连咽一口自己嘴里的口水都觉得费劲，老觉得口水卡在嗓子眼里，咕噜咕噜咽不下去。医生：发音逐渐无力、带有鼻音以及吞咽困难，这是我们需要高度警惕的球部症状。除了咽口水困难，您最近有没有觉得连梳头、洗脸这种简单的动作，做久了胳膊也会酸软得抬不起来？患者：真的是这样！今天早上我举着胳膊梳头发，才梳了几下，两条胳膊就酸得直打哆嗦，梳子直接掉地上了。而且到了下午，我的眼皮也像灌了铅一样，沉得睁不开。医生：四肢近端无力和眼睑下垂，结合您的吞咽困难，情况比较明确。您以前有没有做过胸部CT，大夫有没有说过您有胸腺增生或者肿瘤？有没有其他的免疫病？患者：五年前体检做过胸部CT，大夫说前纵隔有个结节，怀疑是胸腺瘤，让我随访，我后来一忙就没去复查。其他免疫病倒是没有。医生：这是一个非常关键的既往病史。您的父母或者兄弟姐妹里，有没有人得过严重的免疫系统疾病？患者：我亲妹妹前几年查出来患有系统性红斑狼疮，现在一直在用激素治疗。医生：了解。最后了解下，您最近的工作状态是不是压力极大？发病前有没有感染过什么病毒，比如新冠或者流感？患者：最近公司考核接听率，我每天连着工作十几个小时，压力大得天天失眠。而且一个月前我刚得了一次甲流，烧得浑身疼，一直咳嗽，从那之后身体就没彻底恢复。,医生：您好，今天主要因为什么不舒服来就诊？患者：医生您好，主要是突发头痛、呕吐后走路不稳。昨晚情绪比较激动，后来出现说话不连贯，看东西有一块不清楚，右侧身体也不太听使唤。医生：这些表现是突然出现还是逐渐加重？大概从什么时候开始，最明显影响到什么活动？患者：是比较突然出现的，半个月前还基本正常，之后就一直没有完全恢复。医生：除了这些明显情况，您有没有感觉一侧身体触碰不敏感、反应变慢、记不清刚发生的事，或者看东西缺了一块？患者：脸和手有麻木感，自己觉得头昏沉，刚发作时说过几句不连贯的话，后来才慢慢清楚些。这次没有明显外伤，发作前也没有感冒。医生：我再问一下过去的身体情况：以前出现过这样的症状吗？有没有长期疾病、外伤、手术或正在服用的药物？患者：以前跌倒磕过头但没留下明显问题，平时血压波动比较大。医生：再了解一下家族情况。您的父母、兄弟姐妹或子女中，有没有人出现过类似症状，或有相关的长期疾病？患者：父亲年纪大时有过一次突然半边身子不能动，住过院，具体原因家里说不清。医生：最后了解一下生活习惯。您平时作息、饮食、运动、吸烟饮酒情况怎么样？最近有没有劳累、熬夜、感染或情绪波动？患者：平时应酬多，饮酒较多，血压药有时漏服，最近赶项目连续熬夜。
"医生：您好，请坐。先问一下，您今天来主要是因为哪里不舒服？

患者：医生，我最近这右边的手和脚老是抖，控制不住，尤其是不做什么的时候更明显。走路也感觉不太对劲，步子迈不大，跟往前冲似的。

医生：嗯，我明白了。您说的这个抖动，大概是从什么时候开始的？是同时出现的，还是先从一个地方开始的？

患者：得有个把月了吧。最开始是右手先有点抖，后来右脚也跟着抖。现在感觉右边胳膊和腿都发紧，不灵活。

医生：那这种抖动，对您平时做事影响大吗？比如拿杯子喝水、写字或者走路转弯的时候，会不会觉得困难？

患者：有影响啊，拿个碗手都抖得厉害，写自己名字都写不利索了。走路更别提了，感觉脚像粘在地上，起步特别难，走起来又收不住，还老觉得要往前栽。

医生：除了抖和走路，您有没有觉得身体变得僵硬，或者动作比以前慢了很多？比如翻身、起床是不是费劲？

患者：对对，就是僵。尤其右边身子，跟生锈了似的。翻身确实比以前慢，有时候半夜想翻个身都得折腾半天。

医生：好的。您刚才说右小腿有时候会麻，右胳膊上面也会疼，这两个情况出现了多久？是持续性的，还是一阵一阵的？

患者：腿麻和胳膊疼是最近一个多星期才有的。麻是一阵一阵的，像过电一样。胳膊疼是那种酸胀的疼，有时候晚上睡觉压到了会更明显。

医生：以前有没有过高血压、糖尿病，或者受过什么外伤？比如腰、脖子或者头部有没有磕碰过？

患者：血压有点高，在吃着降压药，好几年了。糖尿病没有。外伤的话，年轻的时候从梯子上摔下来过一回，扭过腰，别的倒没什么。

医生：那您平时喝酒吗？有没有长期接触过什么农药、化工原料，或者之前生过什么比较特殊的病，比如脑炎、一氧化碳中毒这些？

患者：年轻时候喝得多，现在不怎么喝了。农药没碰过，一直在厂里做仓库管理，不接触那些。也没得过您说的那些病。

医生：您家里人，比如父母、兄弟姐妹，有没有谁出现过类似的手抖、走路不稳或者被诊断过“帕金森”这类病的？

患者：我父亲晚年的时候手也有点抖，但没查过，也没确诊是什么问题。其他兄弟姐妹都还好。

医生：好的。您刚才提到起步困难，那走路的时候胳膊还自然摆动吗？有没有觉得转身的时候特别容易站不稳，或者脚底下像被钉住了一样？

患者：胳膊？您这么一说，我觉得右边胳膊走路时好像不怎么甩了。转身确实费劲，得倒好几步，还生怕摔了。

医生：明白了。我再确认一下，您这些症状有没有在情绪紧张或者特别累的时候变得更明显？相反，在完全放松或者睡觉之后，抖动能好一些吗？

患者：对，越紧张越抖得厉害。睡着了就不抖了，早上刚醒那会儿感觉身上还轻松点，但一活动又不行了。","医生：哎，您好，我看您说话都费劲，喘不上气的感觉，今天这是咋了，哪儿不舒服啊？

患者：哎，大夫，我、我是那个……在快递公司干分拣的嘛。就最近这四五天，我这腿啊，一天比一天没劲儿。一开始吧，就是脚趾头有点麻，我没往心里去。后来呢，上楼梯，那个大腿就跟灌了铅似的，抬都抬不动。到今天早上，哎哟，我连床都下不来了，俩腿就跟不是自己的似的，完全瘫软了。现在更麻烦了，我这俩手也开始麻，刚才拿个小纸盒子，啪一下就掉了，根本攥不住。

医生：嗯，从腿往上，手也开始了，两边还对称，这个情况得重视。除了没劲儿、发麻，您自己用手按按小腿肚那个肉，疼不疼啊？还有啊，这两天有没有觉得心慌，就心跳忽快忽慢的，或者没干啥就出一身冷汗？

患者：哎哟大夫，您可说着了！这小腿肚子，一按，哎哟钻心地疼啊！冷汗也是，就这几天晚上，我睡着睡着，莫名其妙就冻醒了，一身冷汗，被子都湿了。心跳也快，咣咣咣的，就跟刚跑完八百米似的。

医生：嗯，肌肉按着疼，还有出汗、心慌这些，这些症状加在一起很重要。您再好好想想，大概半个月前吧，有没有拉过肚子？或者感冒发烧之类的？

患者：哦！您这么一说，我想起来了。差不多就是半个月前，我得了急性肠胃炎，拉肚子拉了好几天，人都拉虚脱了，后来去社区医院打了好几天点滴才缓过来。

医生：对，这个肠胃炎的历史很关键。那再问一下，您家里的直系亲属，就比如您爸妈、兄弟姐妹，有没有得过那种……就是突然之间就瘫痪了的病？或者有没有什么风湿啊、免疫系统方面的老毛病？

患者：没有没有，我爸妈都在老家种地呢，身体硬朗着呢，没得过这些乱七八糟的病。

医生：行，我大概心里有数了。最后再问一下您平时的吃喝，就拉肚子那天，是不是吃了什么不干净的外卖，或者没煮透的肉啊、海鲜什么的？

患者：哎，那天不是热嘛，我图省事，在路边摊买了份凉拌鸡丝，还有那个生腌的海鲜。吃完当天晚上，这肚子就跟拧麻花似的绞痛，接着就开始一个劲儿拉水了。",医生：您好，看您是由女儿搀扶着进来的，眼睛一直半眯着，今天是怎么个不舒服法？患者：大夫，我这病发作起来真是古怪。我平时在家里做家务，早上起来洗衣服拖地都好好的。可是一到下午，我要是想伸手去阳台挂个衣服，胳膊刚举过头顶，就像被抽了筋一样掉下来，根本抬不住。更要命的是我这双眼睛，一到下午，眼皮子就不听使唤地往下掉，得用手扒着才能看清路。医生：上肢抬举困难、眼睑下垂，而且也是下午加重，这非常有特征性。除了这些，您最近有没有觉得看电视的时候屏幕里的人变成了两个？或者平时说话多了一点，就觉得气喘吁吁，连气都喘不上来？患者：对对对！昨天晚上我看新闻联播，那个播音员我就看着是两个重叠的影子，我还以为是老花镜坏了。喘气的问题也有点，有时候多说两句话，就觉得胸口闷得慌，像有一块大石头压着，得深吸好几口气才舒服。医生：复视（看东西重影）和呼吸费力是非常重要的隐性症状。您以前有没有做过胸部CT检查，大夫有没有说过您有胸腺瘤或者胸腺肥大？患者：大概五年前吧，我因为一直咳嗽去拍过一次CT，当时大夫指着片子说我胸口这有个什么胸腺瘤，个头不大，建议我做手术切掉。但我这人怕开刀，加上后来也不咳嗽了，就一直拖着没去管它。医生：这绝对是一个非常关键的病史。您的直系亲属里，比如父母或者兄弟姐妹，有没有人得过严重的免疫系统疾病，比如类风湿关节炎？患者：我母亲有多年的风湿性关节炎，手指关节都变形了。医生：好的。最后问问您近期的生活习惯，最近是不是带孙子特别劳累？或者有没有得过流感发烧？患者：最近小孙子放暑假，天天在我这儿闹腾，我是一天到晚连轴转，累得腰酸背痛的。前几天还被他传染了热伤风，喉咙痛了好几天，估计就是累病了。,医生：您好，请您从最开始的不舒服说起，哪里最明显？患者：医生您好，主要是突发头痛、呕吐后走路不稳。今天早上突然觉得左侧胳膊和腿没劲，拿杯子拿不稳，走路往一边偏，家里人说我说话含糊。医生：我明白了。请您再具体说说，当时最早出现的症状是什么，后来又有什么变化？患者：是比较突然出现的，十来天前还基本正常，之后就一直没有完全恢复。医生：我再问一些不太容易注意到的表现：有没有答非所问、性格突然烦躁或发呆，吞咽呛咳，或者大小便控制变差？患者：脸和手有麻木感，自己觉得头昏沉，刚发作时说过几句不连贯的话，后来才慢慢清楚些。医生：关于既往史，您之前有没有因为神经、头部、肌肉无力或意识变化等问题就医？平时有什么基础病？患者：以前没有这样发作过，但有高血压多年，偶尔头晕，没系统检查过脑血管。医生：再了解一下家族情况。您的父母、兄弟姐妹或子女中，有没有人出现过类似症状，或有相关的长期疾病？患者：家里老人有过突然说不清话、走路偏斜的情况，其他亲属不太清楚。医生：平时生活习惯方面，是否经常久坐、熬夜、饮食偏咸偏油、饮酒吸烟？发作前有没有特别劳累或不适？患者：平时不太运动，常喝浓茶，睡眠不规律，最近家里事情多，情绪紧张。
"医生：您好，请坐。想先详细了解一下您的情况。您刚才提到眼睛看东西有重影、右边眼皮往下掉，还有吞咽不太顺畅，这几件事大概是从什么时候开始出现的？

患者：大概有两个多星期了吧，一开始只是觉得看东西有点花，以为是累了，后来发现右眼眼皮老耷拉着，早上还好，到晚上就特别明显。吃东西的时候也觉得有点咽不下去，喝水偶尔会呛。

医生：嗯，听您这么说，这些症状确实需要仔细问问。您说的复视，是看一个东西变成两个，两个影子是左右分开还是上下错开的？有没有哪个方向看特别明显？

患者：左右分开那种，有时候把一只眼睛遮住就没了。往右边看的时候更明显一些，看久了头还有点晕。

医生：好的。那右眼下垂的情况，您能再描述一下吗？是一整天都这样，还是时好时坏？有没有哪天早上起来感觉眼皮能睁得开一点？

患者：对，就是早上起来好一些，到下午或者晚上累了就掉得厉害。有时候我使劲睁也睁不大，感觉眼皮特别沉。

医生：明白。还有您说的吞咽困难，是吃干的硬的东西咽不下去，还是连喝水、喝粥都有问题？有没有觉得食物卡在胸口或者嗓子某个位置？

患者：主要是吃馒头、米饭这种干的，得喝点水才能顺下去。喝水有时候会从鼻子里呛出来，挺吓人的。倒没觉得卡在胸口，就是喉咙那没劲。

医生：这段时间有没有出现过说话声音变小、说久了发不出声，或者嚼东西嚼着嚼着没力气、需要停下来休息的情况？

患者：有啊，打电话说久了声音就哑了，感觉气不够用。吃饭也是，嚼几口腮帮子就酸得不行，得歇一会儿再吃。

医生：这些情况在一天当中有什么变化规律吗？比如是不是早上起来好一些，越到晚上越明显，还是完全没规律？

患者：好像都是下午和晚上比较明显，早上刚起来的时候人最清爽，眼皮也没那么掉。

医生：好的，这一点非常重要。最近有没有感觉胳膊、腿没力气，比如梳头、上楼、走路久了会吃力？有没有呼吸困难或者胸口发闷？

患者：胳膊腿倒没觉得特别没劲，就是偶尔抱孩子时间长一点手臂会酸。呼吸倒是还行，就是有时候呛完水之后有点咳嗽。

医生：明白了。除了这些，您最近有没有视力模糊以外的问题，比如眼睛发红、疼痛，或者看东西颜色变淡？另外，您以前有没有得过什么慢性病，比如甲状腺问题、糖尿病，或者免疫系统方面的疾病？

患者：眼睛不红也不疼，颜色没什么变化。以前身体挺好的，没查过什么大毛病，就是生完孩子之后有时候觉得累，但没当回事。我妈有甲状腺结节，算不算？

医生：家族里有甲状腺问题这个信息很有用。您生完孩子多久了？之后有没有出现过一会儿眼皮抬不起来、一会儿又好的情况？有没有做过任何相关的检查或看过其他科？

患者：孩子现在两岁多。生完他之后好像偶尔会觉得眼睛累，但没这么严重过。最近没去医院看过，就自己滴了点眼药水，没用。","医生：哎，您好您好，我刚才看您转身的时候是一点一点挪过来的，挺费劲的。您能跟我详细说说今天是怎么个不舒服法吗？  
患者：哎哟，大夫，我现在这身子骨啊，就跟一块生了锈的铁疙瘩似的，硬邦邦的。转身的时候，腰和腿根本不听使唤，得脚底擦着地，一点点小碎步跟着挪，跟电影里慢动作似的。我以前还喜欢写写毛笔字，现在完全不行了，手腕子发僵，想拐个弯都拐不过来，而且写出来的字越来越小，写到后头一行字全挤成一团，根本看不清写的是啥。  
医生：嗯，身体发僵、转身困难，再加上写字越来越小，这些都是很典型的运动方面的表现。那除了这些，您最近有没有觉得嗅觉不灵了，闻不到熟悉的味道？晚上睡觉的时候，会不会经常做噩梦，在梦里大声吼叫、手脚乱动？  
患者：哎呀，您这么一说还真是！我以前鼻子可灵了，最近老伴在厨房炒辣椒，满屋子都是辣味，我愣是一点没闻见，我还以为自个儿感冒了呢。晚上睡觉更吓人，我昨天做梦梦见狗咬我，我抬脚就踹，一脚踹在墙上，脚趾头都破皮了，疼醒了我才发现。我老伴说我最近经常大半夜突然尖叫，把她都吓一跳。  
医生：这些非运动方面的症状其实也非常重要，您别觉得跟手抖没关系。那您过去有没有比较严重的脑部外伤史？或者有没有得过脑炎之类的？  
患者：脑炎倒没得过。不过我年轻的时候开大货车，出过一次严重的追尾事故，脑袋直接撞方向盘上了，当时就啥都不知道了，医生说是重度脑震荡，还住了半个多月的院，打了好几天点滴。  
医生：嗯，这个既往史确实不可忽视。那您的家族里，比如您的长辈们，有没有人到了老年手脚经常不由自主地发抖，走路也总是弯着腰、慢吞吞的？  
患者：我爷爷以前七十多岁的时候，就是天天坐在那把太师椅上，手抖得连旱烟袋都拿不住，老往地上掉。他走路也是佝偻着背，挪得很慢很慢，跟蜗牛似的。  
医生：明白了。最后想了解一下您以前的生活习惯。您有没有长时间在林场或者农田干活，大量接触过杀虫剂、除草剂这类化学品？  
患者：有啊，我后来不在车队干了，就回老家包了一片果园，干了将近二十年果园。杀虫剂、除草剂成箱成箱地往家搬，打药的时候经常弄得满身都是，那个药水味儿到现在想起来还觉得刺鼻，那时候也不知道防护，连口罩都懒得戴。",医生：您好，慢点坐，今天主要是遇到了什么身体上的麻烦？患者：医生，我最近切菜的时候，刀都拿不稳了，手僵得很。更怪的是，我不干活坐着看报纸的时候，左腿和左手就自己在那抖个不停，搞得我心神不宁的。医生：休息时发抖、干活时手僵，这种情况不能大意。您最近有没有觉得吃饭没以前香了，闻不到味道？或者大便很不顺畅？患者：闻不到味道是真的，我现在吃什么都跟嚼蜡一样。大便也困难，经常憋在肚子里难受。医生：这些情况结合起来看很重要。您既往有没有脑部血管的慢性缺血病史？或者受过外伤？患者：查过颈动脉，有斑块，医生说脑供血不足。医生：您的父母或者爷爷奶奶，有没有人到了晚年手也总是发抖的？患者：我奶奶以前手就抖得厉害，连茶杯都端不住。医生：明白了。您以前的生活环境中，有没有长期接触过杀虫剂这类化学物质？患者：我以前在乡下农资店上班，天天搬运各种农药杀虫剂，经常闻到那个味儿。,医生：您好，我先了解一下，最让您担心的症状是什么？患者：医生您好，主要是反复短暂头晕伴一侧手麻。今天早晨醒来发现右侧手脚不太灵活，穿衣扣扣子很费劲，说话也有点含糊。医生：我明白了。请您再具体说说，当时最早出现的症状是什么，后来又有什么变化？患者：症状出现后没有马上完全好转，右侧手脚还是发笨，自己活动不方便。医生：有没有出现听懂别人说话困难、找词困难，或者手脚虽然能动但不听指挥、动作笨拙？患者：症状从早上到现在一直有，头晕不是转圈那种，就是站不稳，走直线会偏。没有发热，胸痛不明显。医生：接下来了解既往情况。您以前有没有类似发作或类似不适？平时有没有慢性病、住院史，或做过相关检查？患者：以前有过短暂手麻和说话不清，几分钟就好了，当时没来看。医生：家里直系亲属有没有发生过类似的肢体无力、抽搐、手抖、说话或走路异常等情况？患者：家里兄弟姐妹里有人血脂高，爷爷晚年半身不遂过。医生：最后了解一下生活习惯。您平时作息、饮食、运动、吸烟饮酒情况怎么样？最近有没有劳累、熬夜、感染或情绪波动？患者：喜欢喝酒，应酬多，体重增加明显，很少监测血压血糖。
"医生：您好，请坐。想先了解一下您最近主要哪里不舒服？

患者：医生，我最近一年总觉得身上没劲儿，特别是手脚，一阵一阵的，有时候还觉得说话有点不利索，舌头像打结一样。

医生：嗯，别着急，咱们慢慢说。您说手脚没劲儿，是一阵一阵发作吗？一般什么时候容易犯？是早晨轻、下午晚上重，还是一天里没规律？

患者：说不太准，但好像累了以后更明显，休息一阵能好点。早晨刚起来的时候还行，到下午或者干活多了就不行，腿像灌了铅。

医生：那这种没劲儿具体影响到您走路、拿东西了吗？比如上楼梯、梳头、端碗会不会费力？

患者：会。上楼得扶着栏杆，有时候端个水杯都觉得手腕发软，拿不住。严重的时候说话就大舌头，家人说我嘴里像含着东西。

医生：您说的“口齿有问题”，是不是就是这种说话含糊？有没有出现过吃饭喝水呛咳，或者嚼东西越嚼越没劲、咽不下去的情况？

患者：呛咳倒不经常，但嚼肉或者硬一点的东西，嚼一会儿腮帮子就酸得不行，得歇歇再吃。说话含糊也是时好时坏。

医生：这些症状有没有越来越重？另外，您眼睛有什么不舒服，比如眼皮抬不起来、看东西重影？

患者：眼皮下垂其实有好多年了，一直就那样，看东西有时候两个影，下午更明显。但最近一年感觉手脚和说话的问题更突出。","医生：您好，请坐。我看您说话好像有点费力，今天是怎么个情况，赶紧来医院了？  
患者：大夫，我是干快递分拣的，天天搬箱子。最近这四五天，我这腿是一天不如一天，越来越没劲儿。一开始就是脚尖发麻，我还以为站久了累的，没当回事。后来搬箱子的时候，两条腿就跟灌了铅似的，拖都拖不动。今天早上更邪乎，我连床都下不来了，双腿彻底软了，就跟不是自己的似的。现在两只手也开始发麻，连个胶带都撕不开，可把我吓坏了。  
医生：嗯，这种从下往上发展的对称性瘫痪，我们得高度重视。除了四肢没劲和发麻，您这两天有没有觉得心跳特别快，或者莫名其妙地出冷汗？  
患者：出冷汗太厉害了！这几天晚上睡觉，我老是半夜被冷汗冻醒，身上湿漉漉的，心跳也咚咚咚地快得不行，弄得我坐立不安，根本睡不踏实。  
医生：这种出汗和心跳的变化，其实是植物神经功能受影响的信号，很重要。您再回忆回忆，大概半个月前，有没有拉过肚子，或者感冒发烧过？  
患者：有！差不多半个月前，我贪便宜吃了份冷面，那面可能变质了，吃完就开始拉肚子，拉了好几天，腿都拉软了。  
医生：对，这个急性肠胃炎病史非常关键。那您的直系亲属，比如父母、兄弟姐妹，有没有人得过那种突然就瘫了的病？  
患者：没有没有，家里人都挺硬朗的，没谁有过这种毛病。  
医生：行，我清楚了。最后问一下，吃那份冷面的时候，您有没有觉得里面的肉或者配菜味道不对，看着不新鲜？  
患者：哎，您这么一说我想起来了，那冷面里的牛肉卷看着就发黑，颜色不对，我当时也犹豫了一下，但想着应该没事，就给全吃了。结果第二天就开始拉肚子，拉得不行。",医生：您好，看您是由家属扶着走进来的，步伐好像有点沉重，能跟我详细说说今天主要因为什么身体不适来医院的吗？患者：大夫啊，我这腿最近简直像灌了铅一样。刚才下出租车的时候，我的脚就像长在地上一样，怎么都拔不出来，急得我一头大汗。好不容易迈开步子了，又只能一点一点地往前蹭。还有我这右手，只要我坐下来不干活，放在腿上，大拇指和食指就不停地搓，怎么都停不下来，真是让人心烦。医生：这种起步困难和安静状态下的手部不由自主搓动，确实非常影响您的日常生活。除了这些手脚上的麻烦，您最近有没有觉得自己的鼻子不太灵敏了，闻不到饭菜的香味？或者晚上睡觉经常大喊大叫，连老伴都被您吓醒？患者：您还真说到点子上了。前天家里炖排骨，整个屋子都是肉味，我硬是啥也没闻见。而且我老伴最近跟我分房睡了，说我半夜做梦跟人打架，又踢被子又骂人的，我自己第二天醒来完全不记得，大便也经常四五天解不出来。医生：这些睡眠和肠胃方面的情况也是我们评估的重要参考。我们再回顾一下过去，您年轻的时候头部有没有受过比较严重的撞击伤？或者有没有被诊断过慢性脑部缺血？患者：年轻时在建筑工地干活，有一次脚滑从脚手架上摔下来，后脑勺着地，晕了十几分钟，医生说是脑震荡。这两年体检，大夫也说我脑子里的血管有点斑块，供血不太好。医生：这个既往史很有价值。那在您的长辈里，比如父母或者祖父母，有没有人到了晚年也出现过这种手抖个不停，或者走路弯腰驼背、步子迈不开的情况？患者：我记得我爷爷晚年的时候就是这样，天天坐在院子里摇椅上，手抖得拿不住茶杯，走路也是弯着腰，一点一点往前冲，那时候也没当回事，以为就是老了。医生：明白了，这些我都会记录在案。最后想了解一下您以前的生活环境，您早年间有没有长期从事农业工作，接触过大量杀虫剂之类的化学农药？或者是常年喝那种没有经过净化处理的井水？患者：我二十多岁的时候在老家的果园包了十几亩地，那时候除草剂、杀虫剂都是自己背着喷雾器打，连个口罩都不戴，经常弄得满手都是农药味。那时候我们村里也都是喝自家打的深井水。,医生：您好，请您从最开始的不舒服说起，哪里最明显？患者：医生您好，主要是反复短暂头晕伴一侧手麻。先是头晕，随后嘴角有点歪，家人说我吐字不清，右侧腿走路使不上劲。医生：我明白了。请您再具体说说，当时最早出现的症状是什么，后来又有什么变化？患者：当时来得很急，家人发现我说话、走路都和平时不一样，到现在仍然有影响。医生：我还想确认一些细节：这些症状是持续存在还是一阵一阵？有没有头晕像天旋地转、复视、走直线困难？患者：症状从早上到现在一直有，头晕不是转圈那种，就是站不稳，走直线会偏。没有明显喷射样呕吐，也没有抽搐。医生：关于既往史，您之前有没有因为神经、头部、肌肉无力或意识变化等问题就医？平时有什么基础病？患者：做体检时提示颈动脉斑块，平时偶尔心慌，但没系统复查。医生：从家族史方面看，家里有没有人有类似发作，或者长期的神经系统、肌肉无力、脑血管方面问题？患者：家里兄弟姐妹里有人血脂高，爷爷晚年半身不遂过。医生：我还想了解生活和诱因：最近睡眠、压力、饮食、饮酒、吸烟、运动，以及外出或特殊接触情况如何？患者：喜欢喝酒，应酬多，体重增加明显，很少监测血压血糖。
"医生：您好，请坐。先想了解一下您最近具体是哪里不舒服，能从头跟我说说吗？

患者：医生，我这一年半老是犯病，已经三次了。每次都是先从眼睛开始，看东西有重影、模模糊糊的，然后慢慢就感觉胳膊腿没劲儿。

医生：嗯，您说得很清楚。那这三次发作，每次大概持续多长时间？中间是完全恢复正常了，还是总觉得有些没力气？

患者：每次发作能有个把月，中间好了的时候跟正常人差不多，就是这次好了没两三个月又犯了。

医生：明白了。您说四肢没力气，是走路、上楼梯费劲，还是拿东西、梳头这些动作也受影响？有没有早上轻一点、到下午晚上就加重的情况？

患者：都有，走路走不远，胳膊抬久了也酸。对，好像早上刚起来还好，越到晚上越没劲。

医生：那您有没有出现过说话声音变小、吃东西咽不下去、或者喝水呛到、喘气费劲这些情况？

患者：严重的时候说话有点大舌头，嚼东西嚼一会儿就嚼不动了，喝水还好，没呛过，喘气倒没觉得。

医生：好的，这些信息很重要。您刚才提到吃过不少药，除了眼睛和四肢的问题，您以前有没有得过其他病？比如甲状腺、风湿免疫方面的问题？家里人有没有类似的情况？

患者：我没查过甲状腺，家里人好像没听说有这毛病。我以前身体还行，就是这一年多才开始这样。

医生：了解了。那您这段时间有没有发现眼皮往下耷拉，尤其是下午或者累的时候更明显？早上起来眼睛能睁得大一些吗？

患者：有有有，下午眼皮就抬不起来，早上还能好点，看东西重影也是下午厉害。","医生：哎，您好您好，请坐请坐。我看您系扣子这动作挺费劲的，今天是觉得哪儿不对劲了？  
患者：哎呀，大夫，我这病说起来可真折磨人。大概大半年前开始吧，我整个人就跟生锈了似的，早上穿个衣服系个扣子，得在那儿捣鼓十来分钟，手指头不听话。而且我这右手啊，老是不由自主地搓，就跟搓小药丸似的抖。刚开始吧，只有我一个人安安静静坐着看电视的时候才抖，一干活儿拿东西反而不抖了，我还以为没啥大事。现在走路也出问题了，右胳膊根本不会像正常人那样前后摆，就那么死死地贴在裤腿上，跟焊上去了一样。  
医生：嗯，这种单侧起病的、安静时候抖、干活不抖的震颤，再加上动作慢、胳膊摆动减少，这个组合非常有特征性。那除了这些，您最近有没有觉得鼻子不太灵，闻不着味儿？晚上睡觉的时候，有没有经常做噩梦，甚至在梦里大喊大叫、拳打脚踢的？  
患者：哎哟，您这么一说还真是！我最近确实闻不见味儿了，昨天家里熬醋消毒，满屋子酸味，别人都呛得慌，我是一点没闻见。睡觉就更别提了，我老婆现在都不跟我一个屋睡了，说我半夜老是嗷嗷叫唤，手脚还乱踢，好几次都把她打醒，气得她不行。还有啊，我这便秘也特别严重，好几天才拉一次，可费劲了。  
医生：这些情况其实都是有关联的，您别觉得奇怪。那咱们再看看过去的情况，您年轻的时候头部有没有受过比较严重的撞击？或者有没有长期慢性的脑供血不足的病史？  
患者：脑袋倒没受过重伤。不过这几年吧，确实一直觉得脑子里昏昏沉沉的，不清亮。之前在社区医院看过，大夫说是慢性脑供血不足，给我开了点活血的药，我也断断续续地吃着，没太当回事。  
医生：嗯，了解了。那家族遗传方面呢，您的父母、祖父母或者其他直系长辈，有没有人到晚年也出现类似手抖、走路越来越慢，甚至弯腰驼背、迈不开步的情况？  
患者：我爷爷活着的时候吧，最后那几年手就一直抖，当时村里人都说那是人老了，老态龙钟，我们没往心里去，没带他去大医院看过。现在想想，不知道是不是跟我这一个毛病。  
医生：好的，我清楚了。最后再了解一下您过去的生活环境和习惯。您以前有没有长期在农田干活，接触过农药、杀虫剂之类的？或者长时间喝那种没处理过的井水？  
患者：哎呀，大夫，我是从农村出来的，年轻时候在老家承包了几十年的果园，打农药、喷杀虫剂那是家常便饭。那时候哪有什么防护意识啊，连口罩都不戴，药水喷身上都觉得正常。喝水也都是自家院子里打的那种老井水，直接打上来就喝了，没想过有啥问题。",医生：您好，看您走路的时候身子总有些往前倾，今天主要是哪里不舒服来就诊的？患者：医生，我这腿脚现在是彻底不听大脑指挥了。走在路上，我总感觉有一股力推着我往前跑，步子迈得特别小，越走越快，想停都停不下来，好几次直接撞到别人身上。而且只要我坐在公园长椅上休息，左腿就开始有节奏地上下颠簸发抖，我自己用手压都压不住。医生：这种慌张前倾的步态和休息时的下肢震颤，对您的安全是个很大隐患。除了这些走路和发抖的问题，您最近有没有觉得自己情绪特别糟糕，甚至觉得活着没意思？大便是不是也非常干结困难？患者：情绪确实差到了极点，每天醒来就觉得没意思，常常一个人偷偷掉眼泪，觉得给儿女添麻烦了。大便也是，感觉肠子都不蠕动了，经常四五天解一次，硬得像石头，非常痛苦。医生：情绪问题和严重的便秘也是我们评估的重要一环。您既往有没有过脑部的外伤，或者被诊断过慢性脑缺血、脑动脉硬化？患者：几年前体检做过颈部彩超，医生说我有多发性动脉硬化斑块，脑子供血不好。头倒是没摔过。医生：那您的家族长辈中，有没有人到了老年，整个人变得动作极其迟缓，甚至脸上总是没有表情，像戴着面具一样？患者：我奶奶以前就是，到了七十岁以后，脸上一点笑容都没有，不管你跟她说啥她都板着脸，而且动作慢得像蜗牛，手也一直抖。医生：明白了。最后想问问，您以前有没有长期喝过农村的井水？或者在工作生活中大量接触过除草剂、杀虫剂？患者：我是林业局退休的，年轻的时候在深山老林里搞了二十多年的病虫害防治，成吨的杀虫剂我都接触过，经常是用手直接去兑药水。山里也没有自来水，常年喝的都是地下泉水和井水。,医生：您好，今天主要因为什么不舒服来就诊？患者：医生您好，主要是突然走路不稳、拿东西掉落。1天前突然觉得左侧胳膊发沉，筷子拿不稳，走路拖脚，没有明显头痛。医生：我明白了。请您再具体说说，当时最早出现的症状是什么，后来又有什么变化？患者：症状出现后没有马上完全好转，左侧手脚还是发笨，自己活动不方便。医生：有没有出现听懂别人说话困难、找词困难，或者手脚虽然能动但不听指挥、动作笨拙？患者：有时候喝水会呛一下，左侧脸和手感觉木木的，眼睛看东西偶尔发花。没有发热，胸痛不明显。医生：之前身体状况怎么样？有没有类似症状、慢性病、外伤史，或体检提示过异常？患者：做体检时提示颈动脉斑块，平时偶尔心慌，但没系统复查。医生：家里直系亲属有没有发生过类似的肢体无力、抽搐、手抖、说话或走路异常等情况？患者：母亲糖尿病多年，舅舅曾突然说话不清住院。医生：最后问一下，近期有没有旅行、腹泻或感冒，是否接触特殊环境？平常作息和运动规律吗？患者：每天坐办公室十几个小时，最近连续加班，颈部也常发紧。
"医生：您好，请坐。先详细了解一下您的情况。您今天来，主要是觉得身体哪里最不舒服？

患者：医生，我最近吃饭咽东西费劲，感觉喉咙像卡住一样，喝水有时也呛。另外两只脚肿得厉害，一按一个坑。

医生：好的，这两个问题确实需要重视。咱们先说说吞咽困难，这种情况大概出现多久了？是吃干的东西咽不下去，还是连喝水、喝粥都觉得困难？

患者：差不多有一个多月了。一开始是吃干饭、馒头费劲，得喝口水送送。最近这半个月，连喝稀饭都觉得不顺当，有时候从鼻子里呛出来。

医生：听起来确实在加重。除了吞咽，您有没有觉得早上起来还好，到了下午或晚上眼皮抬不起来、看东西重影，或者胳膊腿没力气？

患者：你这么一说，我好像下午看东西偶尔是有点双影，但我没太在意。胳膊腿倒还行，就是走路久了腿发软。

医生：明白了。那脚肿呢？两只脚都肿吗？早上和晚上有没有区别？按下去皮肤回弹慢不慢？

患者：两只都肿，脚脖子那块最明显，晚上比早上肿得厉害，睡一觉起来能消一点。按下去就是一个窝，半天起不来。

医生：了解了。我注意到您提到血糖，您之前确诊过糖尿病吗？还是自己在家测发现高？

患者：没正式看过，就是家里有血糖仪，自己测的。早上空着肚子6点多，中午饭前2小时测15点多，晚饭前2小时测25点多，这数字我看着吓人。

医生：确实偏高，而且波动很大。您最近有没有觉得特别口渴、老想喝水、尿也比以前多？体重有没有变化？

患者：渴得很，一天抱着水杯，晚上得起夜三四次。体重好像掉了五六斤，但我没刻意减肥。

医生：这些症状和血糖高是相符的。另外，您刚才提到慢性阑尾炎，那是以前诊断过的老毛病吗？最近右下腹有没有疼过？

患者：对，两年前查出来的，当时不厉害就没手术。最近这半个多月，右下腹有时候隐痛，但不重，我也没当回事。

医生：好的，这个情况也要留意。最后问一下，您家里父母或兄弟姐妹有没有糖尿病、或者类似的肌肉无力、眼皮抬不起来的情况？

患者：我母亲有糖尿病，其他倒没听说。","医生：哎，您好您好，看您是由朋友搀着进来的，今天发生啥事儿了？  
患者：哎哟，大夫，别提了，我在KTV里可出了大丑了。那包厢里有个五颜六色的球灯，转得特别快，一闪一闪的。我看着看着，突然就觉得一阵恶心，恶心得不行，接着眼前一黑，啥都不知道了。我朋友说我就直挺挺地往后倒沙发上了，全身抽抽，嘴里还吐白沫子。我醒过来才发现，自己把舌头都咬破了，还把茶几给踹翻了。  
医生：嗯，在那种强光一闪一闪的环境下突然失去意识，还全身抽动，这个情况我们得特别重视。您倒下之前，除了恶心，有没有觉得肚子里有股气往上顶？醒了以后是不是觉得特别困，眼皮都抬不起来？  
患者：对，倒下前确实觉得胃里一股气往上冲，心里慌得不行。现在嘛，全身肌肉就跟刚跑完一万米似的，酸疼得厉害，而且困得眼睛都睁不开，现在就只想倒头睡一觉。  
医生：发作以后极度疲劳和肌肉酸痛，这个表现很典型。那您回忆一下，小时候有没有摔过脑袋，或者发高烧的时候抽过筋？  
患者：我妈跟我说过，我三岁多的时候发高烧，烧到四十度，曾经抽过去一次，嘴唇都紫了，可把他们吓坏了。  
医生：好的，高热惊厥这个病史很重要。那您的父母或者兄弟姐妹里头，有没有人也有这种受不了闪光刺激，一看见就晕倒抽抽的毛病？  
患者：我亲舅舅以前就有这个毛病，也是在舞厅里，灯光一闪就容易倒地抽风，家里人都知道。  
医生：嗯，了解了。最后再问一下您最近的生活状态，是不是天天熬夜？昨天在KTV是不是也喝了不少酒？  
患者：昨天确实喝了不少洋酒，兑着饮料喝的。加上最近工作连轴转，已经好几天没睡过一个囫囵觉了，整个人都是飘的。",医生：您好，看您面部表情有些紧绷，今天是哪里觉得异常了？患者：大夫，我女儿总说我天天板着个脸像生气，可我真没生气，就是觉得脸皮发木笑不出来。而且我发现自己起步走路特别困难，脚像长在地上，得拖着走。医生：面部表情减少和起步困难确实让人困扰。除了这些，您晚上睡觉会做噩梦并伴随很大的肢体动作吗？情绪怎么样？患者：天天做噩梦跟人打架，我老伴说我经常在睡梦中手脚乱挥。情绪也很差，老想哭。医生：睡眠和情绪的改变也是重点。您以前有没有得过脑炎？或者有慢性脑缺血的情况？患者：脑缺血有，经常头昏沉。脑炎倒没有。医生：那您的长辈里，有没有人老了以后走路弯腰驼背，步子特别小的？患者：我大伯老了就是严重的驼背，走路小碎步挪动。医生：了解了。您以前在老家的时候，喝的水是井水吗？接触过农药吗？患者：一直喝的地下井水。年轻时种地也打过几年农药。,医生：您好，您这次来看诊，主要是哪方面的问题？患者：医生您好，主要是醒后发现说话不清、手脚发笨。今天早晨醒来发现左侧手脚不太灵活，穿衣扣扣子很费劲，说话也有点含糊。医生：这些表现是突然出现还是逐渐加重？大概从什么时候开始，最明显影响到什么活动？患者：是比较突然出现的，2天前还基本正常，之后就一直没有完全恢复。医生：有没有出现听懂别人说话困难、找词困难，或者手脚虽然能动但不听指挥、动作笨拙？患者：我能听懂大多数话，但想说某个词时会卡住，左侧手能动但特别笨。医生：关于既往史，您之前有没有因为神经、头部、肌肉无力或意识变化等问题就医？平时有什么基础病？患者：以前有过短暂手麻和说话不清，几分钟就好了，当时没来看。医生：从家族史方面看，家里有没有人有类似发作，或者长期的神经系统、肌肉无力、脑血管方面问题？患者：母亲糖尿病多年，舅舅曾突然说话不清住院。医生：最后问一下，近期有没有旅行、腹泻或感冒，是否接触特殊环境？平常作息和运动规律吗？患者：每天坐办公室十几个小时，最近连续加班，颈部也常发紧。
"医生：您好，请坐。第一次见您，想先仔细了解一下您最近身体的情况。您刚才提到“气息太弱”，能具体说说是什么感觉吗？比如是觉得喘不上气，还是说话、活动的时候没力气？

患者：就是觉得气短，说话说多了累，声音好像也提不起来。有时候坐着不动也感觉呼吸不太顺畅，像胸口压着东西。

医生：我明白了。这种呼吸不畅的感觉，是一直都有，还是什么时候会更明显一些？比如白天、晚上，或者活动后？

患者：下午和晚上比较明显，一累就更厉害。早上刚起来的时候会好一点，但也没完全轻松过。

医生：好的，这个变化规律很重要。您还提到颈部总觉得被人用绳子套住，这个感觉是持续性的，还是阵发性的？有没有伴随疼痛或者僵硬？

患者：说不好，就是一直有那种被勒着的感觉，转头、低头都不得劲，不疼，但特别沉。

医生：那肩膀发软不舒服，是两只肩膀交替出现，还是同时？有没有影响到抬胳膊或者拿东西？

患者：基本是左右交替，今天左肩明天右肩这样。抬胳膊费力，梳头都累，拿个水杯也感觉手没准头。

医生：您还说到无名指和小指不灵活，这种感觉是只有手指，还是整个手或者手臂都有？有没有早晨轻、下午重的变化？

患者：就是那两根手指，别的手指还行。也是下午更笨，扣扣子、拿筷子夹东西不利索。早上能强点。

医生：还有眼睛的情况，左眼角变成三眼皮、睁不起，是最近多久开始的？有没有哪天完全睁不开，或者看东西重影？

患者：差不多有两个多星期了。有时候眼睛像没睡醒一样耷拉着，但还没到完全睁不开。重影倒是没有，就是觉得眼角发紧发干，还老想流泪。

医生：好的。您提到嗜睡，是白天总想睡、睡不醒，还是虽然困但睡不着？晚上睡眠质量怎么样？

患者：白天困，坐着没事就想睡，但真躺下又睡不踏实，晚上也总醒。不知道是不是跟呼吸不好有关系。

医生：有可能。您以前身体怎么样？有没有高血压、糖尿病、甲状腺方面的问题？或者最近有没有感冒、发烧、拉肚子这些情况？

患者：以前身体还行，没查过那些。就是最近一个多月总觉得累，也没感冒发烧。家里我妈有风湿病，别的没啥特别的。","医生：哎，您好您好，看您是被两位同学背进来的。今天主要是怎么回事儿啊？  
患者：大夫，我是大学生。三天前我正跑长跑呢，就觉着两个脚掌发木，像踩在棉花上似的。到了前天吧，小腿肚子就开始发软，我爬宿舍楼梯都费劲，得扶着扶手。今天早上我本来想去上课，结果发现两条腿彻底废了，一点劲儿都没有。我想用手去拿书包，结果俩手也麻得跟针扎一样，根本握不住。  
医生：嗯，这种对称性的从下肢往上发展的瘫软无力，这个情况确实很危险。除了四肢的问题，您自己按压一下肌肉，觉得疼不疼？另外这两天有没有觉得呼吸变得很重，气不够用，喘不上气的感觉？  
患者：肌肉是真的疼，酸痛得要命，一碰就跟被锤子砸了似的。呼吸……确实有点费劲，我现在稍微大声说几句话，就得停下来喘几口，感觉胸口闷得慌。  
医生：肌肉压痛和呼吸也受累，这个表现非常典型。那您往前推一推，大概一两周前，有没有拉过肚子，或者感冒发烧过？  
患者：有！十二天前吧，我在学校门口吃了一顿生腌，结果当天晚上就开始上吐下泻，拉得全是水，腿都软了。  
医生：这个胃肠道的感染史非常重要。那您的直系亲属，比如父母、兄弟姐妹，有没有人发生过这种突然四肢不能动的情况？  
患者：没有没有，家里人身体都挺好的，没谁有过这种毛病。  
医生：行，我清楚了。最后再问一下，拉肚子之前吃的那顿生腌里，有没有吃过没熟透的海鲜啊？  
患者：哎，那天就是太馋了，点了一份生腌血蚶和醉虾，那血蚶壳里全是血水，我吃着还挺鲜，结果吃了之后第二天就开始拉肚子，拉得不行。",医生：您好，看您是由家属推着轮椅进来的，今天主要是哪里不舒服？患者：大夫，我这身体是越来越不听使唤了。我这左半边身子，只要闲着没事干，左手和左脚就开始一起发抖，频率还挺均匀。可要是让我端个杯子，手一伸出去它反而稳了。现在最难受的是全身像被绳子捆住了一样僵硬。早上洗脸，我拿毛巾擦脸的动作慢得像电影里的慢镜头，走起路来整个人是往前倾的，步子特别小，像小碎步一样往前赶。医生：这种静止性发抖、全身强直和那种小碎步的慌张步态，确实非常影响生活。除了这些，您最近有没有觉得情绪极其压抑？大便是不是很困难？晚上睡觉会不会大声喊叫？患者：情绪压抑得受不了，天天觉得活着没意思，老是想哭。大便也非常困难，肚子胀得难受也解不出来。晚上睡觉更是吓人，我老伴说我好几次大半夜突然从床上坐起来，大声吼叫，挥舞着手臂像在跟人打架。医生：这些情况我都有数了。您以前有过比较严重的头部撞击史吗？或者被诊断过慢性脑部缺血？患者：我以前在工地上干活，从两米高的架子上摔下来过，头着地，当时说是脑震荡。这几年也确实查出来脑供血不足，经常头昏脑胀的。医生：好的。家族方面，您的直系亲属里，有没有人在中老年阶段出现过弯腰驼背、手脚总抖、表情木讷的情况？患者：我亲妈晚年就是个严重的驼背，而且脸上一点表情都没有，一天到晚板着脸，手放在膝盖上一直哆嗦。医生：明白了。最后问问您的生活习惯，您年轻时有没有长期从事接触农药的工作，或者长期饮用地下井水？患者：我年轻时在乡下干过好几年的农业技术员，专门负责试用各种新型的杀虫剂和化肥，那时候也没防护条件，药水经常溅到脸上。水也是常年喝的乡下没处理过的深井水。,医生：您好，我先了解一下，最让您担心的症状是什么？患者：医生您好，主要是突然走路不稳、拿东西掉落。今天早晨醒来发现左侧手脚不太灵活，穿衣扣扣子很费劲，说话也有点含糊。医生：我明白了。请您再具体说说，当时最早出现的症状是什么，后来又有什么变化？患者：起初我还想忍一忍，但家人看我反应慢、走路偏，就陪我来了。医生：除了肢体无力和说话变化，您有没有短暂视物模糊、吞咽不顺、口水增多，或者一侧身体感觉变钝？患者：我能听懂大多数话，但想说某个词时会卡住，左侧手能动但特别笨。没有发热，胸痛不明显。医生：我再问一下过去的身体情况：以前出现过这样的症状吗？有没有长期疾病、外伤、手术或正在服用的药物？患者：有高血压、糖尿病，平时药吃得不太规律，血脂也偏高。医生：再了解一下家族情况。您的父母、兄弟姐妹或子女中，有没有人出现过类似症状，或有相关的长期疾病？患者：母亲糖尿病多年，舅舅曾突然说话不清住院。医生：最后问一下，近期有没有旅行、腹泻或感冒，是否接触特殊环境？平常作息和运动规律吗？患者：平时久坐，爱吃油腻和咸的，烟抽得多，运动少。
"医生：您好，请坐。第一次见您，先详细了解一下情况。您刚才提到很长时间前就觉得左眼睁开受限、两只眼睛不一样大，左脸也不太舒服，能具体说说这种情况大概是从什么时候开始的吗？是几个月前，还是已经有一两年了？

患者：嗯……我想想，可能得有半年多了吧。最开始就是早上起来还好，到下午或者晚上看东西久了，就觉得左边眼睛要使劲才能睁开，有时候照镜子发现一个眼大一个眼小。

医生：明白了，那这种眼睛睁不开的感觉，是一阵一阵的，还是说一直持续存在？有什么时候会感觉好一些，什么时候会明显加重？比如早上刚睡醒和劳累一天之后，差别大不大？

患者：对，就是早上会好很多，有时候几乎看不出大小眼。但到了下午、晚上，或者看电视、看手机时间长了，左眼就掉下来了，感觉特别累。脸也是，左边脸有点木木的、紧紧的，说不出来，就是不得劲。

医生：这种“累”的感觉很关键。除了眼睛和脸，您最近有没有觉得嚼东西没力气，比如吃硬一点的肉或者嚼口香糖时间长了会咬不动？或者说话时间久了声音变小、含糊不清？

患者：嚼东西……好像有一点，吃饭吃到后面觉得腮帮子酸，但没太在意。说话倒没觉得含糊，就是有时候说多了觉得累，不太想张口。

医生：好的。另外您有没有出现过看东西重影，也就是一个东西看成两个？或者眼皮往下掉的时候，有没有伴随头晕、手麻、腿没力气这些情况？

患者：重影好像没有过，就是单纯觉得左眼抬不起来。头晕手麻没有，但有时候下午左眼实在睁不开，我就用手把眼皮撑一下，还能好一点。

医生：嗯，您描述得很清楚。为了排除其他原因，我还需要了解您以前身体怎么样，有没有高血压、糖尿病、甲状腺方面的问题？最近有没有感冒发烧、拉肚子，或者打过什么疫苗？

患者：身体一直还行，没有高血压糖尿病，甲状腺没查过。最近也没感冒发烧，疫苗……年初打过流感疫苗，都过去挺久了。","医生：哎，您好您好，别着急啊，慢慢说，今天是哪儿不舒服赶紧过来了？  
患者：大夫，我跟您说，我刚才开车下班路上，想踩刹车减速，结果您猜怎么着，我右脚根本抬不起来，脚底板就跟抹了油似的直打滑，怎么都踩不到踏板上，差点就追尾前头那车了。吓得我赶紧拉了手刹，靠边停了。停下车以后吧，就觉着右边这半边脸啊，跟敷了层厚麻药似的，一点感觉都没了，木木的。  
医生：哎呀，这太危险了，幸亏您反应快及时停下了。那除了右边手脚和脸上发麻没力气，您最近有没有觉得头一转的时候，突然一阵天旋地转的晕？或者平时吃饭喝水的时候，觉着吞咽有点费劲？  
患者：转头眩晕还真有！就前几天我倒车的时候，猛地一回头，晕得我直恶心，差点吐出来。吞咽倒还好，没觉得卡，就是右边这舌头有点不听使唤，嚼东西的时候老容易咬到自己腮帮子。  
医生：好，我知道了。那您以前有没有查出来过糖尿病啊？或者有没有说同型半胱氨酸偏高，这类跟血管相关的风险因素？  
患者：我有二型糖尿病好几年了，平时就好吃口甜的，血糖控制得乱七八糟的，根本没当回事。您说的那个什么同型……什么酸，我没查过，也不太懂那是啥。  
医生：嗯，了解。那家里长辈，比如您父母，有没有得过中风、脑梗，或者糖尿病严重并发症的？  
患者：我妈也是糖尿病，后来并发症严重了，突发脑溢血就没救过来。  
医生：明白了。最后再问一下您平时生活习惯，是不是不太运动？体重是不是也有些超标？  
患者：哎，大夫，您看我这个头，快两百斤的大胖子了。平时上下班都开车，到单位就坐那一整天，回家累得也不想动，根本没时间没精力去运动，这身体我自己也知道不行。",医生：您好，看您刚才转身的时候是一点点挪过来的，今天是哪里出了状况？患者：大夫，我现在转身太难了，身体像一块钢板。还有，我平时坐在那休息，左腿就不由自主地上下抖，抖得我心烦意乱。医生：转身困难和静止时的下肢震颤很典型。除了这些，您最近晚上睡觉安稳吗？有没有经常大喊大叫？患者：我老伴说我半夜经常突然吼一嗓子，还踢被子，我自己全在梦里，根本不知道。医生：睡眠行为异常也是个重要的信号。您以前查出过脑血管慢性缺血吗？或者受过大伤？患者：有慢性脑供血不足，老毛病了。医生：那您的父母亲属中，有没有人到了晚年走路也总是前倾，容易摔倒的？患者：我母亲生前最后几年走路就是往前冲，拉都拉不住。医生：了解。您以前有没有长期饮用过未经处理的井水？患者：是的，小时候在山里一直喝井水。,医生：您好，请您从最开始的不舒服说起，哪里最明显？患者：医生您好，主要是一过性黑矇后出现肢体乏力。昨天有几分钟眼前发黑，后来恢复了，但今天右侧手麻木、动作慢，走路不稳。医生：好的。这个情况持续了多久？中间有没有完全缓解，还是一直存在或越来越明显？患者：是比较突然出现的，一周前还基本正常，之后就一直没有完全恢复。医生：我还想确认一些细节：这些症状是持续存在还是一阵一阵？有没有头晕像天旋地转、复视、走直线困难？患者：症状从早上到现在一直有，头晕不是转圈那种，就是站不稳，走直线会偏。医生：我再问一下过去的身体情况：以前出现过这样的症状吗？有没有长期疾病、外伤、手术或正在服用的药物？患者：做体检时提示颈动脉斑块，平时偶尔心慌，但没系统复查。医生：再了解一下家族情况。您的父母、兄弟姐妹或子女中，有没有人出现过类似症状，或有相关的长期疾病？患者：家里兄弟姐妹里有人血脂高，爷爷晚年半身不遂过。医生：平时生活习惯方面，是否经常久坐、熬夜、饮食偏咸偏油、饮酒吸烟？发作前有没有特别劳累或不适？患者：平时久坐，爱吃油腻和咸的，烟抽得多，运动少。
"医生：您好，请坐。想先仔细了解一下您的情况。您刚才提到最近有些不对劲，能具体说说最早是从什么时候开始、哪个地方先觉得不舒服的吗？

患者：嗯……大概有一个多月了吧。最开始就是觉得眼皮特别沉，尤其到下午或者晚上，看东西老是重影，得眯着眼或者用手撑一下眼皮才清楚点。脖子也老是没劲儿，头好像很重，老想用手托着。

医生：我明白了。您说眼皮沉和看东西重影，是一个眼睛还是两个眼睛都这样？早上刚睡醒的时候，会不会觉得好一些？

患者：两个眼睛都有，但左边好像更明显。早上刚起来那会儿确实会好一点，可过一两个小时就又不行了。说话也是，早上还能说清楚，多说几句或者到傍晚，就感觉舌头不听使唤，声音也哑哑的。

医生：好的，这个特点很重要。您还提到喝水呛咳，这种情况是最近才出现的吗？是每次喝水都呛，还是偶尔？有没有觉得吞咽东西比以前费劲？

患者：就是最近两三个礼拜才开始呛的，不是每次都呛，但一呛就咳得厉害，有时候喝口稀饭都会从鼻子里返出来。吃东西倒还咽得下去，就是嚼久了觉得腮帮子累，要歇一歇。

医生：我理解了。那您走路累的情况，大概能连续走多远？是腿上没力气，还是全身都觉得累？休息一会儿能缓过来吗？

患者：以前能遛弯半小时，现在走个五六分钟腿就软了，抬不起脚，胳膊也酸。坐下歇个十几分钟能好一点，但再走还是很快又累。也不是喘不上气那种累，就是使不上劲。

医生：好的。除了您刚才说的这些，最近有没有觉得呼吸费力、胸口发闷，或者晚上平躺时气不够用的情况？

患者：这个倒没明显觉得，就是爬楼梯后有点喘，但歇一下就好了。","医生：哎哟，您好您好，看您这脸色煞白的，还是被老伴推着轮椅进来的。今天是怎么个不舒服法，您慢慢跟我说说。  
患者：大夫，我是个农场主，平时天天在地里干农活。这几天真是把我给吓坏了。一开始吧，就是穿水鞋的时候，觉着脚趾头麻麻的，我没当回事。过了两天，连站地里都站不住了，两条腿直打软。今天早上彻底完了，两条腿一点知觉都没了，而且这麻劲儿啊，已经爬到胳膊上了，连拿铁锹的力气都使不出来。  
医生：嗯，您这个感觉异常和两边对称的无力，从下往上蔓延，这个特点非常典型。除了四肢的问题，您自己捏捏腿肚子，觉着酸痛吗？另外最近有没有发现自己脸两边不太对称，比如喝水容易从嘴角漏出来？  
患者：腿肚子疼得厉害，就跟肌肉里头着了火似的，一碰就疼。喝水也确实漏，今天早上喝口粥，右边嘴角完全兜不住，还从鼻子里呛出来一点，可狼狈了。  
医生：肌肉压痛和面神经也受影响了，这确实是关键线索。那您在出现脚麻之前的半个月左右，有没有拉过肚子，或者得过感冒之类的？  
患者：有！差不多两个星期前吧，我拉肚子拉得腿都软了，一天跑十几趟厕所，还伴着低烧，折腾了好几天。  
医生：这个胃肠道感染的病史我记下来了。那您的直系亲属，比如父母、兄弟姐妹，有没有人得过那种容易突然瘫痪的病？  
患者：没有没有，我们家亲戚里头，没听说过谁得过这种突然就瘫掉的毛病。  
医生：行，我清楚了。最后再问一个生活细节，您拉肚子之前，在农场有没有吃过什么特别的东西？比如说没烤熟的野味？  
患者：哎，您这么一说我想起来了。那天几个朋友来农场玩，我们烤了只野鸭吃，那肉有的地方还没完全烤熟，还带着血丝呢，我当时没多想就吃了。结果第二天就开始拉肚子，拉得不行。",医生：您好，看您双手一直揣在衣兜里，是不舒服吗？患者：医生，我这双手现在一拿出来就丢人。只要我不干活，两只手就跟过电一样哆嗦，拿出来别人看着还以为我害怕什么呢。但如果我真的要去端个碗、拿个笔，它反而就稳当了。而且我现在觉得全身的肌肉都酸痛僵硬，尤其是脖子和肩膀，像挑了百十斤的重担一样。医生：这种典型的静止性震颤和肌肉强直引起的酸痛，我完全理解您的感受。除了手抖和肌肉僵硬，您最近有没有觉得自己的嗅觉下降得很厉害？或者晚上睡觉的时候，会不会在梦里表现得特别激动，手脚乱动？患者：您要不说我都没想到这事。我以前很爱闻桂花香，今年秋天走到树下竟然什么都闻不到。晚上睡觉也是，我经常梦见自己跟人吵架，我就在床上拼命挥手，把我老婆吓得跑去跟孙女睡了。大便也特别干结，像羊粪一样。医生：这些情况很重要。回忆一下过去，您有没有过严重的头部外伤，或者一氧化碳中毒的经历？有没有经常觉得脑缺血头晕？患者：外伤倒没有。不过前几年我在密闭的浴室里用燃气热水器洗澡，发生过一氧化碳中毒，当时直接晕倒了，在医院高压氧舱做了好几天治疗。这几年也确实觉得脑子里供血不太好。医生：了解了。那您的父母或者其他直系长辈中，有没有人到了晚年也有经常手抖、走路迈不开小碎步、容易向前摔倒的毛病？患者：我爸生前最后几年就是这样，走路得推个小车，步子迈得极小，还总往前冲，经常摔得鼻青脸肿的。医生：好的。最后了解一下您过去的生活习惯。有没有长期在农田里工作，接触过大量农药？或者喝过没处理过的井水？患者：我年轻时候在老家种过十来年的地，喷农药那是常事，那时候连个口罩都没有。我们家那时候也一直喝的是院子里的那口老井水。,医生：您好，请您从最开始的不舒服说起，哪里最明显？患者：医生您好，主要是一过性黑矇后出现肢体乏力。1天前突然觉得右侧胳膊发沉，筷子拿不稳，走路拖脚，没有明显头痛。医生：这些表现是突然出现还是逐渐加重？大概从什么时候开始，最明显影响到什么活动？患者：当时来得很急，家人发现我说话、走路都和平时不一样，到现在仍然有影响。医生：有没有出现听懂别人说话困难、找词困难，或者手脚虽然能动但不听指挥、动作笨拙？患者：有时候喝水会呛一下，右侧脸和手感觉木木的，眼睛看东西偶尔发花。没有发热，胸痛不明显。医生：关于既往史，您之前有没有因为神经、头部、肌肉无力或意识变化等问题就医？平时有什么基础病？患者：以前有过短暂手麻和说话不清，几分钟就好了，当时没来看。医生：您的家人中有没有人年轻或年老后出现过相似表现，或者被反复要求做头部、神经方面检查？患者：家里兄弟姐妹里有人血脂高，爷爷晚年半身不遂过。医生：我还想了解生活和诱因：最近睡眠、压力、饮食、饮酒、吸烟、运动，以及外出或特殊接触情况如何？患者：每天坐办公室十几个小时，最近连续加班，颈部也常发紧。
"医生：您好，请坐。先了解一下您的情况。您刚才提到走路腿发软、没力气，这个情况大概有多长时间了？

患者：差不多有两个多月了。一开始就是觉得上楼费劲，以为是自己缺乏锻炼，后来下楼也开始腿打软。

医生：两个多月，时间也不短了。您说上楼、下楼都没力气，那平地走路会不会好一些？还有胳膊是什么状态下觉得没劲？

患者：平地走也累，走个十几分钟就得找地方坐。胳膊是梳头、举东西的时候特别明显，抬不起来，酸得很。

医生：明白了。这种没力气的感觉，是早上刚起来时好一点，还是到下午、晚上更明显？有没有哪天感觉稍微轻松些？

患者：好像早上起来还行，到下午就越来越没劲。晚上想出去散步，腿就像灌了铅一样。也没觉得哪天特别轻松。

医生：您提到爱摔跤，摔的时候脑子是清楚的，这很关键。大概摔过几次？有没有哪次摔倒前有头晕、眼前发黑或者腿突然抽筋的情况？

患者：摔了有三四次吧。摔之前没有头晕，就是突然腿一软跪下去了，心里都明白，就是控制不住。有一次下楼梯踩空还崴了脚。

医生：除了腿和胳膊，您有没有感觉说话声音变小、吞咽东西费劲，或者嚼硬东西嚼一会儿就嚼不动的情况？

患者：说话倒没觉得变。就是有时候吃饭吃到一半，觉得腮帮子酸，嚼不动了，得歇一会儿才能继续吃。

医生：还有您提到眼睛看东西有重影，这个重影是持续存在，还是时好时坏？看远处和看近处有区别吗？

患者：不是一直有，累的时候或者晚上看手机久了就明显，闭眼歇会儿能好点。看远处厉害一些，看近处倒还凑合。

医生：以前有过高血压、糖尿病或者甲状腺方面的问题吗？最近有没有感冒、发烧或者特别劳累、情绪波动大的情况？

患者：没有高血压糖尿病。就是前阵子家里有点事，心里挺着急上火的，那之后好像就开始没劲了。

医生：好的，您说的这些情况非常有用。我再问一下，您家里长辈或者兄弟姐妹，有没有人得过类似的毛病，比如肌肉无力、眼皮抬不起来或者免疫系统方面的病？

患者：这个真没太注意，好像没听家里人提过有这种病的。","医生：哎，您好您好，先躺好别乱动啊。跟我说说，今天是遇到啥突发状况了？  
患者：哎哟大夫，我半夜起来上厕所，刚从那马桶上站起来，我这左腿啊，就跟没骨头似的，一下就给我跪地上了。我当时想用左手去扶墙，结果您猜怎么着，左手也不听使唤了，根本使不上劲儿。我老婆听见动静跑过来一看，说我嘴也歪了眼也斜了，吓得赶紧打了120把我给弄来了。  
医生：嗯，夜间或者清晨突然出现这种半边身子动不了、脸也歪了，这个情况我们得特别重视。除了刚才说的这些，您这几天有没有觉得手脚一阵一阵地发麻？或者最近总是不由自主地想打哈欠，感觉特别困特别乏？  
患者：有有有！这几天我白天坐办公室里啊，就忍不住地打哈欠，困得我眼皮都抬不起来，喝了浓茶也不管用。昨天下午左手就麻了一阵儿，我当时还以为是趴桌子上睡午觉给压的呢。  
医生：频繁打哈欠、嗜睡，这往往是脑子供血不太够的一个信号。那您以前查过颈动脉没有？有没有说有斑块？或者有高血压、糖尿病这些病吗？  
患者：去年体检做彩超，大夫就说我双侧颈动脉都有斑块，说得还挺严重的。高血压也一直有，我天天吃降压药，但那血压还是忽高忽低的，不稳当。  
医生：那您家里头，父母或者兄弟姐妹有没有谁得过中风、偏瘫这类毛病？  
患者：我大伯和我父亲，到晚年都是因为脑血管堵了，落得偏瘫的。  
医生：嗯，明白了。那平时吃饭是不是油大盐重？晚上是不是也老熬夜不睡觉？  
患者：哎，大夫，我是跑业务的，天天晚上都得应酬，大鱼大肉地吃，酒没少喝，经常凌晨一两点才晃晃悠悠回家睡觉，这身体早就透支了，我自己也知道。",医生：您好，请坐。今天主要是想看什么问题？患者：大夫，我在家看电视，右手放在扶手上就不停地哆嗦，想按都按不住。可我拿遥控器的时候它又稳了。而且我觉得右半边身子的肌肉像抽筋一样紧绷绷的。医生：静止性震颤和肌肉紧绷感很值得重视。您最近有没有被便秘困扰？晚上睡觉会不会在梦里手脚乱动？患者：便秘很严重。晚上睡觉老伴说我经常挥手踢腿的。医生：这些隐性症状很有意义。您以前有没有受过外伤？或者有慢性脑缺血？患者：脑缺血有，老毛病了。医生：您的家族里，有没有人到了晚年动作像电影慢动作一样？患者：我大舅晚年就是动作极其迟缓。医生：了解。最后了解下，您以前生活在农村时，有没有长期饮用井水？患者：是的，喝了二十几年的深井水。,医生：您好，您这次来看诊，主要是哪方面的问题？患者：医生您好，主要是一过性黑矇后出现肢体乏力。3天前突然觉得右侧胳膊发沉，筷子拿不稳，走路拖脚，没有明显头痛。医生：好的。这个情况持续了多久？中间有没有完全缓解，还是一直存在或越来越明显？患者：当时来得很急，家人发现我说话、走路都和平时不一样，到现在仍然有影响。医生：有没有出现听懂别人说话困难、找词困难，或者手脚虽然能动但不听指挥、动作笨拙？患者：有时候喝水会呛一下，右侧脸和手感觉木木的，眼睛看东西偶尔发花。没有发热，胸痛不明显。医生：关于既往史，您之前有没有因为神经、头部、肌肉无力或意识变化等问题就医？平时有什么基础病？患者：有高血压、糖尿病，平时药吃得不太规律，血脂也偏高。医生：家里直系亲属有没有发生过类似的肢体无力、抽搐、手抖、说话或走路异常等情况？患者：家里兄弟姐妹里有人血脂高，爷爷晚年半身不遂过。医生：最后问一下，近期有没有旅行、腹泻或感冒，是否接触特殊环境？平常作息和运动规律吗？患者：每天坐办公室十几个小时，最近连续加班，颈部也常发紧。
"医生：您好，请坐。您今天来主要是因为哪儿不舒服？

患者：大夫，我最近两个月吧，右边这个眼皮老是往下掉，早上还好点，到下午或者看东西时间长了就特别明显，现在连头都开始疼了。

医生：别着急，我慢慢问您。这个眼皮下垂是每天都会出现，还是时好时坏？早上起来的时候能完全正常睁开吗？

患者：对，早上刚睡醒那会儿还行，能睁开，就是到中午、晚上就不行了，有时候看路都得仰着点头。这两天头疼得厉害，眼眶后面那一圈疼。

医生：除了眼皮和头疼，您有没有觉得看东西重影？或者胳膊、腿有没有没劲儿的情况，比如梳头、上楼梯觉得费劲？

患者：重影好像没有，就是眼皮掉下来挡住视线。胳膊腿还行，就是最近总觉得累，以为是没睡好。","医生：哎，别急别急，慢慢说啊，今天是怎么个情况让您赶紧跑医院来了？  
患者：哎哟，大夫，您听我说，我今天正开着会呢，看着手里那报表，突然就觉着那字儿啊，变得特别大，还歪七扭八的，全变形了。紧接着吧，我就闻着一股味儿，特刺鼻，就跟那个橡胶烧焦了似的。后来我同事跟我说，我当时俩眼发直，嘴里面就不停地“啧啧啧”那样响，俩手还在那不停地搓衣角。过了大概两三分钟吧，我才自己缓过来。  
医生：嗯，您说的这种看东西变形、闻到怪味儿，还有那些不受控制的小动作，这个我们得好好查查原因。您醒过来之后啊，有没有觉得头特别疼，或者干脆就不记得刚才那一小段发生啥了？  
患者：哎呀，醒过来以后我根本不知道刚才出过事儿，我同事跟我说，我还不信呢。现在这会儿头疼得要命，就跟有人拿针在里头扎一样，一阵一阵的。  
医生：这些发作前的征兆和发作完的状态，对我们判断挺重要的。您以前脑袋上有没有动过手术啊？或者得过什么脑膜炎、脑炎之类的病没？  
患者：嗯……八年前吧，我脑子里头长过一个囊肿，那时候做过微创手术，给抽掉了。脑炎倒真没得过。  
医生：哦，那这个既往史确实很关键。那您家里头的人，有没有谁有过那种不明原因地发呆，或者突然做点怪动作的情况？  
患者：没有没有，家里人都好好的，没谁有过这种毛病。  
医生：行，我清楚了。最后再问您一下平时生活作息，最近是不是工作压力特大，老熬夜啊？  
患者：哎，可不是嘛，最近赶项目进度，天天加班到半夜，就靠着浓咖啡硬撑着，神经一直绷得紧紧的，根本没松下来过。",医生：您好，请坐。今天主要是想看什么问题？患者：医生，我在家看报纸，没拿起来的时候，左手就在膝盖上抖个不停。而且我觉得左半边身子的肌肉像抽筋一样紧绷绷的。医生：静止性震颤和肌肉紧绷感很值得重视。您最近有没有被便秘困扰？或者发现自己闻不到气味了？患者：便秘很严重。嗅觉也出了大问题，闻不到煤气味。医生：这些隐性症状很有意义。您以前有没有过一氧化碳中毒？患者：以前在平房生炉子中过一次煤气。医生：您的家族里，有没有人到了晚年容易前倾摔倒的？患者：我大舅晚年走路就是往前冲，摔过好多次。医生：了解。最后了解下，您以前有没有长期在农田工作接触农药？患者：干过十几年果农，打农药是家常便饭。,医生：您好，今天主要因为什么不舒服来就诊？患者：医生您好，主要是一过性黑矇后出现肢体乏力。1天前突然觉得左侧胳膊发沉，筷子拿不稳，走路拖脚，没有明显头痛。医生：请您描述一下发作或加重时的样子，包括持续时间、部位和对日常活动的影响。患者：是比较突然出现的，1天前还基本正常，之后就一直没有完全恢复。医生：有没有出现听懂别人说话困难、找词困难，或者手脚虽然能动但不听指挥、动作笨拙？患者：有时候喝水会呛一下，左侧脸和手感觉木木的，眼睛看东西偶尔发花。医生：接下来了解既往情况。您以前有没有类似发作或类似不适？平时有没有慢性病、住院史，或做过相关检查？患者：曾经因为头晕住过院，医生说血管条件不太好，之后就没坚持随访。医生：家里直系亲属有没有发生过类似的肢体无力、抽搐、手抖、说话或走路异常等情况？患者：父亲有过中风后遗留走路不稳，母亲也有高血压。医生：最后问一下，近期有没有旅行、腹泻或感冒，是否接触特殊环境？平常作息和运动规律吗？患者：喜欢喝酒，应酬多，体重增加明显，很少监测血压血糖。
"医生：您好，请坐。您刚才提到2009年1月就发现眼皮下垂、头抬不起来、胸口疼，这些情况是持续存在的，还是一阵一阵发作的？

患者：一阵一阵的，早上刚起来那会儿还好一点，到了下午或者累了以后就特别明显，眼皮耷拉着，看东西都得仰着头。

医生：我明白了。那除了眼皮和抬头费力，您有没有觉得看东西重影、说话声音变低、吃饭嚼东西没劲，或者喝水容易呛着？

患者：有时候说话说多了，到最后几个字就含糊了，像大舌头似的。吃饭倒还行，就是啃骨头、嚼硬的东西时间长了腮帮子酸，得歇一歇。

医生：这些信息很重要。胸口疼具体是哪个位置？是针扎一样，还是闷闷地疼？跟活动、呼吸或者吃饭有关系吗？

患者：就正中间胸口那一块，闷疼闷疼的，有时候喘气觉得累，但也没有说爬楼就突然加重那种。疼起来一阵一阵的，歇会儿能缓一缓。

医生：好的。您以前有过心脏、肺或者胃方面的毛病吗？比如高血压、哮喘、胃病之类的？

患者：没查过心脏，胃偶尔反酸，别的没有。家里我妈有高血压，其他也没听说谁有怪病。","医生：来，您先坐。我听您说话声音好像特别轻、没劲儿，今天是怎么觉得不对劲了？

患者：唉，大夫，不瞒您说，我本身也是个护士，在别的医院上班。最近这大半个月，我发现我身体出大问题了。每天早上一上班，给病人扎针、换药，手都还挺稳的。可是每到快下班那会儿，我这俩胳膊就又酸又软，使不上劲儿，连举着吊瓶的手都在那儿抖。还有，我现在连说话都费劲，跟病人交代几句注意事项，声音就变得特别虚、特别哑，还带着那种囔囔的鼻音。

医生：嗯，下午加重的上肢无力，加上声音嘶哑和鼻音，这个表现很有特点。我再问一下，您给病人扎针的时候，有没有觉得看血管会出现重影？或者到了傍晚，眼皮沉得跟挂了沙袋似的，睁不开？

患者：重影太严重了！昨天下午，我给一个血管特别细的病人扎针，我盯着那根血管看了一会儿，眼前的血管竟然变成两条了，叠在一起，吓得我愣是没敢下针。眼皮也是，一到下午就往下耷拉，我只能使劲往上瞪着眼睛才行。

医生：复视和眼皮下垂，再加上您说的无力，这些凑在一起，指向性就比较明确了。您也是同行，咱们回忆一下，您以前体检做过胸部CT吗？有没有提示过胸腺有问题，或者纵隔那边有阴影？

患者：您这么一说，我想起来了。去年我们医院职工体检，胸部CT报告上确实写了前纵隔有软组织密度影，怀疑是胸腺增生。当时胸外科主任让我定期随访复查，我一忙起来就完全给忘了，没当回事儿。

医生：这个病史非常关键，我得记下来。那家里头，您的父母或者兄弟姐妹里边，有没有人得过自身免疫系统的病，比如甲亢、红斑狼疮这类？

患者：没有，我父母身体都挺好的，没得过这些免疫方面的毛病。

医生：行，我清楚了。最后问一下您最近的生活状态，是不是经常值夜班、睡眠严重不足？发病之前，有没有在科室里被病人传染过什么感冒、呼吸道感染之类的？

患者：唉，最近科室里人手不够，我连着上了好几个大夜班，生物钟全乱套了，白天也睡不踏实。上周我们科室流感暴发，我没躲过去，发了两天高烧，吃着退烧药硬撑着上班，身体感觉完全透支了。",医生：您好，看您手一直揣在兜里，是手不舒服吗？患者：医生，我这手拿出来它就抖，放在兜里别人看不见。只要我不干活，它就哆嗦。而且我现在写字，字越写越小，缩在一起。医生：静止性震颤和写字过小是重要的体征。您最近有没有觉得闻不到饭菜的味道？或者大便很不顺畅？患者：闻不到味儿是真的，吃饭都没食欲了。大便也困难，经常用开塞露。医生：好的。您以前有没有过煤气中毒的经历？或者长期的脑缺血？患者：十几年前用土暖气的时候轻微中过一次煤气。医生：您的长辈里，有没有人老了以后动作像电影慢镜头一样，手也总是发抖的？患者：我爷爷以前就是这样，手抖得拿不住筷子。医生：明白了。您年轻时有没有在农村长期接触过农药化肥？患者：种地的时候经常打农药，没有防护措施。,医生：您好，我先了解一下，最让您担心的症状是什么？患者：医生您好，主要是突然走路不稳、拿东西掉落。今天早晨醒来发现左侧手脚不太灵活，穿衣扣扣子很费劲，说话也有点含糊。医生：我明白了。请您再具体说说，当时最早出现的症状是什么，后来又有什么变化？患者：起初我还想忍一忍，但家人看我反应慢、走路偏，就陪我来了。医生：有没有出现听懂别人说话困难、找词困难，或者手脚虽然能动但不听指挥、动作笨拙？患者：症状从早上到现在一直有，头晕不是转圈那种，就是站不稳，走直线会偏。医生：之前身体状况怎么样？有没有类似症状、慢性病、外伤史，或体检提示过异常？患者：有高血压、糖尿病，平时药吃得不太规律，血脂也偏高。医生：家里直系亲属有没有发生过类似的肢体无力、抽搐、手抖、说话或走路异常等情况？患者：母亲糖尿病多年，舅舅曾突然说话不清住院。医生：平时生活习惯方面，是否经常久坐、熬夜、饮食偏咸偏油、饮酒吸烟？发作前有没有特别劳累或不适？患者：工作压力大，经常熬夜，早餐不规律，喝水少。
,"医生：来，您先坐，我看您脸色煞白，今天是怎么不舒服了？

患者：哎呀，大夫，我刚才坐在窗户边缝衣服，正低着头穿针呢，突然间右边这半边身子就一麻，手里的针“叮”一下掉地上了。我当时想说句话喊人，结果发现嘴歪了，说话直漏风，声音都不对了。

医生：嗯，这种突然的半边身子麻、嘴歪，咱们必须得马上重视。我再问一下，就这两天，您有没有觉得头隐隐地疼，或者看东西的时候感觉一边的视野发黑、看不清？再就是，家里人有没有说您这两天性格变得有点古怪？

患者：头啊，确实是闷闷地疼，一直没怎么停。看东西的话，昨天我就觉得眼角那边黑乎乎的，挡着光似的。家里人也都说我，说我跟变了个人一样，动不动就急眼、发脾气。

医生：好的，我清楚了。咱再说说您以前的身体情况，有没有查出来过高血压？或者医生有没有提到过您血管有异常，比如狭窄什么的？

患者：高血压我有，好多年了，但是药我经常忘吃，没坚持住。血管异常没查过，不知道有没有。

医生：那家里的长辈，特别是父母亲那边，有没有人得过偏瘫或者脑溢血的？

患者：我母亲，她就是高血压引起的中风，后来在床上躺了七八年，一直没能起来。

医生：嗯，了解了。最后我再问一下您平时的饮食习惯，是不是吃得比较咸？还有刚才穿针的时候，是不是精神特别集中，又有点急躁？

患者：我平时就爱吃咸的东西，特别是咸鸭蛋，离不了。刚才穿那根针，穿了半天穿不进去，我心里头那个急啊，火急火燎的，越急越穿不上。",医生：您好，看您刚才进门转身的时候有点吃力，今天是遇到了什么状况？患者：大夫，我这病发作起来真是古怪。我平时在家里摘菜洗碗的时候，手其实挺稳当的。可只要我往那一坐，什么都不干，这左手和左腿就开始有节奏地发抖，想用意志力控制都控制不住。不仅抖，我还觉得身上所有的肌肉都紧绷着，像穿了一件小了一号的紧身衣，脖子转动的时候特别僵硬，连咽口水都觉得喉咙里发紧，吃饭慢得像蜗牛。医生：这种静止性震颤伴随全身肌肉强直和吞咽发紧，确实让人很难受。除了这些明显的症状，您最近有没有发现自己嗅觉变差了？或者便秘得很厉害，甚至出现过晚上睡觉把老伴踢醒的情况？患者：全都有！我现在吃什么都是味同嚼蜡，根本闻不出香臭。大便更是个大工程，用开塞露都不一定能马上排出来。我老伴现在直接跟我分房睡了，因为我晚上做梦不仅乱踢人，还会突然从床上坐起来大喊抓贼。医生：好的，这些隐性症状结合起来非常有意义。您以前有没有被诊断过慢性脑缺血，或者发生过脑炎、脑部重击？患者：大概十多年前吧，我出过一场车祸，脑子撞在挡风玻璃上，当时医生说是脑挫裂伤，还住了大半个月的院。不知道现在这毛病是不是那时候留下的病根。医生：这确实是个需要考虑的既往史。您的家族里，比如您的长辈，有没有人到了六七十岁以后，动作越来越慢，手一直抖的？患者：我奶奶以前到了七十多岁，就是整天坐在炕头上手抖，动作慢得连自己梳头都梳不了，最后卧床了好几年。医生：明白了。最后问问您的生活环境，您年轻的时候有没有长期接触过农业用的杀虫剂，或者是长期喝地下井水？患者：我以前在乡下的国营农场待了快二十年，专门负责开拖拉机大面积喷洒杀虫剂，那几年天天闻着那个刺鼻的药水味。水也是喝的农场里自己打的深井水。,医生：您好，请您从最开始的不舒服说起，哪里最明显？患者：医生您好，主要是突然走路不稳、拿东西掉落。今天早晨醒来发现左侧手脚不太灵活，穿衣扣扣子很费劲，说话也有点含糊。医生：请您描述一下发作或加重时的样子，包括持续时间、部位和对日常活动的影响。患者：起初我还想忍一忍，但家人看我反应慢、走路偏，就陪我来了。医生：有没有出现听懂别人说话困难、找词困难，或者手脚虽然能动但不听指挥、动作笨拙？患者：有时候喝水会呛一下，左侧脸和手感觉木木的，眼睛看东西偶尔发花。没有发热，胸痛不明显。医生：关于既往史，您之前有没有因为神经、头部、肌肉无力或意识变化等问题就医？平时有什么基础病？患者：以前有过短暂手麻和说话不清，几分钟就好了，当时没来看。医生：您的家人中有没有人年轻或年老后出现过相似表现，或者被反复要求做头部、神经方面检查？患者：家里没有明确遗传病，但长辈心脑血管问题比较多。医生：平时生活习惯方面，是否经常久坐、熬夜、饮食偏咸偏油、饮酒吸烟？发作前有没有特别劳累或不适？患者：喜欢喝酒，应酬多，体重增加明显，很少监测血压血糖。
,"医生：来，您先坐。我看您面部表情有点紧绷，今天是觉得哪儿不太对劲了？

患者：哎，大夫，我闺女老说我天天板着个脸，跟谁欠我钱似的。可我真没生气，就是觉得脸上这层皮发木，想笑都笑不出来。还有就是，我发现自己起步走路特别费劲，脚就跟长在地上一样，抬不起来，得一步一步拖着走。

医生：嗯，这种脸发木、笑不出来，加上起步困难，是挺让人困扰的。我再问问，除了白天这些，您晚上睡觉怎么样？会不会做噩梦，而且梦里动作特别大？还有，您白天情绪怎么样？

患者：哎呀，您还真说对了，我天天晚上做噩梦，梦里净跟人打架了，又是踢又是踹的。我老伴儿说我睡着以后手脚乱挥，经常把她弄醒。白天情绪也特别差，动不动就想哭，心里堵得慌。

医生：嗯，睡眠里的这些动作和情绪的变化，对咱们判断病情也很重要。咱再说说您以前身体上有没有过什么特殊情况，比如得过脑炎、脑膜炎这类感染没有？或者有没有医生说过您有慢性脑供血不足，就是脑袋缺血缺氧的情况？

患者：脑缺血有，我经常觉得头昏昏沉沉的，不清爽。脑炎倒是从来没得过。

医生：那家里头，您的长辈里边，有没有人年纪大了以后，走路越来越驼背，步子迈得特别小、挪着走的那种？

患者：有，我大伯，他老了以后驼背驼得特别厉害，走路就是那种小碎步，一点一点往前挪。

医生：行，我记下了。最后再问一下，您以前在老家生活的时候，喝的是井水吗？年轻的时候有没有接触过农药之类的东西？

患者：对，我们那会儿一直喝的都是地下的井水。年轻的时候在地里干活，也打过几年农药。",医生：您好，请坐。看您拿病历本的动作似乎有些迟缓，今天主要是遇到什么困扰了？患者：大夫，我平时是个急性子，可现在身体根本不听我使唤了。早上起床穿衣服，就那几颗衬衫扣子，我僵硬着手能系上十分钟，越着急越系不上。而且我这左手，只要我往沙发上一坐开始看新闻，它就开始有节奏地发抖，想用意志力压都压不住，但只要我去拿水杯喝水，它奇迹般地就不抖了。医生：这种休息时发抖、做事时减轻的震颤，还有这种肌肉的僵硬感，确实让人很着急。那除了手脚僵硬发抖，您最近有没有觉得情绪非常低落，老是提不起精神？或者平时好几天才解一次大便，非常干结？患者：情绪特别差，总觉得自己是个废人，成天唉声叹气的，动不动就想抹眼泪。大便更是个大工程，经常在马桶上一蹲就是半个小时，憋得满头大汗也解不出来，现在全靠开塞露撑着。医生：情绪低落和严重的便秘，也是我们需要关注的身体信号。您以前有没有过煤气中毒的经历？或者被诊断过慢性的脑血管病变？患者：脑血管病变是有的，前几年查出来颈动脉狭窄，大夫说我脑子里长期供血不足。煤气中毒倒是从来没有过。医生：好的。那您的直系亲属，比如父母或者兄弟姐妹里，有没有人在中老年阶段出现过动作特别缓慢，脸上总是没有表情的情况？患者：我亲妈晚年就是个典型的例子。她老了以后整天板着个脸，哪怕家里有大喜事也看不出她笑，而且动作慢得像电影里的慢镜头，连转个身都费劲。医生：了解了。最后再问问您的生活史，您以前有没有在农村生活过很长时间，并且长期饮用未经消毒的地下井水？或者长期接触过农药？患者：我当知青的时候在乡下待了快十年，那时候没有自来水，天天喝的都是村口那口老井里的水。插队干农活的时候，喷农药也是常有的事。,医生：您好，今天主要因为什么不舒服来就诊？患者：医生您好，主要是一过性黑矇后出现肢体乏力。先是头晕，随后嘴角有点歪，家人说我吐字不清，右侧腿走路使不上劲。医生：请您描述一下发作或加重时的样子，包括持续时间、部位和对日常活动的影响。患者：症状出现后没有马上完全好转，右侧手脚还是发笨，自己活动不方便。医生：除了肢体无力和说话变化，您有没有短暂视物模糊、吞咽不顺、口水增多，或者一侧身体感觉变钝？患者：症状从早上到现在一直有，头晕不是转圈那种，就是站不稳，走直线会偏。没有发热，胸痛不明显。医生：接下来了解既往情况。您以前有没有类似发作或类似不适？平时有没有慢性病、住院史，或做过相关检查？患者：做体检时提示颈动脉斑块，平时偶尔心慌，但没系统复查。医生：您的家人中有没有人年轻或年老后出现过相似表现，或者被反复要求做头部、神经方面检查？患者：家里没有明确遗传病，但长辈心脑血管问题比较多。医生：最后问一下，近期有没有旅行、腹泻或感冒，是否接触特殊环境？平常作息和运动规律吗？患者：每天坐办公室十几个小时，最近连续加班，颈部也常发紧。
,"医生：来，您先别紧张，放松点，慢慢跟我说，今天是哪儿突然不舒服了？

患者：哎哟，大夫，我刚才正坐饭桌前吃晚饭呢，刚扒拉了一口饭进嘴里，突然我这右手连筷子都攥不住了，“啪嗒”就掉桌上了。然后我这右半边脸也觉得麻麻的，嘴角这儿感觉有点兜不住，好像流了点口水出来。

医生：嗯，这种突然半边身子没劲儿、脸发麻，咱必须得马上查清楚。我再问问，除了这些，最近您有没有觉得头胀胀地疼？或者看东西感觉视野不全，旁边的东西看不见？还有就是，脾气上是不是特别容易急、容易发火？

患者：头胀痛确实是有的，这几天时不时就来一阵。我老伴今天还说我，说我像吃了火药一样，一点事儿就炸，脾气大得很。

医生：行，我了解了。咱再说说您以前的身体情况，您有高血压病史吗？或者以前做检查的时候，医生有没有提过您脑血管有那种微小的病变？

患者：高血压是一直都有的，好多年了。药呢，我有时候吃有时候忘，没正儿八经坚持过。脑血管病变……这个倒是没听大夫提过。

医生：那家里头，您的父母或者兄弟姐妹里边，有没有人也是高血压特别严重，或者得过中风的？

患者：我妈，她就是高血压引起来的中风，后来瘫痪了好几年，一直躺在床上。

医生：嗯，明白了。最后再问一下您吃饭的口味，是不是偏咸？另外，今天吃饭之前，有没有发生什么事儿让您情绪特别激动？

患者：我平时吃饭就口重，菜一直做得挺咸的。今天吃饭前，老伴因为点小事数落了我好几句，我心里头正憋着火呢，饭都吃得堵得慌。",医生：您好，看您走路步子很小，今天是怎么了？患者：大夫，我现在走路可费劲了。脚像粘在地上一样，转身的时候得小碎步一点点挪。更气人的是，我平时喜欢写字，现在写的字越来越小，挤成一团，没法看了。医生：转身困难和写字变小是典型的运动表现。您最近有没有觉得情绪特别低落？或者发现自己脸上的表情越来越少？患者：最近确实觉得干什么都没意思，心里堵得慌。女儿也说我天天板着脸，其实我没生气，就是觉得脸皮发紧。医生：好的。您以前有没有被诊断过慢性脑血管病？或者受过比较严重的头部撞击？患者：脑血管病有，大夫说我是慢性脑缺血。头部没受过大伤。医生：您的直系亲属里，有没有人在老年时出现过静止时手抖的情况？患者：我大伯以前就是坐在椅子上手一直抖，跟数钞票似的。医生：了解。最后问问，您年轻时有没有长期喝过未经处理的井水？患者：我三十岁前都在山里老家，喝的都是村口的露天老井水。,医生：您好，我先了解一下，最让您担心的症状是什么？患者：医生您好，主要是反复短暂头晕伴一侧手麻。昨天有几分钟眼前发黑，后来恢复了，但今天左侧手麻木、动作慢，走路不稳。医生：我明白了。请您再具体说说，当时最早出现的症状是什么，后来又有什么变化？患者：是比较突然出现的，半天前还基本正常，之后就一直没有完全恢复。医生：我还想确认一些细节：这些症状是持续存在还是一阵一阵？有没有头晕像天旋地转、复视、走直线困难？患者：有时候喝水会呛一下，左侧脸和手感觉木木的，眼睛看东西偶尔发花。医生：关于既往史，您之前有没有因为神经、头部、肌肉无力或意识变化等问题就医？平时有什么基础病？患者：有高血压、糖尿病，平时药吃得不太规律，血脂也偏高。医生：家里直系亲属有没有发生过类似的肢体无力、抽搐、手抖、说话或走路异常等情况？患者：家里没有明确遗传病，但长辈心脑血管问题比较多。医生：最后问一下，近期有没有旅行、腹泻或感冒，是否接触特殊环境？平常作息和运动规律吗？患者：每天坐办公室十几个小时，最近连续加班，颈部也常发紧。
,"医生：来，您先坐，我看您表情好像有点迷茫。今天是怎么了，身体上遇到什么麻烦事儿了？

患者：哎哟，大夫，我觉得我这脑子最近肯定是出大问题了。今天我在厨房切菜，切着切着，我手就不听使唤了。后来我老婆跟我说，我当时两只眼睛直勾勾的，嘴里面不停地“吧嗒吧嗒”砸吧嘴，俩手还不停地去解自己衣服上的扣子，又摸又搓的，她怎么喊我我都不理她。过了大概有两分钟，我才一下子缓过来，清醒了。我看着案板上的菜和我自己解开的衣服，完全不知道刚才发生了什么，就跟断了片儿一样。

医生：嗯，像这种自己不知道、还有那些小动作的情况，我们得特别重视。我想问一下，在您发呆、出现那些不自主的动作之前，您有没有闻到过什么奇怪的味道，比如臭鸡蛋味儿，或者东西烧焦了的味儿？再一个，您清醒过来以后，是不是觉得特别累，就跟跑了马拉松一样，头也疼？

患者：有！我当时正切白菜呢，突然就闻到一股特别冲的臭味，就跟死老鼠那种味儿似的，我还扭头问我老婆是不是厨房里有死老鼠。结果我话还没问完呢，后面就啥也不知道了。等醒过来之后，我就觉得浑身没劲儿，特别疲倦，头也木木地疼，不清爽。

医生：嗯，这种发作前闻到的怪味儿，对判断病灶位置是非常关键的。咱再说说您以前的情况，您的头部有没有受过比较严重的撞击，或者以前做过什么脑部的手术没有？

患者：做过手术。十年前我脑子里长过一个小小的良性瘤子，当时做开颅手术给切了。医生说手术做得挺成功，这些年也一直没再出过什么问题。

医生：这个病史非常重要，我得记下来。那咱再问问家里头，您的直系亲属里边，有没有人也有过这种不明原因的发呆，或者突然倒地、抽风的情况？

患者：没有，我们家人都挺健康的，没有人得过需要开颅的病，没人抽过风。

医生：行，我清楚了。最后我再问一下您平时的生活，是不是经常熬夜？这次发病之前，有没有经历过什么特别大的情绪波动？

患者：唉，可不是嘛，我最近在赶一个大项目，已经连着熬了三个通宵了，白天全靠浓茶硬撑着。脾气也特别差，动不动就跟下面的人发火，一点就着。",医生：您好，看您表情有些沮丧，今天主要是哪里不舒服来就诊的？患者：大夫，我现在的日子过得太没有尊严了。我在家里吃饭，拿个筷子手都抖得厉害，好几次把汤都洒在衣服上了。更气人的是，我发现自己现在连翻身都成了奢望，晚上在床上想换个姿势，身体僵硬得像一块木板，得老伴帮我推一把才能翻过去。医生：手部震颤和躯干僵硬导致的翻身困难，确实让人非常痛苦。除了这些，您最近有没有觉得自己情绪特别低落，甚至有些抑郁？大便是不是也很长时间解不出来？患者：情绪差到了极点，每天醒来就觉得没意思，常常一个人偷偷掉眼泪。大便也是，感觉肠子都不蠕动了，经常四五天解一次，硬得像石头，非常痛苦。医生：情绪问题和肠道问题也是我们评估的重要一环。您既往有没有过脑部的外伤，或者被诊断过慢性脑缺血、脑动脉硬化？患者：几年前体检做过颈部彩超，医生说我有多发性动脉硬化斑块，脑子供血不好。头倒是没摔过。医生：那您的家族长辈中，有没有人到了老年，整个人变得动作极其迟缓，甚至脸上总是没有表情，像戴着面具一样？患者：我奶奶以前就是，到了七十岁以后，脸上一点笑容都没有，不管你跟她说啥她都板着脸，而且动作慢得像蜗牛，手也一直抖。医生：明白了。最后想问问，您以前有没有长期喝过农村的井水？或者在工作生活中大量接触过除草剂、杀虫剂？患者：我是林业局退休的，年轻的时候在深山老林里搞了二十多年的病虫害防治，成吨的杀虫剂我都接触过，经常是用手直接去兑药水。山里也没有自来水，常年喝的都是地下泉水和井水。,医生：您好，您这次来看诊，主要是哪方面的问题？患者：医生您好，主要是突然走路不稳、拿东西掉落。先是头晕，随后嘴角有点歪，家人说我吐字不清，右侧腿走路使不上劲。医生：好的。这个情况持续了多久？中间有没有完全缓解，还是一直存在或越来越明显？患者：症状出现后没有马上完全好转，右侧手脚还是发笨，自己活动不方便。医生：我还想确认一些细节：这些症状是持续存在还是一阵一阵？有没有头晕像天旋地转、复视、走直线困难？患者：有时候喝水会呛一下，右侧脸和手感觉木木的，眼睛看东西偶尔发花。没有发热，胸痛不明显。医生：我再问一下过去的身体情况：以前出现过这样的症状吗？有没有长期疾病、外伤、手术或正在服用的药物？患者：曾经因为头晕住过院，医生说血管条件不太好，之后就没坚持随访。医生：再了解一下家族情况。您的父母、兄弟姐妹或子女中，有没有人出现过类似症状，或有相关的长期疾病？患者：家里没有明确遗传病，但长辈心脑血管问题比较多。医生：我还想了解生活和诱因：最近睡眠、压力、饮食、饮酒、吸烟、运动，以及外出或特殊接触情况如何？患者：工作压力大，经常熬夜，早餐不规律，喝水少。
,"医生：好，您先别急，慢慢说。今天是怎么个情况让您赶紧跑医院来了？

患者：哎哟，大夫，我刚才在厨房剁排骨呢，那骨头硬得很，我拿着刀使足了劲往下砍，砍了没几下，突然间我这右半边身子就开始发麻，手里的菜刀“当啷”一下就掉案板上了。紧接着我这条右腿也跟着没劲儿了，站都站不太稳。

医生：嗯，像您这种使劲儿的时候突然半边身子麻、没力气，这个得特别当心。我再问一下，除了这些，您这两天有没有觉得头疼得厉害？或者右边眼睛看东西有没有模糊？还有就是，情绪上是不是特别容易急、容易烦？

患者：头疼啊，就刚才砍骨头那会儿，头就开始剧烈地疼，跟要裂开似的。情绪……说实话，我这两天心情就不太好，刚才剁排骨剁不动，我一边砍一边在心里骂骂咧咧的，确实特别躁。

医生：行，我了解了。那咱再说说您以前的身体情况，您查出来过高血压吗？或者有没有做过脑血管相关的检查，比如CT、核磁之类的？

患者：高血压我有，好多年了，但是我一直没当回事儿，药想起来才吃一顿。脑血管从来没查过。

医生：那家里头，您父母或者兄弟姐妹里头，有没有人也是高血压特别严重，或者得过中风的？

患者：我爸，他就是因为高血压太严重了，后来脑出血没抢救过来。

医生：明白了。最后问问您平时的口味，是不是吃得比较咸？刚才剁排骨，是不是真的使了特别大的劲儿？

患者：对，我平时就爱吃咸的、口味重的。刚才剁排骨，那真是吃奶的劲儿都使出来了，玩命往下砍，当时就觉得脑袋嗡嗡的，跟要炸了一样。",医生：您好，看您进门的时候起步显得有些犹豫，今天是哪里出了状况？患者：大夫，我现在的脚就像是被施了定身法一样。每次刚要迈步的那一下，脚死活抬不起来，好像粘在地上，得原地踏步好几下才能走出去。而且我发现自己连写字都退化了，以前写一笔好字，现在提笔手就僵，写出来的字越来越小，最后缩成一团跟芝麻一样大。医生：这种冻结步态和写字变小，确实很影响您的生活和爱好。除了这些，您最近有没有被严重的便秘困扰？或者发现自己脸上的表情越来越少，别人总觉得你在生气？患者：大便确实是个大麻烦，经常五六天才一次，得用开塞露。我女儿也说我最近整天板着个脸像个面具一样，其实我心里根本没生气，但就是笑不出来。医生：好的，这些情况都是有关联的。回忆一下以前，您年轻时头部有没有受过比较严重的创伤？或者有没有经常觉得头晕，被诊断过慢性脑缺血？患者：年轻时在工地上干活，被掉下来的砖头砸过一次头，缝了几针。这几年确实老觉得头晕乎乎的，大夫说是脑供血不足。医生：了解。家族里，您的长辈有没有人到了老年出现过类似的动作迟缓、手脚发抖的情况？患者：我姥爷以前老了就是整天坐在太师椅上手抖个不停，那时候农村医疗条件差，也没去看过，最后连饭都喂不进嘴里。医生：最后了解下您的生活环境。您以前有没有长期接触过农药，或者是长期喝没处理过的井水？患者：有，我在老家大棚里种了十几年的菜，喷农药那是家常便饭，经常弄得满身都是农药味。那时候我们村吃水也都是自己打的深井水。,医生：您好，您这次来看诊，主要是哪方面的问题？患者：医生您好，主要是突然走路不稳、拿东西掉落。1个月前突然觉得左侧胳膊发沉，筷子拿不稳，走路拖脚，没有明显头痛。医生：这些表现是突然出现还是逐渐加重？大概从什么时候开始，最明显影响到什么活动？患者：起初我还想忍一忍，但家人看我反应慢、走路偏，就陪我来了。医生：有没有出现听懂别人说话困难、找词困难，或者手脚虽然能动但不听指挥、动作笨拙？患者：我能听懂大多数话，但想说某个词时会卡住，左侧手能动但特别笨。医生：之前身体状况怎么样？有没有类似症状、慢性病、外伤史，或体检提示过异常？患者：曾经因为头晕住过院，医生说血管条件不太好，之后就没坚持随访。医生：您的家人中有没有人年轻或年老后出现过相似表现，或者被反复要求做头部、神经方面检查？患者：家里兄弟姐妹里有人血脂高，爷爷晚年半身不遂过。医生：最后问一下，近期有没有旅行、腹泻或感冒，是否接触特殊环境？平常作息和运动规律吗？患者：每天坐办公室十几个小时，最近连续加班，颈部也常发紧。
,"医生：来，您先坐，我看您脸色不太好。今天是怎么回事儿，突然就发作了？

患者：哎呀，大夫，我刚才跟朋友吃火锅呢，正拿着漏勺捞肉，结果右手突然就没劲儿了，那漏勺“哐当”一下就掉锅里了，溅了我一身汤。我当时想站起来去洗手间擦擦，结果右腿也发软，整个右边身子跟不是自己的似的，摸着都没啥感觉了。

医生：这种突然的半边身子没感觉、没力气，咱必须得重视起来，不能耽误。我再问一下，在最近这半个月里头，您有没有出现过那种——说话突然不利索了，或者眼睛前面突然就黑了，过会儿又好了的情况？

患者：哎，您这么一说，我想起来了，上周有那么一回，我脑子里想好了词儿，结果到嘴边就是说不出来，过了几分钟自己又好了。

医生：嗯，这种短暂的说不出来话，在您这种情况是特别危险的信号。咱再说说您以前的情况，您有没有查出来过房颤？就是心跳不规律的那种。或者血脂高不高？

患者：房颤，有，医生以前给我开过药，但是我嫌麻烦，没坚持吃。血脂查过，也是偏高的。

医生：那家里头，您父母或者兄弟姐妹里头，有没有人得过脑梗，就是脑血管堵了那种？

患者：我父亲，他就是因为脑梗走的。

医生：行，我清楚了。那咱们再说说您平时的习惯，抽烟喝酒厉害吗？是不是也爱吃油腻的东西？

患者：哎，我这人就喜欢吃火锅、喝啤酒，基本天天都得来点。烟也抽得凶，一天一包。体重嘛，说实话，也超了不少。",医生：您好，请坐，不用急，慢慢说今天主要是遇到了什么身体上的麻烦？患者：医生，我这右半边身子最近像是不属于我了一样。只要我坐下来看报纸，右手的大拇指和食指就不停地来回捻，像是在数钞票，腿也跟着上下颠。而且我觉得右胳膊的关节特别紧，像生了锈的齿轮，穿衣服往袖子里套的时候，胳膊硬邦邦的根本弯不过来。医生：静止时捻丸样的震颤和这种齿轮样的僵硬感，是非常关键的体征。除了这些外在的运动问题，您最近有没有觉得自己闻东西的味道越来越淡，甚至完全闻不出来了？或者晚上睡觉的时候很不踏实，经常在梦里大喊大叫？患者：闻味道这事儿是真的！我以前特别喜欢闻茶香，最近泡了上好的龙井，硬是闻不出半点清香味。睡觉也是，我经常梦到有人追杀我，我就在床上拼命挥手，把我老婆打得都快不敢靠近我了。医生：这些隐性的症状往往和运动问题是并存的。那您年轻的时候，有没有从事过高危作业伤到过头部？或者以前有过轻微的中风、脑供血不足？患者：年轻时候在矿上干活，塌方的时候被落石砸过安全帽，当时轻微脑震荡，头晕了半个月。另外就是血压偏高，医生说我脑部微血管有些缺血的病变。医生：好的。在您的家族亲属中，有没有人到了老年以后，动作变得像电影慢动作一样，或者有严重的手抖现象？患者：我亲大伯就是那样，七十岁以后走路就变成了那种小碎步，手也抖，连自己吃饭都成问题，最后几年完全要人喂。医生：明白了。最后再问一下，您以前的生活或者工作环境中，有没有长时间接触过杀虫剂、除草剂这类化学农药？患者：有啊！我干矿工之前，在农场做了十几年的病虫害防治员，天天背着喷雾器打除草剂和杀虫剂，那时候根本不知道这东西对身体有害，连手套都不戴。,医生：您好，您这次来看诊，主要是哪方面的问题？患者：医生您好，主要是突然走路不稳、拿东西掉落。先是头晕，随后嘴角有点歪，家人说我吐字不清，左侧腿走路使不上劲。医生：这些表现是突然出现还是逐渐加重？大概从什么时候开始，最明显影响到什么活动？患者：症状出现后没有马上完全好转，左侧手脚还是发笨，自己活动不方便。医生：除了肢体无力和说话变化，您有没有短暂视物模糊、吞咽不顺、口水增多，或者一侧身体感觉变钝？患者：我能听懂大多数话，但想说某个词时会卡住，左侧手能动但特别笨。没有发热，胸痛不明显。医生：接下来了解既往情况。您以前有没有类似发作或类似不适？平时有没有慢性病、住院史，或做过相关检查？患者：曾经因为头晕住过院，医生说血管条件不太好，之后就没坚持随访。医生：从家族史方面看，家里有没有人有类似发作，或者长期的神经系统、肌肉无力、脑血管方面问题？患者：家里兄弟姐妹里有人血脂高，爷爷晚年半身不遂过。医生：平时生活习惯方面，是否经常久坐、熬夜、饮食偏咸偏油、饮酒吸烟？发作前有没有特别劳累或不适？患者：工作压力大，经常熬夜，早餐不规律，喝水少。
,"医生：来，慢点坐，我看您是被家属搀进来的，走路有点发飘。今天是怎么个情况，让您赶紧来医院了？

患者：哎呀，大夫，说出来都丢人，又吓人。我昨天晚上睡觉，本来睡得挺踏实。我老婆讲，我半夜突然间“嗷”一嗓子怪叫，然后整个人在床上绷得直直的，开始抽筋，两个手两个脚就在那儿乱蹬，把床板都弄得哐哐响，差点没给我震塌了。最要命的，我今天早上醒过来，发现自己尿床了！我都快五十的人了，怎么还尿床呢？而且现在我这浑身骨头跟散了架一样，尤其后背和大腿上的肉，酸疼酸疼的，舌头边儿上也咬破了一块，肿得老高。

医生：您说的这种情况，夜里突然发作，抽筋，还有尿失禁和舌头咬伤，这些表现挺典型的，您不用觉得不好意思。我再问问，在发作之前，或者就这两天，您有没有觉得肚子里头有股气往上顶？或者眼前老看见那种五颜六色的、一闪一闪的光点？

患者：哎，您这么一说我想起来了，我前两天看电视的时候，总觉得电视机旁边有那种亮斑，一闪一闪的，我揉了半天眼睛都没用。肚子有气往上顶的感觉倒没觉得，就是一直觉得脑袋昏昏沉沉的，不清爽。

医生：嗯，这种视觉上的异常，在您这种情况里是很重要的线索。那咱们再往前说，您年轻的时候，有没有得过什么脑子的毛病，比如脑炎、脑膜炎之类的？或者小时候发高烧有没有抽过风？

患者：我妈以前跟我说过，我三岁那年出麻疹，发烧烧到四十度，当时就烧抽过去了，在村里卫生所挂了好几天吊瓶。脑子里的感染，倒是没听大夫说过。

医生：行，我知道了。那家里头，您的兄弟姐妹或者长辈里边，有没有人有过类似的情况，比如睡梦中突然发作，或者白天突然倒地、抽抽的？

患者：我亲大伯，他以前就有个毛病，听说是受了点刺激以后，偶尔会突然倒在地上，嘴里吐白沫，那时候村里人都叫他“羊角风”。

医生：好，我都记下来了。最后再问一下您最近的生活，有没有喝大酒？或者因为什么事儿，累得不行、睡眠特别差？

患者：唉，最近厂里效益不好，我愁得天天睡不着，晚上不喝大半瓶白酒根本灌不醉自己，昨晚上也是喝得晕晕乎乎的才躺下的。",医生：您好，看您系扣子有些慢，今天是怎么了？患者：大夫，我这双手现在笨得要死，干什么都慢。坐在沙发上，左手就在膝盖上抖个不停。医生：手部僵硬迟缓和静止时的抖动确实影响生活。除了这些，您最近晚上睡觉安稳吗？有没有经常大喊大叫？患者：老伴说我半夜经常突然吼叫。医生：睡眠异常是个重要信号。您以前被诊断过慢性脑部缺血吗？患者：大夫说我脑缺血，有斑块。医生：您的长辈里，有没有人老了以后表情木讷、手也发抖的？患者：我爷爷以前就是板着脸没有表情，手还抖。医生：了解。您过去的生活中，有没有长期喝过地下井水？患者：在乡下生活了很久，一直喝地下水。,医生：您好，您这次来看诊，主要是哪方面的问题？患者：医生您好，主要是醒后发现说话不清、手脚发笨。1个月前突然觉得左侧胳膊发沉，筷子拿不稳，走路拖脚，没有明显头痛。医生：好的。这个情况持续了多久？中间有没有完全缓解，还是一直存在或越来越明显？患者：症状出现后没有马上完全好转，左侧手脚还是发笨，自己活动不方便。医生：除了肢体无力和说话变化，您有没有短暂视物模糊、吞咽不顺、口水增多，或者一侧身体感觉变钝？患者：症状从早上到现在一直有，头晕不是转圈那种，就是站不稳，走直线会偏。没有发热，胸痛不明显。医生：我再问一下过去的身体情况：以前出现过这样的症状吗？有没有长期疾病、外伤、手术或正在服用的药物？患者：以前有过短暂手麻和说话不清，几分钟就好了，当时没来看。医生：您的家人中有没有人年轻或年老后出现过相似表现，或者被反复要求做头部、神经方面检查？患者：父亲有过中风后遗留走路不稳，母亲也有高血压。医生：平时生活习惯方面，是否经常久坐、熬夜、饮食偏咸偏油、饮酒吸烟？发作前有没有特别劳累或不适？患者：喜欢喝酒，应酬多，体重增加明显，很少监测血压血糖。
,"医生：来，先坐，别着急。今天这是怎么回事儿啊？

患者：哎哟，大夫，我跟您说，就刚才，我在理发店剪头发，剪完了嘛，我站起来，准备去那边洗头去，结果左边这条腿，一下子就软了，直接给我跪地上了，就跪在理发椅旁边。我当时还想呢，我用左手撑着地站起来吧，结果您猜怎么着，左手也完全没劲儿了，跟不是自己的似的。后来理发师跟我说，说我脸都歪了，我这才发现，我自己说话那声儿都不对了，听着特别怪。

医生：这种突发的半边身子没劲儿，脸也歪了，必须赶紧看，不能耽误。咱除了这个，我再问问您啊，在这之前，就过去这一两周里头，您有没有出现过那种——就是一只眼睛突然就看不见了，过一会儿又好了？或者感觉手指头麻不麻？

患者：手指头麻？有有有，上周我洗碗的时候，就左手的小指跟无名指，麻了好一阵子呢。还有就是，这几天我也不知道怎么回事儿，老打哈欠，我明明晚上睡得也够，可白天就是觉得特别乏，特别困。

医生：嗯，犯困和手脚发麻，这个在您这种情况，有可能是很重要的信号。咱再说说，您以前检查过没有，有没有高血压，或者颈动脉硬化这类的问题？血糖高不高？

患者：血压高了好多年了，真的，我一直没拿它当回事儿，没怎么管。血糖呢，也是偏高，不过大夫之前说还没到糖尿病那个份儿上。颈动脉硬化，就是上次体检的时候，那医生提过一嘴，说是有那么点问题。

医生：那家里头，直系亲属，有没有发生过偏瘫啊，或者血管堵得厉害的？

患者：有，我母亲，她晚年的时候，也是突然一下就偏瘫了，后来就一直坐轮椅，下不了地。

医生：行，我明白了。那再问一下您平时的吃饭，是不是爱吃得油腻一点？平时有没有运动的习惯？

患者：哎，我这个人吧，就好那一口，喜欢味道重的，油炸的东西我特别爱吃。运动……平时工作太忙了，回到家就想躺着刷手机，基本不怎么动。",医生：您好，看您是由女儿陪着来的，今天主要是哪里觉得不对劲？患者：医生，我这阵子在家里真是连个废人都不如了。早上起来穿个衬衫，就那几个小扣子，我得系上足足十分钟，手指头特别笨拙僵硬。而且我发现，只要我不干活，坐在沙发上看电视的时候，这左腿就不由自主地上下抖动，频率还挺快，但只要我站起来走路它就不抖了。只是这走起路来更愁人，转身的时候特别困难，脚底板像吸铁石一样吸在地上，只能小碎步一点点挪。医生：穿衣费力、静止时的腿抖还有转身困难，确实很折磨人。除了这些，您最近有没有觉得自己的脸部表情变得越来越少，朋友觉得您总是板着脸？或者最近晚上总是做特别真实的噩梦，伴随大动作？患者：我女儿昨天还说我呢，说我天天板着个脸像谁欠我钱似的，其实我心里根本没生气，但脸皮就是发紧，笑不出来。噩梦是真多，前几天我梦见被狗咬，我在床上拼命踢腿，一脚踢在床头柜上，脚趾头都踢肿了。医生：面部僵硬和睡眠中的大动作也是关键的表现。您以前有没有被诊断过慢性脑缺血，或者发生过比较严重的煤气中毒？患者：以前在老单位的平房里住，冬天生炉子，确实有过一次煤气中毒，当时人脸都紫了，抢救了好几个小时才救回来。这两年也总觉得头脑不清醒，大夫说是脑供血不足。医生：好的。那在您的长辈里，有没有人出现过类似的一闲下来就手脚发抖，或者整个人动作迟缓、表情呆滞的情况？患者：我外婆以前就是这样，每天坐在藤椅上手抖得厉害，脸也是毫无表情的，像戴了个面具，我们当时都以为是老年痴呆。医生：了解了。最后了解一下您以前的生活习惯，有没有长年饮用未经消毒的井水的经历，或者接触过大量农药？患者：我从小就在山里长大，一直到三十多岁进城前，喝的都是山里的地下井水，直接舀起来就喝，从来不烧开。农药倒是没怎么接触过。,医生：您好，请您从最开始的不舒服说起，哪里最明显？患者：医生您好，主要是一过性黑矇后出现肢体乏力。今天早晨醒来发现左侧手脚不太灵活，穿衣扣扣子很费劲，说话也有点含糊。医生：我明白了。请您再具体说说，当时最早出现的症状是什么，后来又有什么变化？患者：是比较突然出现的，半个月前还基本正常，之后就一直没有完全恢复。医生：我还想确认一些细节：这些症状是持续存在还是一阵一阵？有没有头晕像天旋地转、复视、走直线困难？患者：症状从早上到现在一直有，头晕不是转圈那种，就是站不稳，走直线会偏。医生：我再问一下过去的身体情况：以前出现过这样的症状吗？有没有长期疾病、外伤、手术或正在服用的药物？患者：曾经因为头晕住过院，医生说血管条件不太好，之后就没坚持随访。医生：再了解一下家族情况。您的父母、兄弟姐妹或子女中，有没有人出现过类似症状，或有相关的长期疾病？患者：家里没有明确遗传病，但长辈心脑血管问题比较多。医生：最后问一下，近期有没有旅行、腹泻或感冒，是否接触特殊环境？平常作息和运动规律吗？患者：喜欢喝酒，应酬多，体重增加明显，很少监测血压血糖。
,"医生：您好，别着急。今天是因为什么突发情况过来的？

患者：哎呀大夫，我刚才坐沙发上看电视看得好好的，想站起来去倒杯水喝，结果发现左边这条腿完全使不上劲儿，“扑通”一下就跪地上了，左边胳膊也软绵绵的，抬不起来。

医生：嗯，突然出现半边身子没劲儿，这个得立刻重视。我问您，除了肢体没力气，您最近有没有觉得头疼？或者看电视的时候，有没有觉得屏幕有一半看不清、发暗？家里人有没有说您最近性格变了？

患者：看电视的时候确实是觉得左边那半块屏幕有点发暗，字幕也模模糊糊看不清。性格变没变我自己不知道，但我老伴儿说我这几天老是胡搅蛮缠、不讲理。

医生：好的。那您以前有高血压吗？或者做检查的时候，医生有没有提过您脑部有淀粉样血管病？

患者：高血压有五六年了。去年体检的时候，大夫指着脑CT片子说我有老年淀粉样血管病，让我平时多注意。

医生：嗯。那您的直系亲属里头，有没有人得过类似的病？

患者：我大舅，以前就是突然半边身子不能动了，听家里人说也是脑子里头的问题。

医生：明白了。最后再问问您平时吃饭的口味，是不是偏咸？今天看电视的时候，有没有看到什么特别让人生气、激动的剧情？

患者：我平时就爱吃腌制的咸鱼，离不了那口。刚才看的电视剧里头有个大反派特别坏，气得我直拍大腿，结果这一拍完，就站不起来了。",医生：您好，请坐，不用急，慢慢说今天主要是遇到了什么身体上的麻烦？患者：医生，我这左半边身子最近像是不属于我了一样。只要我坐下来看报纸，左手的大拇指和食指就不停地来回捻，腿也跟着上下颠，我想控制都控制不住。而且我觉得左胳膊的关节特别紧，像生了锈的齿轮，别人帮我拉胳膊都拉不动。医生：静止时捻丸样的震颤和这种齿轮样的僵硬感，是非常关键的体征。除了这些外在的运动问题，您最近有没有觉得自己闻东西的味道越来越淡，甚至完全闻不出来了？或者晚上睡觉的时候很不踏实，经常在梦里大喊大叫？患者：闻味道这事儿是真的！我以前特别喜欢闻茶香，最近泡了上好的龙井，硬是闻不出半点清香味。睡觉也是，我经常梦到有人追杀我，我就在床上拼命挥手，把我老婆打得都快不敢靠近我了。医生：这些隐性的症状往往和运动问题是并存的。那您年轻的时候，有没有从事过高危作业伤到过头部？或者以前有过轻微的中风、脑供血不足？患者：年轻时候在矿上干活，塌方的时候被落石砸过安全帽，当时轻微脑震荡，头晕了半个月。另外就是血压偏高，医生说我脑部微血管有些缺血的病变。医生：好的。在您的家族亲属中，有没有人到了老年以后，动作变得像电影慢动作一样，或者有严重的手抖现象？患者：我亲大伯就是那样，七十岁以后走路就变成了那种小碎步，手也抖，连自己吃饭都成问题，最后几年完全要人喂。医生：明白了。最后再问一下，您以前的生活或者工作环境中，有没有长时间接触过杀虫剂、除草剂这类化学农药？患者：有啊！我干矿工之前，在农场做了十几年的病虫害防治员，天天背着喷雾器打除草剂和杀虫剂，那时候根本不知道这东西对身体有害，连手套都不戴。,医生：您好，我先了解一下，最让您担心的症状是什么？患者：医生您好，主要是一侧肢体无力伴口角歪斜。1个月前突然觉得右侧胳膊发沉，筷子拿不稳，走路拖脚，没有明显头痛。医生：好的。这个情况持续了多久？中间有没有完全缓解，还是一直存在或越来越明显？患者：症状出现后没有马上完全好转，右侧手脚还是发笨，自己活动不方便。医生：除了肢体无力和说话变化，您有没有短暂视物模糊、吞咽不顺、口水增多，或者一侧身体感觉变钝？患者：症状从早上到现在一直有，头晕不是转圈那种，就是站不稳，走直线会偏。医生：我再问一下过去的身体情况：以前出现过这样的症状吗？有没有长期疾病、外伤、手术或正在服用的药物？患者：以前有过短暂手麻和说话不清，几分钟就好了，当时没来看。医生：家里直系亲属有没有发生过类似的肢体无力、抽搐、手抖、说话或走路异常等情况？患者：母亲糖尿病多年，舅舅曾突然说话不清住院。医生：最后问一下，近期有没有旅行、腹泻或感冒，是否接触特殊环境？平常作息和运动规律吗？患者：平时久坐，爱吃油腻和咸的，烟抽得多，运动少。
,"医生：您好，别紧张。今天主要是哪儿感觉不对劲了？

患者：大夫，我刚才骑自行车出去买东西呢，正蹬着车呢，右边手脚突然就不听使唤了，连刹车都捏不住，“哐当”一下就连人带车摔进绿化带里了。现在我右边这半边身子麻得厉害。

医生：嗯，突然出现半边身子失控，这个情况非常危险。我问您，除了麻木没劲儿，您最近有没有觉得头疼？或者看东西的时候，有没有感觉哪一边看不太清？家里人有没有说您最近性格变了、脾气大了？

患者：头在摔进去之前就已经疼得厉害了。我老婆这两天老说我是不可理喻，动不动就发火、摔东西。

医生：好的。那您以前确诊过高血压没有？或者做检查的时候，医生有没有提过您脑部血管有异常？

患者：高血压是有的，但我一直懒得吃药，觉着没啥大事儿。血管异常这个没查过。

医生：嗯。那您父母或者直系亲属里，有没有人得过偏瘫或者心脑血管方面的急病？

患者：我爸，也是因为高血压引起的脑出血没的。

医生：明白了。您平时吃饭，口味是不是偏重、偏咸？刚才骑车的时候，是不是碰上了什么紧急情况，或者情绪一下子特别激动？

患者：饭菜我一直口重，咸了才有味儿。刚才骑车的时候，有个电动车“嗖”一下窜出来，把我吓一跳，我气得大骂了一句，紧接着就犯病了。",医生：您好，别紧张。今天是怎么个情况让您来医院的？患者：大夫，我最近连自己剃胡子都费劲了，胳膊僵得抬不起来。只要我坐在椅子上休息，左胳膊和左腿就开始有节奏地发抖。医生：肢体僵硬和休息时的发抖是典型表现。除了这些，您最近晚上睡觉安稳吗？有没有大喊大叫过？患者：老伴说我经常半夜大吼，还用脚踹墙。医生：睡眠行为异常也是个重要的信号。回忆一下，您以前有没有过一氧化碳中毒？患者：以前在平房生炉子，确实中过煤气晕倒过。医生：那您的父母亲属中，有没有人老了以后走路前倾、容易摔倒的？患者：我父亲晚年走路就是往前冲，摔过好多次。医生：了解了。您以前在农村生活过吗？喝的井水吗？患者：一直在农村，喝的都是自己打的井水。,医生：您好，我先了解一下，最让您担心的症状是什么？患者：医生您好，主要是一侧肢体无力伴口角歪斜。半天前突然觉得左侧胳膊发沉，筷子拿不稳，走路拖脚，没有明显头痛。医生：请您描述一下发作或加重时的样子，包括持续时间、部位和对日常活动的影响。患者：起初我还想忍一忍，但家人看我反应慢、走路偏，就陪我来了。医生：有没有出现听懂别人说话困难、找词困难，或者手脚虽然能动但不听指挥、动作笨拙？患者：有时候喝水会呛一下，左侧脸和手感觉木木的，眼睛看东西偶尔发花。没有发热，胸痛不明显。医生：关于既往史，您之前有没有因为神经、头部、肌肉无力或意识变化等问题就医？平时有什么基础病？患者：有高血压、糖尿病，平时药吃得不太规律，血脂也偏高。医生：从家族史方面看，家里有没有人有类似发作，或者长期的神经系统、肌肉无力、脑血管方面问题？患者：家里没有明确遗传病，但长辈心脑血管问题比较多。医生：最后问一下，近期有没有旅行、腹泻或感冒，是否接触特殊环境？平常作息和运动规律吗？患者：每天坐办公室十几个小时，最近连续加班，颈部也常发紧。
,"医生：您好，别紧张。今天是怎么了，让您赶紧来医院的？

患者：哎哟大夫，我正坐沙发上看电视呢，老伴儿在厨房喊我帮她递瓶酱油。我张嘴想应一声，结果发现自个儿只能“呜呜”地出声，一个字都说不利索。我急了，想站起来去厨房，结果右边这半边身子根本不听使唤，整个人直接瘫沙发上了。

医生：嗯，说不出话、右边身子还动不了，这个情况必须高度警惕。除了刚才这些，您最近几天有没有出现过眼前一过性发黑、看不清东西的情况？或者感觉记忆力突然下降得特别厉害？

患者：眼前发黑倒是没有。不过这几天老伴儿老嫌我丢三落四的，昨天刚跟我说过的话，我今天就怎么都想不起来了，脑子跟生了锈似的。

医生：这些情况都很重要。那我问您，您以前有没有高血压、高血脂这些毛病？平时有没有按时规律地吃药？

患者：高血压高血脂都有快十年了。但我就是不爱吃药，总觉得是药三分毒，平时头不晕我就不吃，血脂的药更是早就给停了。

医生：嗯。那您家里的父母、长辈，有没有人得过严重的心脑血管疾病？

患者：我母亲有很严重的高血压，后来是因为心脏病发作走的。

医生：明白了。最后再问问您的生活习惯。您平时爱运动吗？是不是经常一坐坐一天，还一直抽烟？

患者：我退休以后啊，最大的爱好就是窝沙发里看一整天的抗日剧，几乎都不出屋。看电视的时候烟就没离过手，一天得两包。",医生：您好，请坐，不用紧张，慢慢说今天主要是遇到了什么身体上的麻烦？患者：大夫，我这病发作起来真是古怪得很。我平时在家里洗碗擦桌子的时候，手其实还算稳当。可只要我往沙发上一靠，什么都不干，这左手和左腿就开始有节奏地发抖，想用意志力控制都控制不住。不仅抖，我还觉得身上所有的肌肉都紧绷着，像穿了一件小了一号的紧身衣，脖子转动的时候特别僵硬。医生：这种休息状态下的规律性抖动，以及全身肌肉的紧绷僵硬感，确实让人很难受。除了这些，您最近有没有发现自己脸上的表情越来越少，别人总觉得你在生气？大便是不是也非常不通畅？患者：我女儿前两天刚说过我，说我整天板着个脸像个面具一样，其实我心里根本没生气，但就是笑不出来，脸皮发紧。大便更是个大工程，用开塞露都不一定能马上排出来，愁死人了。医生：面部表情减少和严重的便秘也是我们需要关注的。您以前有没有被诊断过慢性脑缺血，或者发生过比较严重的煤气中毒？患者：大概十多年前吧，我在老平房里烧煤炉子，因为忘记开窗户，发生过一氧化碳中毒，当时人脸都紫了，抢救了好几个小时才救回来。医生：了解了，这确实是个重要的病史。那在您的长辈里，有没有人出现过类似的一闲下来就手脚发抖，或者整个人动作迟缓、表情呆滞的情况？患者：我大伯以前就是这样，每天坐在藤椅上手抖得厉害，脸也是毫无表情的，像戴了个面具，我们当时都以为是老年痴呆呢。医生：好的，这些我都会记录下来。最后想问问您以前的生活环境，您以前有没有在农村长期喝过井水，或者在种地的时候经常接触农药化肥？患者：我是从农村出来的，三十多岁之前一直生活在乡下，喝的都是村子里的老井水。下地干活的时候，经常负责打农药，没少闻那种刺鼻的味道。,医生：您好，今天主要因为什么不舒服来就诊？患者：医生您好，主要是反复短暂头晕伴一侧手麻。先是头晕，随后嘴角有点歪，家人说我吐字不清，右侧腿走路使不上劲。医生：请您描述一下发作或加重时的样子，包括持续时间、部位和对日常活动的影响。患者：当时来得很急，家人发现我说话、走路都和平时不一样，到现在仍然有影响。医生：我还想确认一些细节：这些症状是持续存在还是一阵一阵？有没有头晕像天旋地转、复视、走直线困难？患者：我能听懂大多数话，但想说某个词时会卡住，右侧手能动但特别笨。医生：接下来了解既往情况。您以前有没有类似发作或类似不适？平时有没有慢性病、住院史，或做过相关检查？患者：有高血压、糖尿病，平时药吃得不太规律，血脂也偏高。医生：从家族史方面看，家里有没有人有类似发作，或者长期的神经系统、肌肉无力、脑血管方面问题？患者：父亲有过中风后遗留走路不稳，母亲也有高血压。医生：最后了解一下生活习惯。您平时作息、饮食、运动、吸烟饮酒情况怎么样？最近有没有劳累、熬夜、感染或情绪波动？患者：喜欢喝酒，应酬多，体重增加明显，很少监测血压血糖。
,"医生：您好，请坐。我看您一直捂着头，今天是怎么不舒服了？

患者：哎哟大夫，我跟您说，昨天我跟朋友在KTV唱歌呢，包厢里头那个五颜六色的球灯转得飞快。我正唱着，突然耳朵里就听见一阵奇怪的嗡嗡声，紧接着我就啥也不知道了。后来我朋友跟我说，我倒在那沙发上，全身硬邦邦的，然后就开始使劲抽筋，抽了能有一分多钟。等我醒过来，发现自己把嘴唇都咬破了，还尿裤子了，哎呀真是丢死人了。

医生：嗯，在那种强光、嘈杂的环境里突然发作，还伴有尿失禁，这个您不用觉得不好意思，这都是发作时可能出现的表现。我问您啊，在听到那个嗡嗡声之前，您有没有看到什么幻觉，或者说突然觉得特别害怕、恐惧？现在头是不是疼得厉害？

患者：发作前确实是有一股说不上来的、特别强烈的恐惧感，心里头直发毛。现在嘛，头疼得跟要炸开似的，浑身一点力气都没。

医生：嗯，发作前的这种恐惧感，对我们判断病灶位置很有帮助。那我问您，您以前有没有得过脑炎、脑膜炎这类病？或者脑袋受过什么重伤？

患者：我上初中的时候得过病毒性脑炎，当时住了大半个月的院才出来。

医生：嗯，这个颅内感染的病史和现在的情况是有关联的。那您家里头，比如父母、叔伯，有没有人有过这种突然倒地、抽风的情况？

患者：我大伯，以前偶尔会有突然倒地抽风的情况。

医生：明白了。最后再问问您昨天的细节，发病前是不是在KTV喝了不少酒？最近是不是也特别累、没休息好？

患者：昨天确实是喝了不少洋酒，再加上最近工作连轴转，压根儿就没怎么歇，身体已经透支得不行了。",医生：您好，看您系扣子好像有些费劲，今天是哪里不妥当？患者：医生，我这双手现在笨得像木头。早上穿个衬衣，几个扣子我能系五六分钟。而且我发现自己整个人都僵了，从椅子上站起来得使很大劲。医生：肢体僵硬和动作迟缓确实很折磨人。除了这些，您晚上睡觉安稳吗？有没有经常做噩梦大叫，甚至拳打脚踢？患者：我老伴正为这事跟我分房睡呢！她说我半夜老是吼叫，还手舞足蹈的，我自己一点印象都没有。医生：睡眠行为异常也是个重要的信号。回忆一下，您以前有没有过一氧化碳中毒的经历？或者慢性脑缺血？患者：年轻时冬天生煤炉，确实中过一次煤气，晕了半天。这几年也总觉得脑子里昏昏沉沉的。医生：那您的父母亲属中，有没有人老了以后走路弯腰驼背，表情特别呆滞的？患者：我母亲晚年就是驼背很严重，整天板着个脸没有表情，动作慢得很。医生：明白了。您过去的工作和生活中，有没有长期接触过农药或者除草剂？患者：我以前是农场的技术员，除草剂杀虫剂天天闻，根本没戴过口罩。,医生：您好，您这次来看诊，主要是哪方面的问题？患者：医生您好，主要是反复短暂头晕伴一侧手麻。今天早晨醒来发现右侧手脚不太灵活，穿衣扣扣子很费劲，说话也有点含糊。医生：我明白了。请您再具体说说，当时最早出现的症状是什么，后来又有什么变化？患者：当时来得很急，家人发现我说话、走路都和平时不一样，到现在仍然有影响。医生：除了肢体无力和说话变化，您有没有短暂视物模糊、吞咽不顺、口水增多，或者一侧身体感觉变钝？患者：有时候喝水会呛一下，右侧脸和手感觉木木的，眼睛看东西偶尔发花。没有明显喷射样呕吐，也没有抽搐。医生：接下来了解既往情况。您以前有没有类似发作或类似不适？平时有没有慢性病、住院史，或做过相关检查？患者：有高血压、糖尿病，平时药吃得不太规律，血脂也偏高。医生：您的家人中有没有人年轻或年老后出现过相似表现，或者被反复要求做头部、神经方面检查？患者：家里兄弟姐妹里有人血脂高，爷爷晚年半身不遂过。医生：平时生活习惯方面，是否经常久坐、熬夜、饮食偏咸偏油、饮酒吸烟？发作前有没有特别劳累或不适？患者：喜欢喝酒，应酬多，体重增加明显，很少监测血压血糖。
,"医生：您好，我闻着您身上还有酒味儿呢，今天这是出什么事儿了？

患者：哎哟大夫，我刚才在夜市跟朋友喝酒呢，正举着杯子呢，左手突然一下就一点劲儿都没了，酒杯“啪”就砸地上了，摔个稀碎。我想站起来，结果这腿也发软，站不住啊。

医生：嗯，突发的手没劲儿、腿发软，这个得重视。我问您，除了没劲儿，您现在有没有觉得头疼得特别厉害？或者最近脾气是不是不太好、容易急？看东西的时候，有没有觉得哪一边视野像缺了一块似的？

患者：头现在疼得跟针扎似的，一下一下的。脾气确实暴躁，刚才喝酒的时候还跟隔壁桌吵了几句来着。

医生：好的。那您以前查出过高血压吗？或者脑袋做过什么检查，提示有血管病变之类的？

患者：高血压好多年了，我一直没当回事儿，没正经吃过药。脑部检查我还真从来没做过。

医生：嗯。那您家里的长辈，比如父母、爷爷奶奶，有没有人得过中风，或者血管破裂的情况？

患者：我爷爷，以前就是喝酒的时候突然中风，后来就偏瘫了。

医生：明白了。您平时吃饭是不是油大盐大、口味比较重？今天是不是喝了不少，再加上情绪一激动？

患者：对，我就爱吃那些重口味的下酒菜。今天确实喝了好几瓶白的，又跟人吵了一架，那血就直往头顶上涌。",医生：您好，请坐，不用紧张。今天主要是想看什么问题？患者：医生，我最近连打牌的乐趣都没了。我坐在牌桌上，别人思考怎么出牌，我就只能干坐着，结果这右手放在桌面上就开始有规律地哆嗦，牌友都以为我生病了。可只要我伸手去摸牌，手又稳住了。除了手抖，我还觉得我现在写字特别难看，以前我是练过书法的，现在一写字，字就越写越小，缩成一团。而且走路的时候，右胳膊就像被绑住了一样，怎么都不会自然摆动了。医生：静止时的震颤，加上写字过小和上肢摆动减少，这些体征很明确。那除了这些，您最近有没有觉得自己的嗅觉大不如前？晚上睡觉的时候，会不会在梦里表现得特别激动，手脚乱动？患者：您要不说我都没想到这事。我以前很爱闻桂花香，今年秋天走到树下竟然什么都闻不到。晚上睡觉也是，我经常梦到有人追杀我，我就在床上拼命跑、拼命挥手，把我老婆打得都快不敢靠近我了。大便也特别干结，像羊粪一样。医生：这些情况很重要。回忆一下过去，您有没有过严重的头部外伤，或者一氧化碳中毒的经历？有没有经常觉得脑缺血头晕？患者：外伤倒没有。不过前几年我在密闭的浴室里用燃气热水器洗澡，发生过一氧化碳中毒，当时直接晕倒了，在医院高压氧舱做了好几天治疗。这几年也确实觉得脑子里供血不太好。医生：了解了。那您的父母或者其他直系长辈中，有没有人到了晚年也有经常手抖、走路迈不开小碎步、容易向前摔倒的毛病？患者：我爸生前最后几年就是这样，走路得推个小车，步子迈得极小，还总往前冲，经常摔得鼻青脸肿的。医生：好的。最后了解一下您过去的生活习惯。有没有长期在农田里工作，接触过大量农药？或者喝过没处理过的井水？患者：我年轻时候在老家种过十来年的地，喷农药那是常事，那时候连个口罩都没有。我们家那时候也一直喝的是院子里的那口老井水。,医生：您好，您这次来看诊，主要是哪方面的问题？患者：医生您好，主要是醒后发现说话不清、手脚发笨。昨天有几分钟眼前发黑，后来恢复了，但今天右侧手麻木、动作慢，走路不稳。医生：这些表现是突然出现还是逐渐加重？大概从什么时候开始，最明显影响到什么活动？患者：是比较突然出现的，十来天前还基本正常，之后就一直没有完全恢复。医生：除了肢体无力和说话变化，您有没有短暂视物模糊、吞咽不顺、口水增多，或者一侧身体感觉变钝？患者：症状从早上到现在一直有，头晕不是转圈那种，就是站不稳，走直线会偏。没有明显喷射样呕吐，也没有抽搐。医生：接下来了解既往情况。您以前有没有类似发作或类似不适？平时有没有慢性病、住院史，或做过相关检查？患者：曾经因为头晕住过院，医生说血管条件不太好，之后就没坚持随访。医生：再了解一下家族情况。您的父母、兄弟姐妹或子女中，有没有人出现过类似症状，或有相关的长期疾病？患者：家里兄弟姐妹里有人血脂高，爷爷晚年半身不遂过。医生：平时生活习惯方面，是否经常久坐、熬夜、饮食偏咸偏油、饮酒吸烟？发作前有没有特别劳累或不适？患者：平时久坐，爱吃油腻和咸的，烟抽得多，运动少。
,"医生：您好，请坐。今天是怎么不舒服赶紧跑过来了？

患者：哎哟，医生，我刚才站凳子上换家里灯泡呢，脖子一直仰着仰着，突然就觉得头晕头疼得厉害，接着右边这半边身子一麻，“咣当”一下就从凳子上摔下来了。现在我右边手脚都动不了啦。

医生：嗯，突然头疼，加上半边身子麻木，这个可千万得重视。我问您，除了手脚动不了，这几天您有没有觉得自己脾气比平时大？或者看东西的时候，有没有发现某一边看不清楚、模模糊糊的？

患者：这两天确实是觉得右边眼睛看东西灰蒙蒙的，不清亮。脾气也大，刚才换灯泡的时候我老伴在底下唠叨，我火“腾”一下就上来了，把她大骂了一顿。

医生：好的。那您以前有高血压的毛病吗？或者体检的时候，大夫有没有提过脑子里头有些小血管的异常？

患者：高血压有好几年了。上次体检，大夫说脑子里有点什么淀粉样血管改变，还特意嘱咐我别激动、别生气。

医生：嗯。那您父母、兄弟姐妹里头，有没有人得过中风，或者高血压引起来的并发症？

患者：我亲哥，前两年就是脑出血，现在偏瘫着，还起不来床呢。

医生：好。最后再问问您平时的口味，是不是偏咸、偏重？刚才换灯泡的时候，是不是也挺累的，加上心里一急？

患者：我口味确实重，盐少了吃不下。刚才仰着脑袋折腾半天也弄不好，老伴儿还在底下唠叨，我这心里一着急一上火，就出事儿了。",医生：您好，看您走路右胳膊不怎么摆动，今天是遇到什么麻烦了？患者：医生，我右胳膊像被绑住了，走路不甩。而且坐在那不动的时候，右手大拇指和食指像是在搓什么东西一样抖。医生：肢体摆动减少和搓丸样震颤需要高度警惕。您最近有没有觉得闻不到饭菜的味道？或者经常便秘？患者：鼻子不灵了。便秘也很严重，经常用开塞露。医生：好的。您以前有没有过比较严重的头部重击史？患者：以前出车祸磕到过头。医生：您的直系亲属里，有没有人老了以后走路变得像小碎步的？患者：我亲伯父老了走路就是小碎步。医生：明白了。您以前有没有大量接触过农业杀虫剂？患者：在农资店干过，天天接触农药。,医生：您好，请您从最开始的不舒服说起，哪里最明显？患者：医生您好，主要是一过性黑矇后出现肢体乏力。先是头晕，随后嘴角有点歪，家人说我吐字不清，左侧腿走路使不上劲。医生：好的。这个情况持续了多久？中间有没有完全缓解，还是一直存在或越来越明显？患者：当时来得很急，家人发现我说话、走路都和平时不一样，到现在仍然有影响。医生：除了肢体无力和说话变化，您有没有短暂视物模糊、吞咽不顺、口水增多，或者一侧身体感觉变钝？患者：我能听懂大多数话，但想说某个词时会卡住，左侧手能动但特别笨。医生：我再问一下过去的身体情况：以前出现过这样的症状吗？有没有长期疾病、外伤、手术或正在服用的药物？患者：有高血压、糖尿病，平时药吃得不太规律，血脂也偏高。医生：再了解一下家族情况。您的父母、兄弟姐妹或子女中，有没有人出现过类似症状，或有相关的长期疾病？患者：母亲糖尿病多年，舅舅曾突然说话不清住院。医生：平时生活习惯方面，是否经常久坐、熬夜、饮食偏咸偏油、饮酒吸烟？发作前有没有特别劳累或不适？患者：平时久坐，爱吃油腻和咸的，烟抽得多，运动少。
,"医生：您好，请坐。我看您神情有点恍惚，今天是怎么了，有什么说不清楚的不舒服吗？

患者：哎哟大夫，我今天在公司可出了大丑了。开早会的时候，同事说我突然就站起来了，俩眼直勾勾地盯着前边，嘴里头吧嗒吧嗒地嚼空气，俩手还在那不停地搓衣角。谁叫我都没反应，后来还在会议室里漫无目的地转了两圈。过了大概两分钟吧，我才猛地回过神来，看见周围人都跟看怪物似的瞅着我，我自己呢，完全断片了，啥也不记得。

医生：嗯，您这种情况，发呆、做小动作、还来回走，意识也不清楚，我们得好好查查。在您发呆做这些动作之前，有没有感觉胃里头有股气往上顶、往上涌？或者等您回过神来以后，是不是觉得脑子晕乎乎的，跟一团浆糊似的？

患者：对对对！我发作前那一瞬间，确实是觉得胃里一阵翻腾，跟坐电梯失重那种感觉似的，有一股热气“噌”地就窜到嗓子眼了。等清醒过来以后，我就觉得自己整个人木木的，反应特别慢，而且还特别困，就想睡觉。

医生：嗯，胃里这股气往上冲的感觉，是很有代表性的先兆。那我问您，您以前有没有得过病毒性脑炎、脑膜炎这类脑袋里的感染？或者做过脑部的手术？

患者：做过手术的。十年前我查出来脑子里有个良性的脑膜瘤，当时就做了开颅手术给切了。后来恢复得还行，我就一直没怎么去复查过。

医生：嗯，这个脑膜瘤手术史非常关键。那您家里头，比如父母、长辈，有没有人有这种突然发愣、或者做怪动作的毛病？

患者：没有没有，家里人没有这样的。

医生：好的。最后再问问您最近的生活，是不是工作压力特别大？或者靠喝浓茶、咖啡来硬撑着熬夜？

患者：唉，最近新项目上线，我这精神压力大得快崩溃了，每天就靠三大杯浓美式咖啡吊着，晚上回到家脑子里也嗡嗡的，根本睡不着觉。",医生：您好，看您走得很慢，家属扶着先坐下。今天是哪里觉得不妥当了？患者：医生，我这身体最近真是一言难尽。我这右手，只要我闲下来坐在椅子上，它就自己不停地来回搓动，像数钞票一样，尴尬得很。但这还不是最要命的，最要命的是我感觉整个人都被冻住了一样。早上醒了想在床上翻个身，都得折腾半天；想迈步走，脚就像粘着口香糖，得酝酿好一会儿才能迈出去第一步，走起来也是越走越快，收不住脚，好几次差点往前摔个狗啃泥。医生：这种手部的搓丸样震颤、翻身困难和起步、止步的困难，我们需要非常重视。除了手脚不好使，您最近有没有觉得情绪特别低落，甚至有些抑郁？晚上睡觉的时候会不会大喊大叫、手舞足蹈的？患者：情绪确实很差，觉得自己成了家里的累赘，成天高兴不起来。睡觉的问题我也听老伴说了，她说我最近半夜经常突然大吼一声，还手挥脚踢的，把她吓得不轻，但我自己全在梦里，根本不知道。医生：抑郁情绪和睡眠行为障碍也是这个病程中常见的。我们回顾一下过去，您以前有没有过慢性脑血管病，或者因为意外导致过一氧化碳中毒、头部外伤？患者：头部没受过外伤。但我这几年做颈动脉超声，一直说有斑块，脑供血不太好，经常觉得头重脚轻的。医生：好的。家族方面，您的父母、祖父母或者其他直系长辈，有没有人晚年出现过弯腰驼背特别严重、手脚发抖、面无表情的情况？患者：我外公以前就是个驼背，而且最后那几年，手抖得拿不住烟斗，脸上的皮也是紧绷绷的，一点笑容都没有，跟木头人一样。医生：了解。最后了解一下生活习惯。您以前有没有在农村长期喝井水，或者在种地的时候经常接触农药化肥？患者：我大半辈子都在农村种大棚蔬菜，化肥农药那是天天打交道，味道都吸进了肺里。而且那时候农村没有自来水，家家户户喝的都是自家院子里压水井打上来的生水。,医生：您好，我先了解一下，最让您担心的症状是什么？患者：医生您好，主要是醒后发现说话不清、手脚发笨。先是头晕，随后嘴角有点歪，家人说我吐字不清，右侧腿走路使不上劲。医生：我明白了。请您再具体说说，当时最早出现的症状是什么，后来又有什么变化？患者：是比较突然出现的，半个月前还基本正常，之后就一直没有完全恢复。医生：除了肢体无力和说话变化，您有没有短暂视物模糊、吞咽不顺、口水增多，或者一侧身体感觉变钝？患者：有时候喝水会呛一下，右侧脸和手感觉木木的，眼睛看东西偶尔发花。没有明显喷射样呕吐，也没有抽搐。医生：我再问一下过去的身体情况：以前出现过这样的症状吗？有没有长期疾病、外伤、手术或正在服用的药物？患者：以前有过短暂手麻和说话不清，几分钟就好了，当时没来看。医生：从家族史方面看，家里有没有人有类似发作，或者长期的神经系统、肌肉无力、脑血管方面问题？患者：家里兄弟姐妹里有人血脂高，爷爷晚年半身不遂过。医生：最后了解一下生活习惯。您平时作息、饮食、运动、吸烟饮酒情况怎么样？最近有没有劳累、熬夜、感染或情绪波动？患者：喜欢喝酒，应酬多，体重增加明显，很少监测血压血糖。
,"医生：您好，来，请坐。今天是怎么了，这么着急就过来了？

患者：哎，医生，我刚才在楼下跟邻居下象棋，连输了三盘，最后一盘眼看又要输，我这一着急上火，突然就感觉脑袋里“轰”一声响，然后左边这条胳膊和左边这条腿就完全不听使唤了。

医生：嗯，情绪一激动就出现半边身子没劲儿，这个必须得重视。除了胳膊腿的问题，您在发作之前有没有觉得头疼恶心？或者看棋盘的时候，有没有感觉哪一边的棋子看不清楚？再一个，最近脾气有没有特别反常？

患者：头疼得厉害，还直犯恶心。刚才看棋盘的时候，确实是觉得左边那几颗棋子模模糊糊的。脾气嘛，这两天是一直挺大的，压不住火。

医生：好，那我问您，您以前有过高血压没有？或者医生有没有跟您提过，说您脑子里头有什么淀粉样血管病之类的？

患者：高血压有十几年了。体检的时候大夫说过我脑血管有淀粉样改变，还特意嘱咐我别动怒、别着急。

医生：明白了。那您父母、兄弟姐妹里头，有没有人突然发生过半边身子动不了的？

患者：我父亲，以前就是下棋的时候一激动，脑出血走的。

医生：嗯。最后问问您平时吃饭，是不是口味比较重、比较咸？刚才下棋的时候，是不是气得够呛？

患者：我就好那一口咸菜，离不了。刚才输棋的时候，确实是气得我脸通红、脖子都粗了。",医生：您好，看您刚才转身的时候是一点一点挪过来的，能跟我详细说说今天是怎么个不舒服法吗？患者：医生，我现在觉得自己的身体像是一块生了锈的铁疙瘩。转身的时候，腰和腿根本转不过来，得脚底擦着地，一点点小碎步跟着转。而且我平时喜欢写写毛笔字，现在完全写不了了，手腕子发僵不说，写出来的字越来越小，到最后一行字都挤成一团看不清了。医生：身体僵硬、转身困难，加上写字越来越小，这些都是很典型的运动表现。那除了这些，您最近有没有觉得自己的嗅觉下降了，闻不到熟悉的味道？晚上睡觉的时候，会不会经常做噩梦大声吼叫？患者：真是奇了怪了，我以前鼻子可灵了，最近老伴炒辣椒，满屋子都是辣味我都闻不见，我还以为我感冒了。晚上睡觉更是吓人，我昨天做梦梦见狗咬我，我一脚踹在墙上，脚趾头都破皮了，老伴说我经常大半夜突然尖叫。医生：这些非运动方面的症状非常重要。您过去有没有过比较严重的脑部外伤史？或者有没有得过脑炎？患者：脑炎没得过。但我年轻的时候开大货车，出过一次严重的追尾事故，脑袋撞在方向盘上，当时就失去了意识，医生说是重度脑震荡，还住了半个多月的院。医生：这确实是个不可忽视的既往史。那您的家族里，比如您的长辈们，有没有人到了老年，手脚经常不由自主地发抖，走路也总是弯着腰的？患者：我爷爷以前七十多岁的时候，就是天天坐在太师椅上，手抖得连旱烟袋都拿不住。他走路也是佝偻着背，走得很慢很慢。医生：明白了。最后想了解一下您以前的生活习惯。您有没有长时间在林场或者农田工作，大量接触过杀虫剂一类的化学品？患者：我后来不在车队干了，就回老家包了一片果园，干了将近二十年。杀虫剂、除草剂成箱成箱地买，打药的时候经常弄得满身都是，那个味道到现在想起来都刺鼻。,医生：您好，今天主要因为什么不舒服来就诊？患者：医生您好，主要是突然走路不稳、拿东西掉落。半个月前突然觉得左侧胳膊发沉，筷子拿不稳，走路拖脚，没有明显头痛。医生：好的。这个情况持续了多久？中间有没有完全缓解，还是一直存在或越来越明显？患者：是比较突然出现的，半个月前还基本正常，之后就一直没有完全恢复。医生：我还想确认一些细节：这些症状是持续存在还是一阵一阵？有没有头晕像天旋地转、复视、走直线困难？患者：有时候喝水会呛一下，左侧脸和手感觉木木的，眼睛看东西偶尔发花。没有发热，胸痛不明显。医生：之前身体状况怎么样？有没有类似症状、慢性病、外伤史，或体检提示过异常？患者：有高血压、糖尿病，平时药吃得不太规律，血脂也偏高。医生：您的家人中有没有人年轻或年老后出现过相似表现，或者被反复要求做头部、神经方面检查？患者：家里没有明确遗传病，但长辈心脑血管问题比较多。医生：最后问一下，近期有没有旅行、腹泻或感冒，是否接触特殊环境？平常作息和运动规律吗？患者：喜欢喝酒，应酬多，体重增加明显，很少监测血压血糖。
,"医生：您好，来，先坐下。今天这是遇到什么突发情况了？

患者：哎哟大夫，我正搁家里抱着小孙子逗他玩呢，左边胳膊突然一阵发酸，紧接着就跟断了线似的“啪”一下整个掉下来了，孩子差点摔地上。我老伴冲进来骂我连孩子都抱不住，结果她一看我脸，吓得直叫唤，说我嘴也歪眼也斜的，口水都滴到衣服上了。

医生：嗯，突然出现的胳膊没劲儿，加上嘴歪眼斜，这个得赶紧查。除了这些，在出事之前这段时间，您有没有发现自己走路老往一边偏？或者吞药片、吃硬东西的时候觉得特别费劲？

患者：您这么一提，我想起来了，最近大半个月，我走路老觉得左脚绊右脚，身子总往左边歪。还有就是吃降压药的时候，老觉得那药片卡在嗓子眼儿里下不去。

医生：这些症状都很有参考价值。那我问问您，您以前有没有冠心病的毛病？或者查没查出来过严重的心律不齐？

患者：我有冠心病，心脏里还放过一个支架呢。平时这心脏也偶尔会偷停，或者“突突”乱跳几下。

医生：好。那您父母、兄弟姐妹里头，有没有人发生过心脑血管的急症，比如心梗或者偏瘫？

患者：我父亲，以前就是突发心肌梗死没的。

医生：明白了。最后问问您平时的习惯，您吃饭口重不重？今天抱孩子之前，是不是抽了不少烟？

患者：我是个老烟枪了，天天都得抽。今天家里来了几个老伙计，我们坐着边聊边抽，大半包烟就进去了，完了我去抱孙子就出这事儿了。",医生：您好，请坐，今天主要是哪里不舒服来医院的？患者：大夫，我这右手最近很邪门。我坐在沙发上看电视，手放在腿上，它就不停地搓来搓去，像在捻佛珠。可我一拿遥控器，它立马就不抖了。而且最近走路总觉得腿上像绑了沙袋，沉得很。医生：这种闲着抖、干活不抖的情况，加上肢体沉重，需要注意。除了这些，最近有没有觉得闻不出菜的香味了？或者好几天才解一次大便？患者：您别说，我最近做饭总觉得没味道，老伴却说咸了。大便也特别干，经常三四天才一次，憋得难受。医生：好的。那您以前有没有查出过脑供血不足？或者头部受过伤？患者：前年大夫说我颈椎不好，有点慢性脑供血不足。头部以前骑车摔过，轻微脑震荡。医生：您的长辈里，有没有人到了晚年动作特别慢，或者手也总是发抖的？患者：我爷爷七十多岁的时候，手就天天抖个不停，走路也是小碎步。医生：了解了。您以前在农村生活过吗？有没有经常打农药或者喝井水？患者：年轻时在农村种了十几年地，经常背着药桶打杀虫剂。那时候大家都喝院子里的压水井。,医生：您好，您这次来看诊，主要是哪方面的问题？患者：医生您好，主要是一过性黑矇后出现肢体乏力。十来天前突然觉得右侧胳膊发沉，筷子拿不稳，走路拖脚，没有明显头痛。医生：这些表现是突然出现还是逐渐加重？大概从什么时候开始，最明显影响到什么活动？患者：当时来得很急，家人发现我说话、走路都和平时不一样，到现在仍然有影响。医生：除了肢体无力和说话变化，您有没有短暂视物模糊、吞咽不顺、口水增多，或者一侧身体感觉变钝？患者：症状从早上到现在一直有，头晕不是转圈那种，就是站不稳，走直线会偏。没有明显喷射样呕吐，也没有抽搐。医生：之前身体状况怎么样？有没有类似症状、慢性病、外伤史，或体检提示过异常？患者：曾经因为头晕住过院，医生说血管条件不太好，之后就没坚持随访。医生：从家族史方面看，家里有没有人有类似发作，或者长期的神经系统、肌肉无力、脑血管方面问题？患者：家里兄弟姐妹里有人血脂高，爷爷晚年半身不遂过。医生：最后问一下，近期有没有旅行、腹泻或感冒，是否接触特殊环境？平常作息和运动规律吗？患者：喜欢喝酒，应酬多，体重增加明显，很少监测血压血糖。
,"医生：您好，先别紧张，慢慢说。今天这是出什么事儿了让您来医院？

患者：哎哟大夫，我昨天看电影呢，电影里头突然来了一阵特别闪的爆闪灯，我脑子“嗡”地一下就懵了，然后啥也不知道了。我朋友说我从座位上出溜到地上了，浑身硬邦邦的，一个劲儿抽抽，嘴里还吐白沫了。大概过了能有一分多钟我才缓过来。

医生：嗯，闪光刺激下突然发作的全身抽搐，这个情况确实挺典型的。那我问您，在您失去意识之前，除了看见闪光，有没有觉得恶心反胃，或者闻到什么特别奇怪的味道？现在发作完了，您身上感觉怎么样？

患者：发作之前确实是觉得一阵恶心，想吐来着。现在嘛，头跟要炸了似的疼，胳膊腿儿的肌肉酸得厉害，抬手的劲儿都没有了。

医生：发作后头疼、肌肉酸痛，这是比较常见的反应。您以前头部有没有受过什么外伤，比如出过车祸？或者得过脑膜炎？

患者：五年前倒是出过一回车祸，脑袋撞方向盘上了，当时有轻度脑震荡。脑膜炎没得过。

医生：嗯，这个头部外伤史也挺重要的。那您家里头，父母或者亲兄弟姊妹，有没有人有过这种突然发作的抽搐？

患者：我亲叔叔以前就有过类似的情况，听家里人说他也是看见闪光的东西就容易犯病。

医生：明白了。最后再问问您的生活习惯。您平时是不是经常熬夜看手机、看屏幕？这次发病前是不是很长时间没休息了？

患者：哎，我是程序员，天天对着电脑屏幕敲代码到半夜。昨天看电影之前，我已经连着通宵赶项目赶了两天了。",医生：您好，看您满面愁容的，今天主要是哪里不舒服来医院的？患者：大夫啊，我这只右手最近真是急死人了。刚才在候诊区等您的时候，我这右手放在膝盖上，就不由自主地来回搓，像是在捻一串佛珠一样，抖得停不下来。可奇怪的是，等我真要去拿水杯喝水，或者去掏手机的时候，它反而不怎么抖了。而且我现在觉得浑身僵硬，特别是两条腿，像灌了铅一样，起步的时候特别费劲，脚底板像粘在地上，得拖着走。医生：这种静止状态下出现的抖动和肢体僵硬，确实会让人心里发慌。除了手抖和起步困难，您最近有没有觉得自己的嗅觉变得特别迟钝，闻不到味道？或者晚上睡觉不安稳，经常大声说梦话、甚至拳打脚踢的？患者：您还真神了！上周我老伴在厨房炖鱼，锅都烧干了糊得满屋子烟，我坐在客厅硬是没闻见，差点酿成火灾。睡觉更是折磨人，我老伴说我前天晚上做梦打仗，一拳头抡在她脸上，把她眼睛都打青了，我自己倒是一点印象都没有。还有就是大便，经常四五天才解一次，干得像羊粪球。医生：这些生活里的细节都是非常重要的身体信号。我们再往前回忆一下，您年轻的时候头部有没有受过比较严重的撞击伤？或者有没有煤气中毒、慢性脑供血不足的经历？患者：脑袋没受过什么大伤。不过大概七八年前吧，我在老房子里烧煤炉子取暖，确实轻微煤气中毒过一次，当时头晕恶心，在院子里吹了半天冷风才缓过来。这两年也经常觉得脑子昏昏沉沉的，医生说是脑缺血。医生：了解了。那您的直系亲属，比如父母、祖父母，有没有人到了中老年以后也出现过手脚总抖、走路越来越慢，或者弯腰驼背特别严重的情况？患者：我奶奶以前到了八十岁的时候，就是坐在门槛上一直不停地点头、手抖，那时候医疗条件差，大家都以为是老了不中用了，也没往病上想。医生：好的，我会把这个记录下来。最后想了解一下您以前的生活环境，您以前有没有长期从事农业工作，大量接触过农药、杀虫剂？或者是长期喝那种没经过处理的地下井水？患者：我是地地道道的农民出身，种了小半辈子的棉花。那时候打农药哪有什么防护服啊，背个药桶直接喷，经常弄得满身都是农药。我们村里吃的水，也一直都是自家院子里打的十几米深的土井水。,医生：您好，请您从最开始的不舒服说起，哪里最明显？患者：医生您好，主要是突然走路不稳、拿东西掉落。先是头晕，随后嘴角有点歪，家人说我吐字不清，右侧腿走路使不上劲。医生：好的。这个情况持续了多久？中间有没有完全缓解，还是一直存在或越来越明显？患者：是比较突然出现的，半个月前还基本正常，之后就一直没有完全恢复。医生：除了肢体无力和说话变化，您有没有短暂视物模糊、吞咽不顺、口水增多，或者一侧身体感觉变钝？患者：有时候喝水会呛一下，右侧脸和手感觉木木的，眼睛看东西偶尔发花。没有发热，胸痛不明显。医生：接下来了解既往情况。您以前有没有类似发作或类似不适？平时有没有慢性病、住院史，或做过相关检查？患者：做体检时提示颈动脉斑块，平时偶尔心慌，但没系统复查。医生：您的家人中有没有人年轻或年老后出现过相似表现，或者被反复要求做头部、神经方面检查？患者：家里兄弟姐妹里有人血脂高，爷爷晚年半身不遂过。医生：我还想了解生活和诱因：最近睡眠、压力、饮食、饮酒、吸烟、运动，以及外出或特殊接触情况如何？患者：喜欢喝酒，应酬多，体重增加明显，很少监测血压血糖。
,"医生：您好，来，您请坐。看您脸色有点苍白啊，今天是怎么不舒服了？

患者：哎，医生，我是干厨师的。这半个月可愁死我了，饭碗都快端不住了。每天上午备菜的时候我还能行，生龙活虎的。可一到晚上饭口高峰，我端那大铁锅想颠勺，嘿，胳膊一点劲儿都没了，锅差点砸灶台上。现在连切个硬点儿的菜都使不上劲，手软得跟棉花似的。

医生：嗯，您这个早上有劲儿、晚上就没劲儿，这种波动的无力感我们得重视。除了胳膊没劲，您最近有没有觉得晚上吃员工餐的时候，嚼馒头或者嚼肉嚼不烂？喝汤的时候容不容易呛着？

患者：哎哟，您可算说到我心坎里了！现在晚上吃饭，我根本不敢碰肉，嚼两下腮帮子就酸得跟跑了八百米似的，最后只能拿汤泡软了直接吞。喝汤稍微急一点，立马就呛得眼泪哗哗的，咳半天才缓过来。

医生：咀嚼没劲儿、吞咽还容易呛，这两个症状很关键。那我问问您，以前查过甲状腺没有？或者体检的时候，有没有人说您胸腺那块儿有问题？

患者：甲状腺没查过。不过两年前办健康证体检，大夫说我胸部正中间好像有个阴影，怀疑是胸腺增生，让我有空去复查。我当时觉得自己年轻力壮的，没当回事儿。

医生：嗯，这个胸腺的情况很重要，不能忽视。那您家里人，比如父母、兄弟姐妹，有没有得过自身免疫性的病，比如红斑狼疮或者甲亢？

患者：我亲大姐有甲亢，一直吃着药控制呢。

医生：明白了。最后再问问您最近的生活状态。厨房里是不是特别热、特别闷，一天站下来挺累的？发病前有没有生过什么大病、重感冒之类的？

患者：厨房里就跟大蒸笼一样，这几个月生意太好，我每天在后厨一站就是十几个钟头，浑身湿透，连口水都顾不上喝。上个月我还得了重度化脓性扁桃体炎，打了好几天吊瓶，身子亏得厉害。",医生：您好，请坐，看您系扣子的动作有些艰难，今天是哪里觉得异常了？患者：大夫，我这病说起来挺折磨人的。大概从大半年前开始，我发现自己整个人像生锈了一样，早上穿个衣服系扣子，得花十来分钟。而且我这右手，总是忍不住地搓小药丸似的抖。刚开始只有我自己一个人静静坐着看电视的时候才抖，一干活拿东西反而不抖了。现在走路的时候，右胳膊根本不会像以前那样摆动，死死地贴在裤腿上。医生：这种单侧起病的静止性震颤，加上动作迟缓和上肢摆动减少，是非常有特征性的。那除了这些，您最近有没有觉得嗅觉不太灵敏了？晚上睡觉的时候，有没有经常做噩梦，甚至在梦里大喊大叫、拳打脚踢的？患者：真是奇了怪了，我最近确实闻不到味儿了，昨天厨房里熬醋消毒，别人都嫌酸，我是一点没闻见。睡觉更别提了，我老婆现在都不跟我一个屋睡了，说我半夜老是吼叫，手脚还乱踢，好几次把她打醒。还有就是便秘，特别严重。医生：这些情况都是有关联的。我们再看看过去的情况，您年轻的时候头部有没有受过比较严重的撞击，或者有没有长期慢性脑供血不足的病史？患者：脑袋倒是没受过重伤。不过这几年确实一直觉得脑子里昏昏沉沉的，之前在社区医院看，医生说是慢性脑供血不足，让我吃点活血的药，我也断断续续在吃。医生：了解。家族遗传方面，您的父母、祖父母或者其他直系长辈里，有没有人到了晚年也出现过类似手抖、走路越来越慢、甚至弯腰驼背的情况？患者：我爷爷活着的时候，最后那几年手就一直抖，当时村里人都说那是老态龙钟的表现，我们也就没当回事，没带她去大医院看过，不知道是不是同一个毛病。医生：好的，最后了解一下您过去的生活环境和习惯。您以前有没有长期在农田工作，接触过农药、杀虫剂？或者是长时间饮用未经处理的井水？患者：我是从农村出来的，年轻的时候在老家承包了几十年的果园，打农药、喷杀虫剂那是家常便饭，那时候也没什么防护意识，连口罩都不戴。平时喝的水也都是自家院子里打的那种老井水。,医生：您好，请您从最开始的不舒服说起，哪里最明显？患者：医生您好，主要是一侧肢体无力伴口角歪斜。一周前突然觉得右侧胳膊发沉，筷子拿不稳，走路拖脚，没有明显头痛。医生：请您描述一下发作或加重时的样子，包括持续时间、部位和对日常活动的影响。患者：当时来得很急，家人发现我说话、走路都和平时不一样，到现在仍然有影响。医生：有没有出现听懂别人说话困难、找词困难，或者手脚虽然能动但不听指挥、动作笨拙？患者：我能听懂大多数话，但想说某个词时会卡住，右侧手能动但特别笨。没有明显喷射样呕吐，也没有抽搐。医生：接下来了解既往情况。您以前有没有类似发作或类似不适？平时有没有慢性病、住院史，或做过相关检查？患者：曾经因为头晕住过院，医生说血管条件不太好，之后就没坚持随访。医生：再了解一下家族情况。您的父母、兄弟姐妹或子女中，有没有人出现过类似症状，或有相关的长期疾病？患者：家里兄弟姐妹里有人血脂高，爷爷晚年半身不遂过。医生：最后问一下，近期有没有旅行、腹泻或感冒，是否接触特殊环境？平常作息和运动规律吗？患者：喜欢喝酒，应酬多，体重增加明显，很少监测血压血糖。
,"医生：您好，今天这是出什么事了让您赶紧跑医院来？

患者：哎哟大夫，我跟您说，今天可吓死我了。我正开车在高速上呢，突然就觉着左手握不住方向盘了，踩油门的左脚也跟使不上劲儿似的，车都跑偏了。我赶紧靠边停了车，现在左边这半边身子还软塌塌的没劲儿呢。

医生：哎呀，这也太危险了，得亏您反应快，赶紧停下来了。那我问您啊，在出这事儿之前，您有没有觉得脑袋胀得慌、疼得厉害？或者说，您看后视镜的时候，有没有发现哪一边看不太全？再一个，最近家里人有没有说您脾气变大了？

患者：您这么一提，我想起来了，这两天看左边那个后视镜确实费劲，老得把脑袋转好大个角度才能看清。脾气也确实是躁，今天路上还跟人按喇叭较劲儿来着，压不住火。

医生：嗯，明白了。那您以前查出来过高血压没有？或者之前脑袋做过什么检查，说血管有啥问题没有？

患者：血压是一直都偏高，但我自个儿觉得头不晕，就没正经吃过药。脑袋的CT还真没查过。

医生：好的。那您父母啊、家里亲戚里头，有没有人得过中风、偏瘫这类的病？

患者：有啊，我爸妈都有高血压，我爸到了晚年也是偏瘫，最后就躺在床上动不了了。

医生：行，最后问问您平时吃饭的事儿。您口味重不重，菜咸不咸？还有今天开车是不是特别累、或者心里特别着急上火？

患者：饭菜肯定偏咸啊，我是北方人嘛。今天连续开了四个多小时车，中间没歇，路上还堵得死死的，心里头那火儿就一拱一拱的。",医生：您好，别紧张。今天是怎么个情况让您来医院的？患者：大夫，我现在写字越来越小，挤成一团。只要我坐在椅子上休息，左胳膊就开始有节奏地发抖。医生：写字变小和休息时的发抖是典型表现。除了这些，您最近情绪怎么样？晚上睡觉会不会做噩梦并伴随很大的动作？患者：情绪很压抑。晚上老做噩梦，还会挥拳头打人。医生：情绪和睡眠的改变也是关键。回忆一下，您以前有没有脑缺血的病史？患者：查过颈动脉有斑块，说我脑供血不足。医生：那您的父母亲属中，有没有人老了以后动作极其迟缓的？患者：我父亲晚年动作就慢得出奇。医生：了解了。您以前在农村生活过吗？喝的井水吗？患者：一直在农村，喝的都是自己打的井水。,医生：您好，我先了解一下，最让您担心的症状是什么？患者：医生您好，主要是突然走路不稳、拿东西掉落。3天前突然觉得左侧胳膊发沉，筷子拿不稳，走路拖脚，没有明显头痛。医生：请您描述一下发作或加重时的样子，包括持续时间、部位和对日常活动的影响。患者：起初我还想忍一忍，但家人看我反应慢、走路偏，就陪我来了。医生：有没有出现听懂别人说话困难、找词困难，或者手脚虽然能动但不听指挥、动作笨拙？患者：症状从早上到现在一直有，头晕不是转圈那种，就是站不稳，走直线会偏。没有发热，胸痛不明显。医生：我再问一下过去的身体情况：以前出现过这样的症状吗？有没有长期疾病、外伤、手术或正在服用的药物？患者：曾经因为头晕住过院，医生说血管条件不太好，之后就没坚持随访。医生：再了解一下家族情况。您的父母、兄弟姐妹或子女中，有没有人出现过类似症状，或有相关的长期疾病？患者：家里没有明确遗传病，但长辈心脑血管问题比较多。医生：平时生活习惯方面，是否经常久坐、熬夜、饮食偏咸偏油、饮酒吸烟？发作前有没有特别劳累或不适？患者：工作压力大，经常熬夜，早餐不规律，喝水少。
,"医生：您好，看您是坐轮椅被推过来的，今天这是怎么了？

患者：哎呀大夫，我今天早上刚睡醒，正想穿衣服下地呢，结果左边这半边身子完全不听使唤了，就跟这半边不是我的似的，我使了半天劲也起不来床啊。

医生：嗯，这情况确实挺严重的。除了身子动不了，您有没有觉得头疼得厉害？或者看东西的时候，有没有感觉哪一边突然看不见了？再一个，最近家里人有没有说您脾气变古怪了？

患者：头吧，是有一点疼，就跟针扎似的那么一下一下的。脾气这事儿，我老伴这两天老说我不可理喻，跟变了个人一样。看东西倒没觉得有啥不对劲。

医生：好的。那您以前查出来过高血压吗？或者医生有没有跟您提过，说脑子里头有些小血管的毛病？

患者：血压高是一直都有，我没当回事儿，没怎么管它。以前拍片子，大夫说我脑血管里有些什么淀粉样改变，我没太听懂。

医生：嗯。那您家里人，比如父母他们，有没有人得过类似中风、半身不遂的病？

患者：有啊，我母亲，七十岁那年也是这样，突然就半边身子不能动了。

医生：好，最后再问问您平时的习惯。您吃饭口重不重、咸不咸？还有，昨晚睡觉之前，有没有做啥剧烈活动，或者跟人吵架、情绪特别激动来着？

患者：我吃东西就爱咸的，口重。昨晚睡觉前看了一场足球赛，我支持那队输了，气得我把遥控器都砸了才睡的觉。",医生：您好，看您刚才转身有点吃力，今天是哪里不舒服？患者：医生，我现在转身得一点点挪。平时坐在那休息，左腿就不由自主地上下抖。医生：转身困难和静止时的下肢震颤很典型。除了这些，您最近有没有觉得自己的嗅觉下降了？或者情绪很差？患者：嗅觉是差了，闻不到醋酸味。情绪也抑郁，老想哭。医生：好的。您以前有没有过煤气中毒的经历？患者：十几年前用土暖气轻微中过一次煤气。医生：那您的父母亲属中，有没有人老了以后走路弯腰驼背的？患者：我妈老了就是驼背严重，走路小碎步。医生：明白了。您年轻时有没有在农村长期接触过农药化肥？患者：种地的时候经常打农药。,医生：您好，请您从最开始的不舒服说起，哪里最明显？患者：医生您好，主要是醒后发现说话不清、手脚发笨。今天早晨醒来发现右侧手脚不太灵活，穿衣扣扣子很费劲，说话也有点含糊。医生：请您描述一下发作或加重时的样子，包括持续时间、部位和对日常活动的影响。患者：症状出现后没有马上完全好转，右侧手脚还是发笨，自己活动不方便。医生：除了肢体无力和说话变化，您有没有短暂视物模糊、吞咽不顺、口水增多，或者一侧身体感觉变钝？患者：我能听懂大多数话，但想说某个词时会卡住，右侧手能动但特别笨。没有发热，胸痛不明显。医生：接下来了解既往情况。您以前有没有类似发作或类似不适？平时有没有慢性病、住院史，或做过相关检查？患者：曾经因为头晕住过院，医生说血管条件不太好，之后就没坚持随访。医生：家里直系亲属有没有发生过类似的肢体无力、抽搐、手抖、说话或走路异常等情况？患者：母亲糖尿病多年，舅舅曾突然说话不清住院。医生：最后问一下，近期有没有旅行、腹泻或感冒，是否接触特殊环境？平常作息和运动规律吗？患者：平时久坐，爱吃油腻和咸的，烟抽得多，运动少。
,"医生：来，您先坐。我看您一直在揉胳膊，今天是怎么不舒服啊？

患者：哎呀，医生，我是干理发这行的。最近这大半个月可把我愁坏了，早上给头几个客人剪头发、吹造型的时候，还行，能撑得住。可一过了中午，我这两只手啊，举着剪子和吹风机，就跟挂了俩沙袋似的，又酸又没劲儿，胳膊直往下坠。更邪门的是，我现在连笑都不会笑了，客人逗我，我想乐一下，就觉得脸上这肉硬邦邦的，想扯个笑脸都扯不动。

医生：嗯，您这种胳膊没劲儿，还有脸上表情发僵的情况，而且早上轻、下午重，这个规律挺有特点的。除了这些，您最近有没有觉得一到下午，这眼皮就耷拉下来，睁不开眼？或者看镜子里客人的时候，有没有觉得客人脑袋变重影了？

患者：有有有！一到下午，我右边这只眼皮就沉得跟铅块似的，老得用手去揉。还有就是看镜子的时候，真就偶尔能瞅见两个脑袋影子叠在一起，我还以为是累花了眼呢，吓得我都不敢给客人下剪子了。

医生：嗯，眼皮耷拉和看东西重影，这两个症状对我们诊断很有帮助。那我想问问您，以前有没有做过胸部的CT，或者胸前做过什么手术？再一个，查没查过甲状腺有问题？

患者：哦，五年前我查出来过胸腺瘤，就在咱这医院胸外科做微创给切了。这几年恢复得还挺好，我也就没怎么去复查过。

医生：胸腺瘤的手术史，这个信息非常关键。那您家里头，父母或者兄弟姐妹，有没有人得过比较严重的免疫系统毛病，比如红斑狼疮之类的？

患者：我亲姐姐，前两年查出来有系统性红斑狼疮，现在一直吃着激素药呢。

医生：行，明白了。最后再问问您平时的工作生活，理发店是不是一忙起来就十几个钟头不歇着？最近有没有不小心得过重感冒什么的？

患者：唉，干我们这行的，忙起来连口水都喝不上，一天站十二三个钟头那是家常便饭。上个星期让客人给传染了流感，高烧烧了三天，我就吃了退烧药硬撑着去上班了。估摸着就是那时候落下这病根儿的。",医生：您好，看您表情有些严肃，今天是哪里感觉不对？患者：医生，我不是严肃，我是脸皮发紧笑不出来。我现在连起步走路都困难，脚底板像粘在地上，得酝酿半天才能迈步。医生：面部表情减少和起步困难让人困扰。除了这些，您最近有没有觉得闻不出菜的香味了？或者情绪很低落？患者：确实闻不到香味了。情绪也很差，总觉得心里憋屈。医生：好的。您以前有没有查出过脑血管慢性缺血？患者：有，经常头昏沉，大夫说是脑供血不足。医生：您的长辈里，有没有人老了以后动作特别慢，手也总是发抖的？患者：我外婆老了就是动作慢，手还一直抖。医生：明白了。您以前的生活环境中，有没有长期接触过农药？患者：年轻时包过果园，经常打农药。,医生：您好，我先了解一下，最让您担心的症状是什么？患者：医生您好，主要是醒后发现说话不清、手脚发笨。今天早晨醒来发现左侧手脚不太灵活，穿衣扣扣子很费劲，说话也有点含糊。医生：好的。这个情况持续了多久？中间有没有完全缓解，还是一直存在或越来越明显？患者：症状出现后没有马上完全好转，左侧手脚还是发笨，自己活动不方便。医生：有没有出现听懂别人说话困难、找词困难，或者手脚虽然能动但不听指挥、动作笨拙？患者：有时候喝水会呛一下，左侧脸和手感觉木木的，眼睛看东西偶尔发花。没有发热，胸痛不明显。医生：我再问一下过去的身体情况：以前出现过这样的症状吗？有没有长期疾病、外伤、手术或正在服用的药物？患者：做体检时提示颈动脉斑块，平时偶尔心慌，但没系统复查。医生：家里直系亲属有没有发生过类似的肢体无力、抽搐、手抖、说话或走路异常等情况？患者：家里兄弟姐妹里有人血脂高，爷爷晚年半身不遂过。医生：最后了解一下生活习惯。您平时作息、饮食、运动、吸烟饮酒情况怎么样？最近有没有劳累、熬夜、感染或情绪波动？患者：喜欢喝酒，应酬多，体重增加明显，很少监测血压血糖。
,"医生：哎哟，您这脸色煞白啊，快坐下。今天这是怎么了，让您这么着急往急诊跑？

患者：哎，医生，我跟您说，我刚才在家洗澡呢，热水刚往头上一冲，突然就听见一阵特别刺耳的声儿，就跟那火车鸣笛似的，呜呜的，可楼下根本没铁轨啊！我还没琢磨过来怎么回事儿呢，就啥也不知道了。后来我老婆听见动静跑进来，说我光溜溜躺地上，浑身硬邦邦的，还一个劲儿抽抽。现在我脑袋疼得要炸开了，浑身跟散了架一样，酸得不行。

医生：嗯，在浴室里发生这种情况确实很危险。我问您啊，在听到那个怪声之前，您眼睛有没有看见那种花花绿绿的闪光？或者胃里头有没有翻江倒海那种恶心感？现在身上肌肉是不是特别酸痛？

患者：闪光倒是没见着，但是当时确实觉得胃里一阵翻腾，想吐。现在嘛，浑身肌肉酸疼得我动都不想动，就只想这么躺着歇着。

医生：明白了。这种发作前听见奇怪声音，对我们判断病灶位置特别有帮助。我再问一下，您以前有没有得过脑膜炎啊，或者脑袋上做过什么小手术没有？

患者：哦，有，我八岁那会儿得过结核性脑膜炎，当时可严重了，治了得有大半年才好利索。大夫说脑膜上可能会留点疤瘌。

医生：行，这个颅内感染的病史很重要。那您家里头，像父母啊、爷爷奶奶那一辈，有没有人得过那种容易突然晕倒、抽风的病？

患者：没有没有，家里人都没这毛病。

医生：好，最后再问问您生活上的事儿。您发病前是不是在那种不透气的小屋里待久了？或者最近累得不行、睡不够觉？

患者：哎，别提了，最近连着加了一个星期的班，每天就睡仨小时，累得跟狗似的。今天就是觉得太乏了，想冲个热乎澡解解乏，结果浴室里雾气腾腾的闷得慌，谁承想突然就出这事儿了。",医生：您好，看您双手一直揣在衣兜里，是不舒服吗？患者：医生，我这双手现在一拿出来就丢人。只要我不干活，两只手就跟过电一样哆嗦，拿出来别人看着还以为我害怕什么呢。但如果我真的要去端个碗、拿个笔，它反而就稳当了。而且我现在觉得全身的肌肉都酸痛僵硬，尤其是翻身的时候，晚上在床上想换个姿势，整个身体像一块钢板，得老伴费好大劲才能把我翻过去。医生：这种典型的静止性震颤和躯干僵硬导致的翻身困难，我完全理解您的痛苦。除了手抖和身体僵硬，您最近有没有觉得自己的嗅觉下降得很厉害？或者晚上睡觉的时候，会不会在梦里表现得特别激动，手脚乱动？患者：您要不说我都没想到这事。我以前很爱闻桂花香，今年秋天走到树下竟然什么都闻不到。晚上睡觉也是，我经常梦见自己跟人吵架，我就在床上拼命挥手，把我老婆吓得跑去跟孙女睡了。大便也特别干结，像羊粪一样。医生：这些情况很重要。回忆一下过去，您有没有过严重的头部外伤，或者一氧化碳中毒的经历？有没有经常觉得脑缺血头晕？患者：外伤倒没有。不过前几年我在密闭的浴室里用燃气热水器洗澡，发生过一氧化碳中毒，当时直接晕倒了，在医院高压氧舱做了好几天治疗。这几年也确实觉得脑子里供血不太好。医生：了解了。那您的父母或者其他直系长辈中，有没有人到了晚年也有经常手抖、走路迈不开小碎步、容易向前摔倒的毛病？患者：我爸生前最后几年就是这样，走路得推个小车，步子迈得极小，还总往前冲，经常摔得鼻青脸肿的。医生：好的。最后了解一下您过去的生活习惯。有没有长期在农田里工作，接触过大量农药？或者喝过没处理过的井水？患者：我年轻时候在老家种过十来年的地，喷农药那是常事，那时候连个口罩都没有。我们家那时候也一直喝的是院子里的那口老井水。,医生：您好，请您从最开始的不舒服说起，哪里最明显？患者：医生您好，主要是反复短暂头晕伴一侧手麻。先是头晕，随后嘴角有点歪，家人说我吐字不清，右侧腿走路使不上劲。医生：我明白了。请您再具体说说，当时最早出现的症状是什么，后来又有什么变化？患者：是比较突然出现的，2天前还基本正常，之后就一直没有完全恢复。医生：有没有出现听懂别人说话困难、找词困难，或者手脚虽然能动但不听指挥、动作笨拙？患者：症状从早上到现在一直有，头晕不是转圈那种，就是站不稳，走直线会偏。没有发热，胸痛不明显。医生：关于既往史，您之前有没有因为神经、头部、肌肉无力或意识变化等问题就医？平时有什么基础病？患者：有高血压、糖尿病，平时药吃得不太规律，血脂也偏高。医生：您的家人中有没有人年轻或年老后出现过相似表现，或者被反复要求做头部、神经方面检查？患者：家里兄弟姐妹里有人血脂高，爷爷晚年半身不遂过。医生：平时生活习惯方面，是否经常久坐、熬夜、饮食偏咸偏油、饮酒吸烟？发作前有没有特别劳累或不适？患者：平时久坐，爱吃油腻和咸的，烟抽得多，运动少。
,"医生：哎，您好，快请坐。别着急，慢慢说，今天是怎么觉得不对劲儿了？

患者：哎呀，大夫，我跟你说，我这右手最近跟长了脑子似的，不听话了。我把它搁腿上或者桌上歇着的时候，它这个大拇指跟食指啊，就不停地来回这么搓，就跟在捻什么东西一样，怎么按都停不下来。但是吧，真让我去拿筷子夹菜，它反倒又不抖了，稳稳当当的。除了手抖，我还发现我自己不会笑了。就前两天，我明明听了个笑话觉得挺可乐的，可我老婆说我脸上那肌肉根本就没动，看着像在生气似的。走路也费劲，右腿老觉得拖在地上，鞋底子磨得比左边快多了。

医生：嗯，您说的这个，手闲着的时候搓丸子似的抖，脸上表情发僵发硬，还有走路拖步，这些表现都非常典型。除了这些，您最近有没有被大便干结、拉不出来这个问题困扰？或者发现自己闻不着臭味儿、香味儿了？晚上睡觉的时候，会不会在梦里手舞足蹈、张牙舞爪的？

患者：哎哟，您这一说全中了！大便真是个大麻烦，我经常五六天都不想解一次，憋得肚子胀。鼻子也出大事了，昨天家里那燃气灶漏气，我老伴儿一进门就闻见了，我就坐在灶跟前儿，愣是没闻着煤气味儿，这多危险啊！睡觉更别提了，我老伴儿投诉我好多次了，说我老在梦里头打拳，胳膊抡圆了，把她都给打疼了。

医生：嗯，您说的这些便秘、闻不见味儿、睡觉乱动，虽然不是手脚的问题，但都是非常重要的参考。那我问问您，您以前得过什么脑部的毛病吗，比如脑炎？或者有没有一氧化碳中毒、长期脑供血不足的经历？

患者：嗯……有，得有十几年了吧，我得过一次病毒性脑炎，当时发高烧，人都烧迷糊了，昏迷了好几天。后来虽然治好了，但总觉着脑子没以前那么灵光了，反应也慢了。

医生：好，我记下了。那您的父母或者外公外婆、爷爷奶奶那一辈，有没有人到了晚年也出现过手抖、起步困难、身子僵硬那种情况？

患者：有！我外公以前就是那样，他走路起步的时候特别难，就跟脚被粘在地上了似的。好不容易走起来了吧，又刹不住车，老往前冲，收不住脚。手也老是抖，端碗都端不稳。

医生：明白了。最后想了解一下您过去的生活情况，您以前在农村生活的时候，有没有长时间喝过那种土井里的水？或者说，有没有大量地接触过农药、除草剂这一类的东西？

患者：我从小就在农村长大的，家里一直喝的是院子里那口土井的水，喝了得有小二十年。后来家里包了果园，打药除草都是我的活儿，经常弄得衣服上、身上全是那个刺鼻的药味儿，连个口罩都不戴。",医生：您好，请坐，不用急，今天主要是遇到了什么身体上的麻烦？患者：大夫，我今天出门跟老伙计们下象棋，结果被他们笑话了一通。我坐在那里等别人走棋的时候，这左边胳膊就像打摆子一样不停地抖，我想按住都按不住。可轮到我伸手去拿棋子的时候，嘿，它又老实了。而且我最近觉得这半边身子的肌肉紧绷绷的，像抽筋了一样酸痛，连走路的时候这只左胳膊都不怎么甩动了，就僵直地贴在身侧。医生：休息时发抖、活动时减轻，还有这种肌肉的紧绷感，是非常有特征性的。除了这些外在的运动问题，您最近有没有觉得自己闻东西的味道越来越淡，甚至完全闻不出来了？或者大便经常好几天才一次，非常困难？患者：闻味道这事儿是真的！我以前特别喜欢闻茶香，最近泡了上好的龙井，硬是闻不出半点清香味。大便更是让我头疼，吃再多香蕉都不管用，经常憋在肚子里四五天，涨得我连饭都吃不下。医生：这些隐性的症状往往和运动问题是并存的。那您年轻的时候，有没有从事过高危作业伤到过头部？或者以前有过轻微的中风、脑供血不足？患者：年轻时候在矿上干活，塌方的时候被落石砸过安全帽，当时轻微脑震荡，头晕了半个月。另外就是血压偏高，医生说我脑部微血管有些缺血的病变。医生：好的。在您的家族亲属中，有没有人到了老年以后，动作变得像电影慢动作一样，或者有严重的手抖现象？患者：我亲大伯就是那样，七十岁以后走路就变成了那种小碎步，手也抖，连自己吃饭都成问题，最后几年完全要人喂。医生：明白了。最后再问一下，您以前的生活或者工作环境中，有没有长时间接触过杀虫剂、除草剂这类化学农药？患者：有啊！我干矿工之前，在农场做了十几年的病虫害防治员，天天背着喷雾器打除草剂和杀虫剂，那时候根本不知道这东西对身体有害，连手套都不戴。,医生：您好，今天主要因为什么不舒服来就诊？患者：医生您好，主要是醒后发现说话不清、手脚发笨。今天早晨醒来发现左侧手脚不太灵活，穿衣扣扣子很费劲，说话也有点含糊。医生：请您描述一下发作或加重时的样子，包括持续时间、部位和对日常活动的影响。患者：当时来得很急，家人发现我说话、走路都和平时不一样，到现在仍然有影响。医生：除了肢体无力和说话变化，您有没有短暂视物模糊、吞咽不顺、口水增多，或者一侧身体感觉变钝？患者：我能听懂大多数话，但想说某个词时会卡住，左侧手能动但特别笨。没有明显喷射样呕吐，也没有抽搐。医生：之前身体状况怎么样？有没有类似症状、慢性病、外伤史，或体检提示过异常？患者：有高血压、糖尿病，平时药吃得不太规律，血脂也偏高。医生：再了解一下家族情况。您的父母、兄弟姐妹或子女中，有没有人出现过类似症状，或有相关的长期疾病？患者：家里兄弟姐妹里有人血脂高，爷爷晚年半身不遂过。医生：平时生活习惯方面，是否经常久坐、熬夜、饮食偏咸偏油、饮酒吸烟？发作前有没有特别劳累或不适？患者：平时久坐，爱吃油腻和咸的，烟抽得多，运动少。
,"医生：哎，您好。我看您说话好像都有点费劲，今天这是遇到什么麻烦了？

患者：哎呀，大夫……我是送外卖的。就最近这四五天吧，我这腿是一天比一天没劲儿。一开始就是脚尖发麻，我没当回事。后来越跑越觉得两条腿跟灌了铅似的，沉得蹬不动。到了今天早上，我直接起不来床了，这俩腿软塌塌的，完全瘫了。现在连俩手也开始发麻，拿个手机都费劲。

医生：嗯，您说的这个从腿开始往上发展，两边对称的没劲儿和发麻，这个情况比较急。除了四肢的问题，您自己用手捏一捏腿肚子上的肉，疼不疼？

患者：哎哟，一捏就疼，酸疼酸疼的。心跳也快得不行，就跟刚跑完八百米似的，突突突的，喘气儿都费劲。

医生：嗯，心跳快、呼吸不畅，还有肌肉疼，这些伴随症状很重要。那我问您，差不多半个月之前吧，您有没有拉过肚子，或者是感冒发烧了？

患者：有！差不多半个月前，我中午吃了一家快餐店的变质饭，当天下午就开始拉肚子，连着拉了好几天，人都快虚脱了。

医生：嗯，这个急性肠胃炎的病史非常关键。那再问问您家里头，您的直系亲属里，有没有人得过那种容易突然瘫了的病？

患者：没有，家里人都挺好的，没听说谁得过这种毛病。

医生：好。最后再问您一个细节，当时拉肚子之前，您吃的那份快餐里具体是啥？是不是肉没给做熟？

患者：哎，就是一份鸡腿饭。那个鸡腿看着是熟了，但啃到骨头缝那儿，里头全是红血丝，根本没熟透。我当时赶时间没计较，全给吃了。",医生：您好，看您刚才走进来的步子有些奇怪，今天是哪里觉得异常了？患者：医生，我这走路现在是个大难题。我老是觉得身体重心往前倾，走起路来不由自主地越走越快，停都停不下来，好几次差点往前扑倒摔个狗啃泥。而且我发现自己的右胳膊，走路的时候根本就不会像以前那样自然地前后甩动了，就直挺挺地贴在大腿旁边。医生：这种前倾的慌张步态和肢体摆动减少，是非常有特征性的。那除了走路的问题，您最近有没有觉得自己的嗅觉大不如前了？晚上睡觉的时候，有没有经常做噩梦，甚至在梦里大喊大叫、拳打脚踢的？患者：哎哟，您神了！我还以为这是年纪大了正常的呢。最近我老伴炖红烧肉，我都闻不到什么香味，吃东西觉得没以前香了。睡觉更别提了，我老伴说我上周做梦，一脚把她踹下了床，嘴里还骂骂咧咧的，我自己醒过来完全不记得。医生：这些其实都是关联的身体信号。我们再看看过去的情况，您年轻的时候头部有没有受过比较严重的外伤？或者有没有长期慢性脑供血不足的病史？患者：脑袋倒是没受过重伤。不过这几年确实一直觉得脑子里昏昏沉沉的，之前在社区医院看，医生说是慢性脑供血不足，让我吃点活血的药，我也断断续续在吃。医生：了解。家族遗传方面，您的父母、祖父母或者其他直系长辈里，有没有人到了晚年也出现过类似手抖、走路越来越慢、甚至弯腰驼背的情况？患者：我外公活着的时候，最后那几年手就一直抖，走路也是弯腰驼背得厉害，当时村里人都说那是老态龙钟的表现，我们也就没当回事。医生：好的，最后了解一下您过去的生活环境和习惯。您以前有没有长期在农田工作，接触过农药、杀虫剂？或者是长时间饮用未经处理的井水？患者：我是从农村出来的，年轻的时候在老家承包了几十年的果园，打农药、喷杀虫剂那是家常便饭，那时候也没什么防护意识，连口罩都不戴。平时喝的水也都是自家院子里打的那种老井水。,医生：您好，今天主要因为什么不舒服来就诊？患者：医生您好，主要是醒后发现说话不清、手脚发笨。半天前突然觉得左侧胳膊发沉，筷子拿不稳，走路拖脚，没有明显头痛。医生：我明白了。请您再具体说说，当时最早出现的症状是什么，后来又有什么变化？患者：当时来得很急，家人发现我说话、走路都和平时不一样，到现在仍然有影响。医生：我还想确认一些细节：这些症状是持续存在还是一阵一阵？有没有头晕像天旋地转、复视、走直线困难？患者：症状从早上到现在一直有，头晕不是转圈那种，就是站不稳，走直线会偏。没有明显喷射样呕吐，也没有抽搐。医生：之前身体状况怎么样？有没有类似症状、慢性病、外伤史，或体检提示过异常？患者：做体检时提示颈动脉斑块，平时偶尔心慌，但没系统复查。医生：家里直系亲属有没有发生过类似的肢体无力、抽搐、手抖、说话或走路异常等情况？患者：家里兄弟姐妹里有人血脂高，爷爷晚年半身不遂过。医生：最后问一下，近期有没有旅行、腹泻或感冒，是否接触特殊环境？平常作息和运动规律吗？患者：工作压力大，经常熬夜，早餐不规律，喝水少。
,"医生：哎，您好，别着急别着急。今天这是哪儿突然不舒服了？

患者：哎呀，大夫，我刚才在阳台上浇花呢，瞅着那个大花盆想挪个地方，我就一使劲儿。结果脑袋瓜子“嗡”的一下，就跟要炸开似的疼。紧接着我这左边半拉身子，瞬间就一点儿劲儿都没了，腿一软，整个人直接就趴地上了。

医生：嗯，突然头疼，加上一边身子没劲儿，这个必须得马上处理，不能耽误。除了这些，您最近有没有觉得看东西，就是视野那块儿，好像缺了一块儿？或者是脾气变得特别急，特别容易发火？

患者：视野……是有点问题。我老觉着左边眼角那块儿灰蒙蒙的，像是蒙了层东西。脾气嘛……也真是，昨天我也不知道怎么了，为点儿鸡毛蒜皮的小事儿，把我老伴劈头盖脸骂了一顿，事后我也后悔。

医生：好的，我记下了。那您以前查出来过高血压吗？或者有没有大夫跟您说过，您脑部血管有什么病变？

患者：高血压是早就有了，一直吃着药呢，就是有时候忘了，吃得不规律。脑血管病变倒是没人跟我说过，没查过。

医生：那家里头，您的直系亲属，比如父母啊、兄弟姐妹，有没有人有过这种脑血管破裂，或者是偏瘫、半身不遂的病史？

患者：有，我父亲晚年就是脑出血，后来就偏瘫了，卧床好几年。

医生：明白了。再问您一个生活上的习惯，平时吃饭口味重不重，咸不咸？刚才搬花盆的时候，是不是憋着气，猛地一使劲儿给憋的？

患者：对对对，我口味是偏重，爱吃咸的，淡了觉得没味儿。刚才那个花盆确实太沉了，我蹲下的时候就是憋足了一口气，“嘿”地一下猛劲儿往上搬的。",医生：您好，看您是由家属搀扶着进来的，今天是怎么个不舒服法？患者：大夫，我现在的日子过得太窝囊了。早上起来穿个袜子，我这手僵得像木头，掰都掰不弯，穿个袜子能急出一身汗。而且只要我坐在沙发上看电视放松的时候，这左脚和左手就开始像踩缝纫机一样不停地抖。最让我难受的是，我现在走平路都会觉得脚底板沉，转身的时候感觉整个身体是一块钢板，得像木偶一样一卡一卡地转。医生：这种肢体的僵硬感、静止时的手脚发抖以及身体如同钢板般的转动困难，给您的生活造成了很大阻碍。除了这些，您最近有没有觉得闻不到饭菜的香味了？或者最近情绪很差，晚上睡觉还总是做噩梦大叫？患者：真是这样！我最近总觉得做饭没放盐没放香料，其实是我自己闻不到了。情绪更是低落得想哭，觉得自己什么都干不好。晚上睡觉我老伴说我经常大半夜突然尖叫，还用力蹬腿，跟中邪了一样。医生：好的，这些我都会记录下来。您以前有没有过慢性的脑供血不足？或者头部受过重创、得过脑炎之类的？患者：我以前得过挺严重的颈椎病，压迫了血管，经常头晕眼花，大夫说我是慢性脑供血不足。脑炎和外伤倒是没有过。医生：了解。在您的家族长辈中，有没有人到了老年，整个人变得动作极其迟缓，甚至脸上总是没有表情，像戴着面具一样？患者：我大伯就是那样的人。他老了以后，天天坐在门口，脸上一点表情都没有，不管你跟他说什么高兴事，他都板着个脸，动作也慢得像蜗牛，手还一直抖。医生：明白了。最后想问问，您以前有没有长期喝过农村的井水？或者在工作生活中大量接触过除草剂、杀虫剂？患者：我是林业局退休的，年轻的时候在深山老林里搞了二十多年的病虫害防治，成吨的杀虫剂我都接触过。那时候我们在山里，喝的也全是没经过处理的地下泉水和井水。,医生：您好，您这次来看诊，主要是哪方面的问题？患者：医生您好，主要是醒后发现说话不清、手脚发笨。昨天有几分钟眼前发黑，后来恢复了，但今天左侧手麻木、动作慢，走路不稳。医生：请您描述一下发作或加重时的样子，包括持续时间、部位和对日常活动的影响。患者：症状出现后没有马上完全好转，左侧手脚还是发笨，自己活动不方便。医生：除了肢体无力和说话变化，您有没有短暂视物模糊、吞咽不顺、口水增多，或者一侧身体感觉变钝？患者：我能听懂大多数话，但想说某个词时会卡住，左侧手能动但特别笨。没有明显喷射样呕吐，也没有抽搐。医生：我再问一下过去的身体情况：以前出现过这样的症状吗？有没有长期疾病、外伤、手术或正在服用的药物？患者：曾经因为头晕住过院，医生说血管条件不太好，之后就没坚持随访。医生：再了解一下家族情况。您的父母、兄弟姐妹或子女中，有没有人出现过类似症状，或有相关的长期疾病？患者：母亲糖尿病多年，舅舅曾突然说话不清住院。医生：我还想了解生活和诱因：最近睡眠、压力、饮食、饮酒、吸烟、运动，以及外出或特殊接触情况如何？患者：每天坐办公室十几个小时，最近连续加班，颈部也常发紧。
,"医生：哎，您好。我看您这俩手一直揣在衣兜里，是不舒服，不想让人看见还是怎么着？

患者：哎呀，大夫，您可说着了。我这双手现在一拿出来就丢人现眼。只要我一闲下来，不干活儿的时候，这俩手就跟过电似的，嘚嘚嘚地哆嗦。旁人看了还以为我是害怕呢。但是吧，真要让我去端个碗、拿个笔干点细活儿，它反倒又不抖了，稳当得很。还有就是，我这浑身的肌肉都又酸又痛，还发僵。尤其是晚上睡觉想翻个身的时候，整个身子就跟一块硬钢板似的，我自己根本动不了，得靠我老伴儿费老大力气才能把我给翻过去。

医生：嗯，您说的这个，不干活的时候手抖，叫静止性震颤，加上身上发僵、翻身困难，这些我都明白，确实遭罪。除了手抖和身子硬，您最近有没有觉得自己的嗅觉，就是闻味儿这个本事，下降得特别厉害？再一个，晚上睡觉的时候，会不会在梦里特别激动，又喊又叫、手脚乱扑腾？

患者：哎哟，您不说这个我都压根没往那儿想。我以前可爱闻桂花香了，今年秋天我特意走到树底下，结果什么味儿都闻不着。晚上睡觉也是，我老梦见自己跟人吵架、干仗，梦里头我就使劲挥手，把我老婆吓得不敢跟我一床睡，跑去跟我孙女挤着睡了。大便也特别干，拉出来跟那个羊粪蛋似的，一颗一颗的。

医生：嗯，这几件事都很重要。那我问问您，回忆一下过去，您有没有过比较严重的头部外伤，或者是一氧化碳中毒的经历？再有，有没有经常觉得头晕，就是脑子供血不太好的那种感觉？

患者：头外伤倒是没有。不过前几年吧，我在家里那个密闭的浴室里头用燃气热水器洗澡，发生过一次一氧化碳中毒，当时直接就晕里头了，后来在医院那个高压氧舱里头治了好几天才缓过来。这几年也确实老是觉得脑子缺血似的，老迷糊。

医生：明白了。那再问问您的父母，或者其他直系的长辈，有没有人到晚年以后，也是经常手抖，走路迈不开步子，小碎步，还老容易往前摔跤？

患者：有！我爸生前最后那几年就是那个样子，走路得推着个小车，步子挪得特别小，还老往前冲，经常摔得鼻青脸肿的。

医生：好的，我记下了。最后再了解一下您过去的生活习惯，有没有长期在农田里头干活儿，接触过大量的农药？或者有没有长期喝那种没处理过的井水？

患者：我年轻时候在老家种过十来年的地，喷农药那是家常便饭，那时候哪儿懂什么防护啊，连个口罩都不戴。我们家那时候吃水，也一直是喝院子里那口老井里的水，烧开了喝算好的了。",医生：您好，请坐，慢慢说今天是哪里觉得异常了？患者：医生，我这右手最近好像有了自己的想法。我把它放在腿上或者桌上休息的时候，大拇指和食指就不停地来回搓，像是在捻什么东西一样，怎么都停不下来。但我伸手拿筷子夹菜的时候，它就不抖了。除了手抖，我还发现自己连笑都不会笑了。我明明听了个笑话觉得挺好笑，但我老婆说我脸上的肌肉根本没动，看着像生气一样。而且走路的时候，右腿总觉得拖拉在地上，鞋底磨得特别快。医生：静止时捻丸样的震颤、面部表情僵硬（面具脸）以及拖步，这些都是非常典型的表现。除了这些，您最近有没有被便秘困扰？或者发现自己闻不到臭味、香味了？晚上睡觉会手舞足蹈吗？患者：大便确实是个大麻烦，五六天不解是常态。嗅觉也出了大问题，昨天家里燃气灶有点漏气，老伴一进门就闻到了，我坐在跟前硬是没闻出煤气味，太危险了。睡觉也是，老伴说我经常在梦里打拳，把她都给打疼了。医生：这些非运动的症状也是重要参考。您以前有没有得过什么脑部疾病，比如脑炎？或者有过一氧化碳中毒、长期的脑缺血？患者：十几年前我得过一次病毒性脑炎，当时高烧昏迷了好几天，后来虽然治好了，但总觉得脑子没以前灵光了。医生：好的。那您的父母或者祖父母里，有没有人晚年出现过类似手抖、起步艰难、身体僵硬的问题？患者：我外公以前就是这样，走路起步特别难，像脚粘在地上一样，好不容易走起来了，又往前冲收不住脚，手也总是抖个不停。医生：了解了。最后了解一下生活史，您以前在农村生活的时候，有没有长时间喝过井水，或者大量接触过农药？患者：我从小就在农村长大，喝了二十几年的土井水。后来家里包了果园，打农药除草剂都是我干，经常弄得衣服上全是刺鼻的药味。,医生：您好，您这次来看诊，主要是哪方面的问题？患者：医生您好，主要是突然走路不稳、拿东西掉落。半个月前突然觉得左侧胳膊发沉，筷子拿不稳，走路拖脚，没有明显头痛。医生：请您描述一下发作或加重时的样子，包括持续时间、部位和对日常活动的影响。患者：是比较突然出现的，半个月前还基本正常，之后就一直没有完全恢复。医生：我还想确认一些细节：这些症状是持续存在还是一阵一阵？有没有头晕像天旋地转、复视、走直线困难？患者：我能听懂大多数话，但想说某个词时会卡住，左侧手能动但特别笨。没有发热，胸痛不明显。医生：之前身体状况怎么样？有没有类似症状、慢性病、外伤史，或体检提示过异常？患者：有高血压、糖尿病，平时药吃得不太规律，血脂也偏高。医生：家里直系亲属有没有发生过类似的肢体无力、抽搐、手抖、说话或走路异常等情况？患者：家里没有明确遗传病，但长辈心脑血管问题比较多。医生：平时生活习惯方面，是否经常久坐、熬夜、饮食偏咸偏油、饮酒吸烟？发作前有没有特别劳累或不适？患者：每天坐办公室十几个小时，最近连续加班，颈部也常发紧。
,"医生：哎，您好。我看您是被工友架着进来的，这腿是完全吃不上劲儿了？今天这是怎么了？

患者：哎呀，大夫，我是干建筑的。三四天前吧，我正干活儿呢，就觉着这俩脚的脚趾头又麻又凉。我寻思是工地上冷，冻着了，没在意。结果到了昨天晚上，这股子麻劲儿就窜到腰上了，两条腿软得跟没骨头似的。今天早上我想爬起来去上工，脚刚一沾地，整个人“哐当”一下就摔那儿了。现在连这俩手也开始发木，今早我系那个安全帽的扣子，手指头都使不上劲儿，系不上了。

医生：嗯，您说的这种从脚开始往上发展，两边对称的没劲儿和麻木，这个我们得立刻查清楚。除了手脚的问题，您自己用手按一按大腿和小腿的肌肉，有没有那种酸疼的感觉？再一个，有没有觉得心跳得乱，忽快忽慢的？

患者：哎哟，肌肉疼得厉害，就跟让钢筋给砸过似的，又酸又痛。心跳也确实乱，这两天老觉着胸口发闷，心脏一会儿扑通扑通跳得特别快，过一会儿又慢下来了，特别难受。

医生：嗯，肌肉疼加上心跳不规律，这些伴随症状很重要。那咱们往前倒推，差不多一两周之前吧，您有没有过严重的拉肚子，或者是感冒发烧？近期有没有打过什么针？

患者：有有有！大概一周前吧，我在工棚里睡觉着了凉，发了一场高烧，还一直咳嗽、流鼻涕，好几天才缓过来。打针倒是没有，最近没打过。

医生：好，感冒发烧的病史我记下了。再问一下，您的直系亲属，就是家里头父母、兄弟姐妹这些人，有没有人有过这种类似的，就是突然瘫了、四肢没劲儿的病史？

患者：没有，我们家人都壮得跟牛似的，没得过这种毛病。

医生：行。最后再了解一下，在那次感冒之前，您在工地上有没有吃过什么不干净的生冷东西，或者是喝过没烧开的生水？

患者：那时候天热，我图省事儿，经常直接喝工地上那个水龙头接出来的生水，没烧开过。",医生：您好，请坐，今天主要是想看什么问题？患者：医生，我在家打麻将，等别人出牌的时候，我这左边胳膊就跟着了魔一样抖，想按都按不住，但伸手去摸牌它又稳了。而且左腿也觉得特别僵硬，像木棍一样。医生：这种静止性震颤伴随僵硬感很值得重视。除了这些，您最近有没有被便秘困扰？或者觉得自己的嗅觉下降得很厉害？患者：大便确实是个大麻烦，经常五六天才一次，得用开塞露。嗅觉也差了，昨天厨房熬醋我都闻不到酸味。医生：这些隐性症状很有意义。您以前有没有得过脑炎？或者有过长期脑供血不足？患者：脑炎没得过，但脑供血不足是老毛病了，经常头晕眼花。医生：您的长辈里，有没有人晚年走路变得像小碎步，或者经常前倾摔倒的？患者：我父亲生前最后几年走路就是小碎步，还经常往前冲，摔了好几次。医生：明白了。您以前有没有在农田里长期工作，接触过大量农药？患者：干过十几年果农，打农药是家常便饭，那时候防护意识差。,医生：您好，请您从最开始的不舒服说起，哪里最明显？患者：医生您好，主要是一过性黑矇后出现肢体乏力。先是头晕，随后嘴角有点歪，家人说我吐字不清，右侧腿走路使不上劲。医生：我明白了。请您再具体说说，当时最早出现的症状是什么，后来又有什么变化？患者：症状出现后没有马上完全好转，右侧手脚还是发笨，自己活动不方便。医生：有没有出现听懂别人说话困难、找词困难，或者手脚虽然能动但不听指挥、动作笨拙？患者：症状从早上到现在一直有，头晕不是转圈那种，就是站不稳，走直线会偏。没有发热，胸痛不明显。医生：之前身体状况怎么样？有没有类似症状、慢性病、外伤史，或体检提示过异常？患者：曾经因为头晕住过院，医生说血管条件不太好，之后就没坚持随访。医生：您的家人中有没有人年轻或年老后出现过相似表现，或者被反复要求做头部、神经方面检查？患者：家里没有明确遗传病，但长辈心脑血管问题比较多。医生：我还想了解生活和诱因：最近睡眠、压力、饮食、饮酒、吸烟、运动，以及外出或特殊接触情况如何？患者：喜欢喝酒，应酬多，体重增加明显，很少监测血压血糖。
,"医生：哎，您好。我刚才看您转身那一下挺费劲的，今天主要是哪儿不舒服啊？

患者：哎呀，大夫，我现在要转个身，就得一点一点地挪。而且平时坐在那儿不动的时候，这条左腿就不由自主地这么上下抖啊抖的，控制不住。

医生：嗯，转身困难，加上坐着不动的时候腿会抖，这种表现很有特点。除了这些，您最近有没有觉得自己的嗅觉，就是闻东西那个劲儿，好像不太灵了？或者情绪上，有没有觉得特别低落、高兴不起来？

患者：对，嗅觉是差了。那天家里醋瓶子倒了，我愣是没闻着醋酸味儿。情绪嘛……也不知道怎么了，老觉着心里头憋屈，动不动就想哭。

医生：好的，我记下了。那我问问您，您以前有没有过一氧化碳中毒，就是煤气中毒那种经历？

患者：嗯……有，得有十几年了吧，冬天用那个土暖气，屋子通风不好，中过一次轻度的煤气，后来头晕恶心了好几天。

医生：行。那再问问家里头，您父母那一辈，有没有人老了以后，走路是弯着腰、驼着背，迈不开步子，走起来是小碎步那种？

患者：有，我妈老了以后就是驼背特别厉害，走路脚抬不起来，蹭着地走，一小步一小步的。

医生：好，我大概有数了。最后再问一个，您年轻的时候，有没有在农村长期种地，接触过大量的农药化肥之类的？

患者：有，种了好多年地呢，打药的时候经常接触那些东西，没怎么注意防护。",医生：您好，请坐，今天是怎么个不舒服法？患者：医生，我这右手只要一搁在桌子上，大拇指和食指就不停地搓，我老婆还笑我像在数钱。但这只手干活的时候特别慢，我觉得关节像上了锁一样紧。医生：静止时搓丸样动作和关节僵硬感需要警惕。您最近有没有觉得自己的嗅觉下降了？或者经常好几天都不解大便？患者：大便确实是个大问题，经常四五天不解。鼻子也失灵了，别人喷的香水我凑近了都闻不到。医生：好的。回忆一下过去，您有没有过严重的头部撞击？或者一氧化碳中毒的经历？患者：年轻时出车祸磕到过头，轻度脑震荡。医生：您的家族亲属中，有没有人到了老年整个人动作变得极其迟缓？患者：我亲叔叔老了以后动作就慢得出奇，连翻个身都要半天。医生：明白了。最后问问，您以前有没有长期在农田工作，接触过大量除草剂？患者：有，我在农场喷了十来年的除草剂。,医生：您好，我先了解一下，最让您担心的症状是什么？患者：医生您好，主要是反复短暂头晕伴一侧手麻。先是头晕，随后嘴角有点歪，家人说我吐字不清，左侧腿走路使不上劲。医生：请您描述一下发作或加重时的样子，包括持续时间、部位和对日常活动的影响。患者：起初我还想忍一忍，但家人看我反应慢、走路偏，就陪我来了。医生：我还想确认一些细节：这些症状是持续存在还是一阵一阵？有没有头晕像天旋地转、复视、走直线困难？患者：我能听懂大多数话，但想说某个词时会卡住，左侧手能动但特别笨。医生：关于既往史，您之前有没有因为神经、头部、肌肉无力或意识变化等问题就医？平时有什么基础病？患者：曾经因为头晕住过院，医生说血管条件不太好，之后就没坚持随访。医生：从家族史方面看，家里有没有人有类似发作，或者长期的神经系统、肌肉无力、脑血管方面问题？患者：家里没有明确遗传病，但长辈心脑血管问题比较多。医生：我还想了解生活和诱因：最近睡眠、压力、饮食、饮酒、吸烟、运动，以及外出或特殊接触情况如何？患者：喜欢喝酒，应酬多，体重增加明显，很少监测血压血糖。
,"医生：哎，您好，快请坐。我看您这脸色有点苍白，手还一直托着下巴，今天是怎么不舒服了？

患者：哎呀，大夫，我是做美容美甲的。就这半个月吧，我觉着我这饭碗都快保不住了。每天上午给头几个客人做护理那会儿，我还能生龙活虎的，手上有劲儿。可是一到晚上，店里忙起来、客人最多的时候，我举着那个美容仪、修甲工具，这俩胳膊就跟挂了沙袋似的，又酸又没劲儿，胳膊直往下坠。还有啊，我现在连皱个眉头、闭个眼睛这种简单的动作都费劲，这脸上就跟贴了层干硬的膜似的，客人跟我打招呼，我想挤个笑脸都挤不出来。

医生：嗯，您说的这个四肢没劲儿，特别是靠近身体这头的胳膊大腿没劲儿，再加上“早上轻、下午重”的这个规律，还有脸上表情肌肉发僵，这些都是很有特征性的表现。除了这些，您最近有没有觉得，一到下午这个眼皮就耷拉下来，睁不开？或者是喝水的时候，老是容易呛到气管里头，咳个没完？

患者：有有有！一到下午，我右边这个眼皮就沉得抬不起来，我得经常拿手去揉它。喝水也特痛苦，最近老觉着喉咙那块的肌肉使不上劲儿，不听使唤，喝得急一点就呛得不行，剧烈地咳，眼泪都给呛出来了。连说话的声音也变了，又小又哑。

医生：嗯，眼皮抬不起来、喝水呛咳，还有说话没劲儿，这几个症状加在一起，是很重要的隐性信号。那我问问您，以前体检的时候，大夫有没有跟您提过，说您这胸口里头有什么肿块，或者是“胸腺增生”的情况？再一个，查没查出来过甲亢？

患者：嗯……两年前体检的时候，大夫确实提过一嘴，说我那个胸片看着，胸腺有点肥大，当时让我最好去大医院做个增强CT。我那会儿觉着也不疼不痒的，心疼钱，就没去查，没当回事儿。

医生：嗯，这个信息非常关键，不能放过。那再问问您家里的长辈，或者兄弟姐妹，有没有人得过自身免疫系统方面的病，比如红斑狼疮啊、类风湿关节炎之类的？

患者：有，我亲大姐就有那个系统性红斑狼疮，现在还在一直用激素治着呢。

医生：明白了。最后再问问您最近的生活状态，是不是店里活儿多，一直低着头或者举着手，特别疲劳？在出现这些症状之前，有没有得过感冒，或者病毒性的感染？

患者：哎，干我们这行的，忙起来一天站十几个钟头那是常有的事儿。就上周，店里空调开得特别冷，我不小心得了重感冒，发了好几天低烧，吃了退烧药又硬扛着去上班。估计这毛病就是那时候落下的病根儿。",医生：您好，看您走路拖着步子，今天是遇到什么麻烦了？患者：医生，我这右腿现在像绑了铁块，走路拖在地上擦着走。而且坐在那不动的时候，右手手指像是在搓药丸一样抖。医生：拖步和搓丸样震颤需要高度警惕。您最近有没有觉得自己的嗅觉下降得很厉害？或者经常便秘？患者：鼻子确实不灵了，家里炖肉我都闻不着。便秘也很严重。医生：好的。您以前有没有过比较严重的头部重击史？患者：以前在工地上被钢管砸过安全帽，头晕了好几天。医生：您的直系亲属里，有没有人老了以后走路变得像小碎步的？患者：我亲伯父老了以后走路就是小碎步，很慢。医生：明白了。您以前有没有大量接触过农业杀虫剂？患者：干过几年农业技术员，经常试用杀虫剂。,医生：您好，您这次来看诊，主要是哪方面的问题？患者：医生您好，主要是一侧肢体无力伴口角歪斜。先是头晕，随后嘴角有点歪，家人说我吐字不清，左侧腿走路使不上劲。医生：这些表现是突然出现还是逐渐加重？大概从什么时候开始，最明显影响到什么活动？患者：是比较突然出现的，2天前还基本正常，之后就一直没有完全恢复。医生：有没有出现听懂别人说话困难、找词困难，或者手脚虽然能动但不听指挥、动作笨拙？患者：我能听懂大多数话，但想说某个词时会卡住，左侧手能动但特别笨。没有明显喷射样呕吐，也没有抽搐。医生：之前身体状况怎么样？有没有类似症状、慢性病、外伤史，或体检提示过异常？患者：有高血压、糖尿病，平时药吃得不太规律，血脂也偏高。医生：再了解一下家族情况。您的父母、兄弟姐妹或子女中，有没有人出现过类似症状，或有相关的长期疾病？患者：母亲糖尿病多年，舅舅曾突然说话不清住院。医生：最后问一下，近期有没有旅行、腹泻或感冒，是否接触特殊环境？平常作息和运动规律吗？患者：平时久坐，爱吃油腻和咸的，烟抽得多，运动少。
,"医生：您好，我看您是由老伴推着轮椅进来的，今天这是怎么回事儿，让您赶紧跑医院来了？

患者：哎呀，大夫啊，我现在连道儿都走不了了。就今天早上，我在小区里头溜达，本来走得好好的，还没走到五百米呢，这两条腿就跟那个……煮烂的面条似的，一下子就软下去了。我想使劲儿站，怎么都站不起来，最后还是邻居帮忙，拿了个轮椅给我推回来的。更邪乎的是，我现在说话都费老鼻子劲了，大舌头，这舌头在嘴里头打转，就是转不过弯来。

医生：嗯，这个突然出现的两条腿没劲儿，加上说话不清楚，这个必须得马上重视起来，不能耽误。除了这个，您这几天有没有觉得眼皮特别沉，就跟涂了胶水似的，怎么扒都扒不开？再有就是，有没有觉着喘气儿费劲，得使劲大口倒气儿？

患者：有有有！就最近，一到下午我想看个报纸，这眼皮就耷拉下来了，我得用手撑着眼皮才能看见字儿。喘气儿也真是有问题，晚上睡觉的时候，平躺在床板上，就觉得胸口闷得慌，气儿不够用，非得把枕头垫得老高老高的才舒服点。

医生：嗯，眼皮抬不起来，还有呼吸费力，这两个症状放在一起，就是非常危险的警报了。我问问您，以前您有没有查出过胸腺瘤？或者是有什么类风湿之类的老毛病？

患者：有。我十多年前，因为前胸疼，去医院查出来是胸腺瘤，当时就做了手术给切了。后来这些年也一直没再犯过。类风湿倒没有，就是岁数大了，骨关节有点退化，别的没啥。

医生：嗯，有胸腺瘤手术史，这个信息非常关键。那再问问您家里头，您的直系亲属里边，有没有人有过这种类似的，就是身上肌肉软绵绵没劲儿的病？或者其他免疫系统方面的重病？

患者：没有没有。我家亲戚老了以后，大都是心脑血管的病，没听说过谁有这个浑身没劲儿的毛病。

医生：行，我大概明白了。最后再问问您生活上的一些细节，最近有没有拉过肚子啊，或者是发过高烧？再一个，有没有因为什么事儿，情绪上特别低落、特别不好？

患者：哎哟，您说着了。半个月前，我不小心吃了冰箱里剩的菜，闹了急性肠胃炎，上吐下泻的，人都快脱水了。去社区医院挂了三天盐水才好点。就是从那次拉肚子以后，我就觉着这身子骨彻底给搞垮了。",医生：您好，看您进门的时候起步显得有些犹豫，今天是哪里出了状况？患者：大夫，我现在的脚就像是被施了定身法一样。每次刚要迈步的那一下，脚死活抬不起来，好像粘在地上，得原地踏步好几下才能走出去。而且我发现自己连说话的声音都变了，以前我嗓门挺大，现在说话声音越来越小，含含糊糊的，家里人都说听不清我在嘟囔什么。医生：这种冻结步态和言语声音变小，确实很影响您的社交和生活。除了这些，您最近有没有被严重的便秘困扰？或者发现自己脸上的表情越来越少，别人总觉得你在生气？患者：大便确实是个大麻烦，经常五六天才一次，得用开塞露。我女儿也说我最近整天板着个脸像个面具一样，其实我心里根本没生气，但就是笑不出来。医生：好的，这些情况都是有关联的。回忆一下以前，您年轻时头部有没有受过比较严重的创伤？或者有没有经常觉得头晕，被诊断过慢性脑缺血？患者：年轻时在工地上干活，被掉下来的砖头砸过一次头，缝了几针。这几年确实老觉得头晕乎乎的，大夫说是脑供血不足。医生：了解。家族里，您的长辈有没有人到了老年出现过类似的动作迟缓、手脚发抖的情况？患者：我姥爷以前老了就是整天坐在太师椅上手抖个不停，那时候农村医疗条件差，也没去看过，最后连饭都喂不进嘴里。医生：最后了解下您的生活环境。您以前有没有长期接触过农药，或者是长期喝没处理过的井水？患者：有，我在老家大棚里种了十几年的菜，喷农药那是家常便饭，经常弄得满身都是农药味。那时候我们村吃水也都是自己打的深井水。,医生：您好，您这次来看诊，主要是哪方面的问题？患者：医生您好，主要是一过性黑矇后出现肢体乏力。昨天有几分钟眼前发黑，后来恢复了，但今天右侧手麻木、动作慢，走路不稳。医生：好的。这个情况持续了多久？中间有没有完全缓解，还是一直存在或越来越明显？患者：症状出现后没有马上完全好转，右侧手脚还是发笨，自己活动不方便。医生：除了肢体无力和说话变化，您有没有短暂视物模糊、吞咽不顺、口水增多，或者一侧身体感觉变钝？患者：有时候喝水会呛一下，右侧脸和手感觉木木的，眼睛看东西偶尔发花。医生：之前身体状况怎么样？有没有类似症状、慢性病、外伤史，或体检提示过异常？患者：曾经因为头晕住过院，医生说血管条件不太好，之后就没坚持随访。医生：家里直系亲属有没有发生过类似的肢体无力、抽搐、手抖、说话或走路异常等情况？患者：父亲有过中风后遗留走路不稳，母亲也有高血压。医生：最后问一下，近期有没有旅行、腹泻或感冒，是否接触特殊环境？平常作息和运动规律吗？患者：工作压力大，经常熬夜，早餐不规律，喝水少。
,"医生：哎，您好。我看您是让家属给搀进来的，走路还有点拖拖拉拉的，今天这是怎么了？

患者：哎呀，大夫，我跟你讲，刚才在家里头跟我那在外地的闺女打视频电话呢。闺女在屏幕那头突然就喊起来了，说爸你这嘴怎么歪了！我还寻思跟她解释解释呢，结果一开口，发现自己说话大舌头，含含糊糊的。然后我拿手机的这只右手，突然就一松，手机“啪嗒”掉地上了，右边这半边身子，就跟不是我的似的，不听使唤了。

医生：嗯，这个突然出现的嘴歪、说话不利索，还有一边身子动不了，这个必须得马上检查。除了刚才说的这些，最近这段时间，您有没有过那种……眼前突然发黑，就一下看不见了，过会儿又好了？或者吃饭的时候，特别是吃馒头、吃硬菜的时候，觉得往下咽特别费劲？

患者：哎，您这一说我想起来了。就上周我在小区里头遛弯儿，右眼突然就跟拉了帘子似的，黑了有半分钟，后来它自己又亮回来了。吞咽这个事儿吧，最近老觉着嗓子眼儿发紧，发干，吃点儿干巴的东西，就得喝上一大口水才能顺下去，不然就卡在那儿。

医生：嗯，您说的这几个情况，眼前发黑和吞咽费劲，都是脑部缺血缺氧的警报信号，很重要。那我问问您，您以前有没有过房颤，就心跳不规律那种？再一个，有没有查出来过血脂特别高？

患者：血脂是一直都高，大夫说我是那个叫啥……高胆固醇血症，开了药我没咋好好吃。房颤这个也有，心跳一直都乱糟糟的，忽快忽慢的。但是我一直没当回事，没正儿八经地治过。

医生：那再问问家里头，您的直系亲属，比如说兄弟姐妹，有没有人得过脑梗，或者是有没有严重的心脏病病史？

患者：有，我亲哥哥，几年前就是心梗发作走的，当时没来得及送到医院，人就不行了。

医生：好，我大概了解了。那您平时的生活习惯怎么样，抽烟喝酒厉害不厉害？还有最近精神上、压力上大不大？

患者：哎呀，我可是个老烟枪了，抽了三十多年了。酒也喝，几乎天天晚上都得整几两白的解解乏。最近这不正帮着筹备我儿子的婚事嘛，一天到晚东奔西跑的，事儿也多，累得够呛，压力也大。",医生：您好，请坐，不用紧张，慢慢跟我说说今天来看诊是因为什么困扰？患者：大夫，我这人平时最大的爱好就是写写毛笔字，但最近这大半年，真是太受挫了。只要我把毛笔拿在手里悬空着还没落下，或者手搭在桌沿上休息的时候，这右手就跟过电一样不停地哆嗦。更气人的是，我发现自己写出来的字，越写越小，挤在一起像蚂蚁爬似的，根本没法看。而且现在连从椅子上站起来都费劲，总觉得身体很沉，关节像生了锈，不听使唤。医生：这种静止时的手抖、字越写越小以及身体僵硬的症状，确实给您的爱好带来了很大困扰。那除了这些运动上的不方便，您最近有没有觉得平时大便很干结，几天都不解一次？或者晚上睡觉的时候很不踏实，经常在梦里大喊大叫？患者：您别说，大便还真是个大问题，我现在经常要在马桶上坐大半个小时，憋得满头大汗才能解出一点点，太痛苦了。睡觉的事我老伴也总抱怨，说我昨晚做梦跟人吵架，嘴里骂得很脏，还一脚踢在她腿上，我自己醒来却什么都不知道，感觉像中了邪一样。医生：这些情况结合起来非常有参考价值。我们再回顾一下您的过去，您年轻的时候头部有没有受过重伤，比如车祸撞击？或者有没有得过脑炎？患者：脑炎倒没得过。不过我三十多岁的时候骑摩托车摔过一次，没戴头盔，后脑勺重重地磕在马路牙子上，当时昏迷了大概十几分钟，后来在医院躺了半个月才好。不知道这有没有影响。医生：这也是个重要的线索。那您的家族里，比如您的父母或者爷爷奶奶，有没有人到了晚年也出现过这种总是手抖、走路颤颤巍巍、迈不开步子的情况？患者：我爷爷在世的最后几年，手确实一直抖个不停，连端饭碗都端不稳，汤总是洒一身。当时家里穷，也没带他看过医生，最后几年他整个人都是佝偻着背的。医生：明白了。最后想问问您以前的生活习惯。您以前有没有在农村长期生活过，频繁接触过农药或者杀虫剂？患者：我是知青下乡待过好多年，后来又回老家承包过果园。那时候给果树打药除虫，哪懂得什么戴口罩防护啊，经常是顺风一吹，满脸满嘴都是农药味，洗都洗不掉。,医生：您好，您这次来看诊，主要是哪方面的问题？患者：医生您好，主要是突然走路不稳、拿东西掉落。昨天有几分钟眼前发黑，后来恢复了，但今天右侧手麻木、动作慢，走路不稳。医生：请您描述一下发作或加重时的样子，包括持续时间、部位和对日常活动的影响。患者：起初我还想忍一忍，但家人看我反应慢、走路偏，就陪我来了。医生：有没有出现听懂别人说话困难、找词困难，或者手脚虽然能动但不听指挥、动作笨拙？患者：症状从早上到现在一直有，头晕不是转圈那种，就是站不稳，走直线会偏。没有发热，胸痛不明显。医生：我再问一下过去的身体情况：以前出现过这样的症状吗？有没有长期疾病、外伤、手术或正在服用的药物？患者：有高血压、糖尿病，平时药吃得不太规律，血脂也偏高。医生：再了解一下家族情况。您的父母、兄弟姐妹或子女中，有没有人出现过类似症状，或有相关的长期疾病？患者：母亲糖尿病多年，舅舅曾突然说话不清住院。医生：最后了解一下生活习惯。您平时作息、饮食、运动、吸烟饮酒情况怎么样？最近有没有劳累、熬夜、感染或情绪波动？患者：平时久坐，爱吃油腻和咸的，烟抽得多，运动少。
,"医生：哎，您好。我看您是让家里人搀着进来的，走道儿看着不太稳当啊。今天是怎么不舒服？

患者：哎呀，大夫，我是在村里包大棚种菜的。就最近这一个礼拜吧，真是邪了门儿了。每天清早下地干活，我还能挥得动锄头，没事儿。可是一到快擦黑那会儿，我这俩胳膊还有两条腿啊，就跟被抽空了似的，一点劲儿都没了。连拔草那小剪子我都拿不起来，走路也一瘸一拐的。但是呢，歇上一宿，第二天早起又跟好人一样，浑身又有劲儿了。

医生：嗯，您说的这个“早上好、晚上差”，还有一干活就没劲儿，这个情况很典型。那我再问问您，除了四肢没劲儿，最近您干重活、挑担子的时候，有没有觉得看远处的东西会变成两个影儿？或者晚上平躺着睡觉的时候，有没有觉得喘不上来气，就那个……呼吸特别浅、特别费劲？

患者：哎哟，重影还真有！就昨天傍晚，我在大棚里头，看前边那黄瓜藤都变成两层的了，吓得我赶紧闭上眼，使劲揉了半天。眼皮也老往下耷拉，睁不开。喘气儿也是，晚上躺那硬板床上，就觉着胸口像压了块大石头似的，气儿倒不上来，非得坐起来，靠着被子垛才能迷瞪一会儿。

医生：嗯，看东西重影、眼皮抬不起来，再加上喘气费劲，这几个症状加在一起，就比较危险了。那我得问问您，您以前有没有查出来过甲亢？或者在镇上体检的时候，大夫有没有跟您提过，说您有那个……胸腺肥大之类的情况？

患者：前几年在镇上卫生院查出来过什么甲状腺结节，大夫说我有甲亢，给我开了药。我嫌那药贵，吃了一阵子就自己给停了。胸腺肥大这个倒是没人跟我说过，没查过。

医生：嗯，有甲亢的病史这个很有用。那再问问您家里头，您的直系亲属，比如说父母啊，有没有人得过那种严重的自身免疫性的病，比方说类风湿关节炎啊，或者是甲状腺炎一类的？

患者：我妈有，她风湿骨痛好多年了，手指头关节都肿得变了形，一到阴天下雨就疼得下不了地。

医生：行，我了解了。最后再问问您的生活情况，最近是不是因为农忙，特别劳累？在发病之前，有没有拉过肚子，或者是感冒发烧过？

患者：可不是嘛，最近正赶上收秋，我每天在地里一干就是十几个钟头的重体力活儿，累得腰都直不起来。前两天还受了凉，得了热伤风，又咳嗽又流鼻涕的，我没歇，硬扛着下地干活儿了。",医生：您好，请坐。今天主要是哪里觉得不妥当？患者：大夫，我发现自己现在系鞋带都成了大问题，手指头僵得弯不过来。坐在沙发上看报纸，报纸没拿起来的时候，左手就在膝盖上抖个不停。医生：手部僵硬和静止时的抖动确实影响生活。除了这些，您最近情绪怎么样？晚上睡觉会不会在梦里表现得特别激动？患者：情绪很压抑，觉得自己老得太快了。晚上老做噩梦，还会挥拳头打人。医生：情绪和睡眠的改变也是关键。您以前有没有被诊断过慢性脑部缺血？患者：查过颈动脉有斑块，大夫说我脑缺血。医生：那您的家族里，比如父母，有没有人在中老年出现过弯腰驼背、表情木讷的情况？患者：我妈晚年就是严重的驼背，脸板着没表情。医生：了解。您过去的生活中，有没有长期喝过地下井水？患者：在乡下生活了三十年，一直喝地下水。,医生：您好，您这次来看诊，主要是哪方面的问题？患者：医生您好，主要是反复短暂头晕伴一侧手麻。今天早晨醒来发现左侧手脚不太灵活，穿衣扣扣子很费劲，说话也有点含糊。医生：好的。这个情况持续了多久？中间有没有完全缓解，还是一直存在或越来越明显？患者：起初我还想忍一忍，但家人看我反应慢、走路偏，就陪我来了。医生：除了肢体无力和说话变化，您有没有短暂视物模糊、吞咽不顺、口水增多，或者一侧身体感觉变钝？患者：我能听懂大多数话，但想说某个词时会卡住，左侧手能动但特别笨。没有发热，胸痛不明显。医生：关于既往史，您之前有没有因为神经、头部、肌肉无力或意识变化等问题就医？平时有什么基础病？患者：曾经因为头晕住过院，医生说血管条件不太好，之后就没坚持随访。医生：再了解一下家族情况。您的父母、兄弟姐妹或子女中，有没有人出现过类似症状，或有相关的长期疾病？患者：家里没有明确遗传病，但长辈心脑血管问题比较多。医生：我还想了解生活和诱因：最近睡眠、压力、饮食、饮酒、吸烟、运动，以及外出或特殊接触情况如何？患者：喜欢喝酒，应酬多，体重增加明显，很少监测血压血糖。
,"医生：哎，您好。我看您一直低着头，拿手托着下巴，那个……今天是怎么个不舒服法？

患者：哎呀，大夫，我是教钢琴的。就这一周吧，上午我带学生练琴的时候，这手指头还挺听话的，挺灵活。可是一到下午，或者快傍黑的时候，我这俩手啊，就跟那个……抽了筋似的，硬邦邦的，琴键都摁不下去了。胳膊也发酸发软，抬都抬不起来。还有这脖子，感觉特别沉，就像撑不住脑袋似的。不过吧，睡一宿觉，到第二天早上，力气它又回来了。

医生：嗯，您说的这个“早上轻、傍晚重”，还有一干活就没劲儿，这种特点我们得重视。除了手和脖子觉得没力气，最近下午的时候，您有没有觉得这个……眼皮子往下耷拉，就睁不开那种感觉？或者是看那个五线谱的时候，会出现重影，一个变俩？

患者：哎哟，太对了大夫！一到下午，我右边这个眼皮就跟涂了胶水似的，使劲扒拉都睁不开。看乐谱也是，那音符都重叠到一块儿去了，变成两行影子。还有啊，晚上吃饭的时候，就嚼两口青菜，这腮帮子都酸得慌，往下咽的时候也觉得嗓子眼儿卡卡的，不顺当。

医生：嗯，眼皮抬不起来、看东西重影，还有嚼东西没劲儿，这几个情况加在一起就很重要了。那我再问问您，以前体检的时候，有没有大夫跟您提过，说您这个……胸前，就胸腔里头有肿块，或者是什么“胸腺增生”之类的话？再一个，查没查出来过甲亢？

患者：甲亢倒是没查过。不过前年我拍过一回胸片，那大夫确实说我胸口那儿有个什么……胸腺肥大，让我去大医院再好好看看。我当时没觉得哪儿难受，就没当回事儿，就没去。

医生：这个信息太关键了。那再问问家里头，您的长辈里边，有没有人得过那种自身免疫系统的毛病，比如说像红斑狼疮啊，或者类风湿关节炎之类的？

患者：有，我母亲就有风湿性关节炎，好多年了，你看她手指头都变形了。

医生：行，我明白了。最后再问问您最近的生活，是不是为了演出排练什么的，搞得特别劳累？还有，在出现这个没劲儿之前，有没有得过感冒啊，或者病毒性的感染？

患者：哎，最近可不是嘛，为了准备一场音乐会，我每天连着练琴，一练就是十几个小时。而且半个月前吧，我还得了一场重感冒，发了好几天低烧。估摸着身体就是那个时候给搞垮了的。",医生：您好，看您右胳膊走路时不怎么甩动，今天是哪里感觉不对？患者：大夫，您看得真准。我这右边胳膊现在像被绑在身上一样，走路根本不甩了。而且只要我坐在那休息，右手手指就不停地捻来捻去。医生：肢体摆动减少和静止时手指搓动是很关键的症状。除了这个，您晚上睡觉会大喊大叫吗？或者最近有没有觉得情绪抑郁？患者：情绪确实很抑郁，觉得自己老了不中用了。睡觉也不踏实，我老婆说我半夜经常突然大叫一声，把她吓醒。医生：好的。您以前有没有过比较严重的煤气中毒史？或者头部外伤？患者：十几年前在老房子确实煤气中毒过一次，去医院吸了氧。医生：那您的家族里，有没有人到了晚年动作特别迟缓，像电影慢动作一样？患者：我外公以前就是这样，动作慢得连饭都得别人喂。医生：了解。最后了解下，您以前生活在农村时，有没有长期饮用井水？患者：是的，在农村生活了二十多年，天天喝自己打的深井水。,医生：您好，今天主要因为什么不舒服来就诊？患者：医生您好，主要是一过性黑矇后出现肢体乏力。昨天有几分钟眼前发黑，后来恢复了，但今天左侧手麻木、动作慢，走路不稳。医生：这些表现是突然出现还是逐渐加重？大概从什么时候开始，最明显影响到什么活动？患者：起初我还想忍一忍，但家人看我反应慢、走路偏，就陪我来了。医生：有没有出现听懂别人说话困难、找词困难，或者手脚虽然能动但不听指挥、动作笨拙？患者：症状从早上到现在一直有，头晕不是转圈那种，就是站不稳，走直线会偏。没有明显喷射样呕吐，也没有抽搐。医生：之前身体状况怎么样？有没有类似症状、慢性病、外伤史，或体检提示过异常？患者：做体检时提示颈动脉斑块，平时偶尔心慌，但没系统复查。医生：家里直系亲属有没有发生过类似的肢体无力、抽搐、手抖、说话或走路异常等情况？患者：母亲糖尿病多年，舅舅曾突然说话不清住院。医生：最后问一下，近期有没有旅行、腹泻或感冒，是否接触特殊环境？平常作息和运动规律吗？患者：平时久坐，爱吃油腻和咸的，烟抽得多，运动少。
,"医生：哎，您好您好，快请坐。那个，今天过来是哪儿不舒服啊？

患者：哎呀，医生啊，我跟你说，就是我这个右手，只要一搁在桌面上，你看，就这个大拇指跟这个食指吧，它就不由自主地这么搓啊搓的，我老婆还老笑话我，说我像在那儿数钱玩儿似的。但是吧，真到干活的时候，这只手又慢得不行，就感觉那个关节啊，里头像是上了锈的锁，发紧，掰不动似的。

医生：嗯，您说的这个静止的时候手指头搓丸子的动作，还有关节这种发僵的感觉，这个我们得重视一下。那我再问问您啊，最近这段时间，您有没有觉得自己的这个……嗅觉，就闻东西那个劲儿，好像不如以前了？或者有没有那种，好几天都不想解大手的情况？

患者：哎哟，您还真问着了。大便这事儿可太愁人了，我经常是四五天都不想上趟厕所，憋得难受。鼻子嘛……也是，我老伴儿喷那个香水，我就凑到她跟前去闻，都闻不着什么味儿了。

医生：好的，我记下了。那您再帮我回忆回忆啊，就您过去这些年，有没有过比较严重的，就是头部被撞到过那种情况？或者有没有一氧化碳中毒，就煤气中毒那种经历？

患者：嗯……年轻那会儿吧，出过一回车祸，磕到过头，当时大夫说是那个……轻度脑震荡。

医生：行。那再问问家里头，您的直系亲属里边，比如说父母啊、叔伯这些，有没有人到了老了以后，整个人的动作就变得特别特别迟缓，慢得不行那种？

患者：有有有，我亲叔叔，他老了以后那个动作慢得呀，就是连在床上翻个身，都得倒腾半天。

医生：好，我大概心里有数了。最后一个问题啊，您以前有没有在田里边干过长时间的活儿，就是那种喷过大量除草剂，接触农药那种工作？

患者：有啊，我在农场待了好多年呢，光喷那个除草剂就喷了有十来年。",医生：您好，看您刚才转身有点吃力，今天是哪里不舒服？患者：医生，我现在转身得一点点挪。平时坐在那休息，左腿就不由自主地上下抖。医生：转身困难和静止时的下肢震颤很典型。除了这些，您最近有没有觉得自己的嗅觉下降了？或者情绪很差？患者：嗅觉是差了，闻不到醋酸味。情绪也抑郁，老想哭。医生：好的。您以前有没有过煤气中毒的经历？患者：十几年前用土暖气轻微中过一次煤气。医生：那您的父母亲属中，有没有人老了以后走路弯腰驼背的？患者：我妈老了就是驼背严重，走路小碎步。医生：明白了。您年轻时有没有在农村长期接触过农药化肥？患者：种地的时候经常打农药。,医生：您好，您这次来看诊，主要是哪方面的问题？患者：医生您好，主要是一侧肢体无力伴口角歪斜。十来天前突然觉得左侧胳膊发沉，筷子拿不稳，走路拖脚，没有明显头痛。医生：请您描述一下发作或加重时的样子，包括持续时间、部位和对日常活动的影响。患者：症状出现后没有马上完全好转，左侧手脚还是发笨，自己活动不方便。医生：我还想确认一些细节：这些症状是持续存在还是一阵一阵？有没有头晕像天旋地转、复视、走直线困难？患者：有时候喝水会呛一下，左侧脸和手感觉木木的，眼睛看东西偶尔发花。医生：我再问一下过去的身体情况：以前出现过这样的症状吗？有没有长期疾病、外伤、手术或正在服用的药物？患者：做体检时提示颈动脉斑块，平时偶尔心慌，但没系统复查。医生：家里直系亲属有没有发生过类似的肢体无力、抽搐、手抖、说话或走路异常等情况？患者：父亲有过中风后遗留走路不稳，母亲也有高血压。医生：我还想了解生活和诱因：最近睡眠、压力、饮食、饮酒、吸烟、运动，以及外出或特殊接触情况如何？患者：工作压力大，经常熬夜，早餐不规律，喝水少。
,"医生：哎，您好，看您这脸色煞白啊，今天主要是哪儿不得劲儿？

患者：哎呀，大夫，我刚才在家搬沙发，推了几下推不动，我就憋足了劲儿猛地一发力，结果脑袋后面“嗡”的一下，跟炸开似的疼，紧接着左边这半边身子就软绵绵的，一点儿劲儿都没了，直接就趴沙发上了。

医生：嗯，搬重物的时候突然头痛，还带着半边身子没劲儿，这个可得警惕。我再问问，除了这个，这两天您有没有觉得左眼看东西好像缺了一半，模模糊糊的？或者脾气变得特别暴躁，压不住火？

患者：左眼还真是，总觉得眼角那边黑乎乎的，看不清全。脾气也不好，这几天看啥都不顺心，老想发火。

医生：好，明白了。那您以前查出来过高血压吗？或者体检的时候，医生有没有提过您脑部有淀粉样血管病这方面的问题？

患者：高血压可有年头了，都十来年了。前年体检的时候，大夫倒是提过一嘴，说我脑部有轻微的淀粉样血管病改变。

医生：嗯，那您家里头，长辈里面有没有人得过偏瘫，或者脑梗、脑出血这类病？

患者：有啊，我父亲就是晚年脑梗，后来偏瘫了，一直躺在床上。

医生：行，情况我清楚了。再问一下您平时吃饭，是不是口味比较重，爱吃咸的？刚才搬沙发那会儿，是不是屏住呼吸，憋着劲儿硬推的？

患者：对对，我平时就爱吃咸腊肉，觉得有味。刚才搬的时候，确实就是深吸一口气，憋着气猛地推的那一下。",医生：您好，请坐，不用急，今天主要是遇到了什么身体上的麻烦？患者：大夫，我今天出门跟老伙计们下象棋，结果被他们笑话了一通。我坐在那里等别人走棋的时候，这左边胳膊就像打摆子一样不停地抖，我想按住都按不住。可轮到我伸手去拿棋子的时候，嘿，它又老实了。而且我最近觉得这半边身子的肌肉紧绷绷的，像抽筋了一样酸痛，连走路的时候这只左胳膊都不怎么甩动了，就僵直地贴在身侧。医生：休息时发抖、活动时减轻，还有这种肌肉的紧绷感，是非常有特征性的。除了这些外在的运动问题，您最近有没有觉得自己闻东西的味道越来越淡，甚至完全闻不出来了？或者大便经常好几天才一次，非常困难？患者：闻味道这事儿是真的！我以前特别喜欢闻茶香，最近泡了上好的龙井，硬是闻不出半点清香味。大便更是让我头疼，吃再多香蕉都不管用，经常憋在肚子里四五天，涨得我连饭都吃不下。医生：这些隐性的症状往往和运动问题是并存的。那您年轻的时候，有没有从事过高危作业伤到过头部？或者以前有过轻微的中风、脑供血不足？患者：年轻时候在矿上干活，塌方的时候被落石砸过安全帽，当时轻微脑震荡，头晕了半个月。另外就是血压偏高，医生说我脑部微血管有些缺血的病变。医生：好的。在您的家族亲属中，有没有人到了老年以后，动作变得像电影慢动作一样，或者有严重的手抖现象？患者：我亲大伯就是那样，七十岁以后走路就变成了那种小碎步，手也抖，连自己吃饭都成问题，最后几年完全要人喂。医生：明白了。最后再问一下，您以前的生活或者工作环境中，有没有长时间接触过杀虫剂、除草剂这类化学农药？患者：有啊！我干矿工之前，在农场做了十几年的病虫害防治员，天天背着喷雾器打除草剂和杀虫剂，那时候根本不知道这东西对身体有害，连手套都不戴。,医生：您好，我先了解一下，最让您担心的症状是什么？患者：医生您好，主要是醒后发现说话不清、手脚发笨。先是头晕，随后嘴角有点歪，家人说我吐字不清，左侧腿走路使不上劲。医生：好的。这个情况持续了多久？中间有没有完全缓解，还是一直存在或越来越明显？患者：是比较突然出现的，1个月前还基本正常，之后就一直没有完全恢复。医生：我还想确认一些细节：这些症状是持续存在还是一阵一阵？有没有头晕像天旋地转、复视、走直线困难？患者：我能听懂大多数话，但想说某个词时会卡住，左侧手能动但特别笨。医生：我再问一下过去的身体情况：以前出现过这样的症状吗？有没有长期疾病、外伤、手术或正在服用的药物？患者：有高血压、糖尿病，平时药吃得不太规律，血脂也偏高。医生：家里直系亲属有没有发生过类似的肢体无力、抽搐、手抖、说话或走路异常等情况？患者：家里没有明确遗传病，但长辈心脑血管问题比较多。医生：最后了解一下生活习惯。您平时作息、饮食、运动、吸烟饮酒情况怎么样？最近有没有劳累、熬夜、感染或情绪波动？患者：平时久坐，爱吃油腻和咸的，烟抽得多，运动少。
,"医生：哎，您好，请坐。今天这是遇上啥突发状况了？

患者：哎呀，医生，刚才在家里头，我跟老伴就因为点琐事儿吵了几句嘴。我正指着她想骂两句呢，突然就觉得右边这半拉身子整个都麻了，手指头也伸不直，舌头也跟着大起来了，嘴里支支吾吾的，话都说不出来。

医生：嗯，一生气就半边身子麻，话也说不利索，这个情况很危险。我再问问，除了刚才说的，您最近有没有觉得头晕得厉害，或者感觉记性突然变差了？

患者：头晕有，早上起来那会儿，老觉得天旋地转的。记性也确实不行了，刚说的话，一扭头就忘，想都想不起来。

医生：好。那您以前有没有查出来过糖尿病？或者血压高不高？心脏有没有房颤这类问题？

患者：糖尿病可有十几年了，血糖经常飙到十几，下不来。高血压也有，好多年了。

医生：嗯，那您家里头，直系亲属里有没有人因为糖尿病引起过严重的血管毛病，或者中风偏瘫的？

患者：有啊，我妈就是糖尿病，后来并发症，引起了中风，就偏瘫了。

医生：行，情况我大致清楚了。最后再问一句，您平时是不是爱吃甜的、油大的东西？今天吵架那会儿，是不是气得够呛？

患者：哎，我平时就爱吃红烧肉，还有那些甜点心。刚才吵架，确实是气得浑身直哆嗦，然后突然间就发作了。",医生：您好，看您刚才走进来的步子有些奇怪，今天是哪里觉得异常了？患者：医生，我这走路现在是个大难题。我老是觉得身体重心往前倾，走起路来不由自主地越走越快，停都停不下来，好几次差点往前扑倒摔个狗啃泥。而且我发现自己的右胳膊，走路的时候根本就不会像以前那样自然地前后甩动了，就直挺挺地贴在大腿旁边。医生：这种前倾的慌张步态和肢体摆动减少，是非常有特征性的。那除了走路的问题，您最近有没有觉得自己的嗅觉大不如前了？晚上睡觉的时候，有没有经常做噩梦，甚至在梦里大喊大叫、拳打脚踢的？患者：哎哟，您神了！我还以为这是年纪大了正常的呢。最近我老伴炖红烧肉，我都闻不到什么香味，吃东西觉得没以前香了。睡觉更别提了，我老伴说我上周做梦，一脚把她踹下了床，嘴里还骂骂咧咧的，我自己醒过来完全不记得。医生：这些其实都是关联的身体信号。我们再看看过去的情况，您年轻的时候头部有没有受过比较严重的外伤？或者有没有长期慢性脑供血不足的病史？患者：脑袋倒是没受过重伤。不过这几年确实一直觉得脑子里昏昏沉沉的，之前在社区医院看，医生说是慢性脑供血不足，让我吃点活血的药，我也断断续续在吃。医生：了解。家族遗传方面，您的父母、祖父母或者其他直系长辈里，有没有人到了晚年也出现过类似手抖、走路越来越慢、甚至弯腰驼背的情况？患者：我外公活着的时候，最后那几年手就一直抖，走路也是弯腰驼背得厉害，当时村里人都说那是老态龙钟的表现，我们也就没当回事。医生：好的，最后了解一下您过去的生活环境和习惯。您以前有没有长期在农田工作，接触过农药、杀虫剂？或者是长时间饮用未经处理的井水？患者：我是从农村出来的，年轻的时候在老家承包了几十年的果园，打农药、喷杀虫剂那是家常便饭，那时候也没什么防护意识，连口罩都不戴。平时喝的水也都是自家院子里打的那种老井水。,医生：您好，今天主要因为什么不舒服来就诊？患者：医生您好，主要是一侧肢体无力伴口角歪斜。今天早晨醒来发现左侧手脚不太灵活，穿衣扣扣子很费劲，说话也有点含糊。医生：好的。这个情况持续了多久？中间有没有完全缓解，还是一直存在或越来越明显？患者：症状出现后没有马上完全好转，左侧手脚还是发笨，自己活动不方便。医生：有没有出现听懂别人说话困难、找词困难，或者手脚虽然能动但不听指挥、动作笨拙？患者：症状从早上到现在一直有，头晕不是转圈那种，就是站不稳，走直线会偏。没有明显喷射样呕吐，也没有抽搐。医生：我再问一下过去的身体情况：以前出现过这样的症状吗？有没有长期疾病、外伤、手术或正在服用的药物？患者：有高血压、糖尿病，平时药吃得不太规律，血脂也偏高。医生：家里直系亲属有没有发生过类似的肢体无力、抽搐、手抖、说话或走路异常等情况？患者：家里兄弟姐妹里有人血脂高，爷爷晚年半身不遂过。医生：最后问一下，近期有没有旅行、腹泻或感冒，是否接触特殊环境？平常作息和运动规律吗？患者：平时久坐，爱吃油腻和咸的，烟抽得多，运动少。
,"医生：哎，您好，请坐。我看您这手一直抖个不停，腿也伸不直，今天这是碰到啥身体上的麻烦了？

患者：哎呀，医生，我是个程序员，写代码的。最近这几天我可真是撞邪了！一开始是俩手的手指头尖儿和脚趾头尖儿发麻，就跟戴了手套、穿了袜子似的，摸啥都不太得劲儿，感觉钝钝的。然后这股没劲儿的劲儿啊，就顺着腿往上爬。昨天我坐电脑椅那儿，想起来倒杯水喝，结果俩腿硬是撑不住我这身子，站都站不起来。到今天更邪乎，连敲键盘的手指头都软绵绵的，按下去都没反应了。

医生：嗯，从手脚末端开始麻，像戴套感，然后没劲儿还对称着往上走，这个可不能马虎。我再问问，除了这些，您有没有觉得脸上表情不太听使唤，比如眼睛闭不紧？或者说稍微动一动，就觉得喘气儿有点费劲？

患者：哎哟，眼睛真闭不紧！就昨儿晚上洗脸，我闭着眼，水还是往里流，刺得眼睛疼。今天早上我想吹个口哨，结果愣是吹不响，嘴唇一点劲儿没有。呼吸也觉得比平时累，胸口跟压了块大石头似的，喘气儿特别浅。

医生：嗯，两边脸都受影响，连呼吸的劲儿都弱了，这个必须得马上重视。那您想想，大概一两周以前，有没有得过感冒、发烧，或者拉过肚子？近期打过疫苗没有？

患者：有，大概半个月前吧，我得了一次挺重的上呼吸道感染，烧到39度，浑身疼得不行，咳了好几天，在家躺了三天才硬撑着去上班。疫苗最近没打过。

医生：嗯，发病前有呼吸道感染，这个病史很有参考价值。那您家里长辈，有没有人得过这种突然就手脚没劲儿、瘫痪的情况？或者有红斑狼疮这类免疫系统的病？

患者：家里人都没有。我们家没这种遗传病，我一直觉得我身体还挺好的。

医生：行，情况我大概明白了。最后问问您生活作息，发病前是不是因为赶项目，缺觉缺得厉害，抵抗力也下来了？

患者：哎，上个月公司赶新版本上线，我连着熬了三个礼拜，每天凌晨四点睡，早上九点就爬起来，天天就靠外卖对付，确实是把身体给熬垮了。",医生：您好，看您是由家属搀扶着进来的，今天是怎么个不舒服法？患者：大夫，我现在的日子过得太窝囊了。早上起来穿个袜子，我这手僵得像木头，掰都掰不弯，穿个袜子能急出一身汗。而且只要我坐在沙发上看电视放松的时候，这左脚和左手就开始像踩缝纫机一样不停地抖。最让我难受的是，我现在走平路都会觉得脚底板沉，转身的时候感觉整个身体是一块钢板，得像木偶一样一卡一卡地转。医生：这种肢体的僵硬感、静止时的手脚发抖以及身体如同钢板般的转动困难，给您的生活造成了很大阻碍。除了这些，您最近有没有觉得闻不到饭菜的香味了？或者最近情绪很差，晚上睡觉还总是做噩梦大叫？患者：真是这样！我最近总觉得做饭没放盐没放香料，其实是我自己闻不到了。情绪更是低落得想哭，觉得自己什么都干不好。晚上睡觉我老伴说我经常大半夜突然尖叫，还用力蹬腿，跟中邪了一样。医生：好的，这些我都会记录下来。您以前有没有过慢性的脑供血不足？或者头部受过重创、得过脑炎之类的？患者：我以前得过挺严重的颈椎病，压迫了血管，经常头晕眼花，大夫说我是慢性脑供血不足。脑炎和外伤倒是没有过。医生：了解。在您的家族长辈中，有没有人到了老年，整个人变得动作极其迟缓，甚至脸上总是没有表情，像戴着面具一样？患者：我大伯就是那样的人。他老了以后，天天坐在门口，脸上一点表情都没有，不管你跟他说什么高兴事，他都板着个脸，动作也慢得像蜗牛，手还一直抖。医生：明白了。最后想问问，您以前有没有长期喝过农村的井水？或者在工作生活中大量接触过除草剂、杀虫剂？患者：我是林业局退休的，年轻的时候在深山老林里搞了二十多年的病虫害防治，成吨的杀虫剂我都接触过。那时候我们在山里，喝的也全是没经过处理的地下泉水和井水。,医生：您好，请您从最开始的不舒服说起，哪里最明显？患者：医生您好，主要是反复短暂头晕伴一侧手麻。十来天前突然觉得右侧胳膊发沉，筷子拿不稳，走路拖脚，没有明显头痛。医生：好的。这个情况持续了多久？中间有没有完全缓解，还是一直存在或越来越明显？患者：当时来得很急，家人发现我说话、走路都和平时不一样，到现在仍然有影响。医生：我还想确认一些细节：这些症状是持续存在还是一阵一阵？有没有头晕像天旋地转、复视、走直线困难？患者：有时候喝水会呛一下，右侧脸和手感觉木木的，眼睛看东西偶尔发花。没有发热，胸痛不明显。医生：接下来了解既往情况。您以前有没有类似发作或类似不适？平时有没有慢性病、住院史，或做过相关检查？患者：以前有过短暂手麻和说话不清，几分钟就好了，当时没来看。医生：您的家人中有没有人年轻或年老后出现过相似表现，或者被反复要求做头部、神经方面检查？患者：父亲有过中风后遗留走路不稳，母亲也有高血压。医生：最后了解一下生活习惯。您平时作息、饮食、运动、吸烟饮酒情况怎么样？最近有没有劳累、熬夜、感染或情绪波动？患者：工作压力大，经常熬夜，早餐不规律，喝水少。
,"医生：哎，您好，请坐。我看您说话特别费劲，声音也小得厉害，今天主要是哪儿不舒服啊？

患者：哎呀，医生，我是个带团的导游。最近这大半个月，我这嗓子和两条腿算是彻底废了。每天上午带游客讲解那会儿，我声音还挺亮的。但只要连着说上俩钟头，这声音就跟漏了气似的，越来越小、越来越哑，到最后就跟从鼻子里挤出来的一样，嗡嗡的。还有，一到下午，我爬台阶的时候，两条大腿又酸又软，直打哆嗦，根本迈不动步子，游客走路都比我快。

医生：嗯，说话声音越来越没劲儿，还带鼻音，再加上活动后腿软得厉害，这个情况得高度警惕。那我再问问，除了嗓子和腿的问题，您最近有没有觉得看导游旗的时候东西变双影了？或者吃团餐的时候，嚼点硬东西，感觉腮帮子酸得不行？

患者：哎哟，重影可太明显了！就昨天下午，我带队的时候，眼看着手里举的那面红色导游旗，全都变成两层了，晃得我头晕恶心，眼皮也沉得跟灌了铅似的，根本睁不开。吃团餐更是遭罪，就想啃个馒头，都觉得咬不动，嚼不了几下，脸上这两块肌肉就酸得要命。

医生：嗯，看东西重影、眼皮耷拉，再加上嚼东西没劲儿，这几个伴随症状凑一块儿，非常有典型性。您回忆回忆，以前有没有查出来过甲状腺的毛病？或者拍片子的时候，有没有发现胸前长过胸腺瘤或者有增生什么的？

患者：甲状腺……我前年查出来有轻度甲亢，后来吃了药控制住了。胸部CT去年倒是做过，当时大夫跟我说，前纵隔那儿有些可疑的增生阴影，让观察来着。

医生：嗯，甲亢和胸腺有异常，这两项病史都很关键。那您直系亲属里头，比如父母、兄弟姐妹，有没有人得过严重的免疫系统方面的病？

患者：我亲妹妹，前几年查出来是系统性红斑狼疮，现在一直吃着药呢。

医生：行，情况我大致清楚了。最后再问您点生活上的事，最近带团是不是特别累，熬夜熬得厉害？或者有没有不小心感染上什么严重的感冒、呼吸道感染？

患者：哎，可不是嘛，最近正好是旅游旺季，我连着带了半个月的长线团，每天起早贪黑，压力大得不行。上周还不小心被游客传染了流感，发烧咳嗽了好几天，身体一直虚着，到现在都没缓过来。",医生：您好，请坐，慢慢说今天是哪里觉得异常了？患者：医生，我这右手最近好像有了自己的想法。我把它放在腿上或者桌上休息的时候，大拇指和食指就不停地来回搓，像是在捻什么东西一样，怎么都停不下来。但我伸手拿筷子夹菜的时候，它就不抖了。除了手抖，我还发现自己连笑都不会笑了。我明明听了个笑话觉得挺好笑，但我老婆说我脸上的肌肉根本没动，看着像生气一样。而且走路的时候，右腿总觉得拖拉在地上，鞋底磨得特别快。医生：静止时捻丸样的震颤、面部表情僵硬（面具脸）以及拖步，这些都是非常典型的表现。除了这些，您最近有没有被便秘困扰？或者发现自己闻不到臭味、香味了？晚上睡觉会手舞足蹈吗？患者：大便确实是个大麻烦，五六天不解是常态。嗅觉也出了大问题，昨天家里燃气灶有点漏气，老伴一进门就闻到了，我坐在跟前硬是没闻出煤气味，太危险了。睡觉也是，老伴说我经常在梦里打拳，把她都给打疼了。医生：这些非运动的症状也是重要参考。您以前有没有得过什么脑部疾病，比如脑炎？或者有过一氧化碳中毒、长期的脑缺血？患者：十几年前我得过一次病毒性脑炎，当时高烧昏迷了好几天，后来虽然治好了，但总觉得脑子没以前灵光了。医生：好的。那您的父母或者祖父母里，有没有人晚年出现过类似手抖、起步艰难、身体僵硬的问题？患者：我外公以前就是这样，走路起步特别难，像脚粘在地上一样，好不容易走起来了，又往前冲收不住脚，手也总是抖个不停。医生：了解了。最后了解一下生活史，您以前在农村生活的时候，有没有长时间喝过井水，或者大量接触过农药？患者：我从小就在农村长大，喝了二十几年的土井水。后来家里包了果园，打农药除草剂都是我干，经常弄得衣服上全是刺鼻的药味。,医生：您好，请您从最开始的不舒服说起，哪里最明显？患者：医生您好，主要是一过性黑矇后出现肢体乏力。昨天有几分钟眼前发黑，后来恢复了，但今天右侧手麻木、动作慢，走路不稳。医生：我明白了。请您再具体说说，当时最早出现的症状是什么，后来又有什么变化？患者：症状出现后没有马上完全好转，右侧手脚还是发笨，自己活动不方便。医生：除了肢体无力和说话变化，您有没有短暂视物模糊、吞咽不顺、口水增多，或者一侧身体感觉变钝？患者：我能听懂大多数话，但想说某个词时会卡住，右侧手能动但特别笨。没有发热，胸痛不明显。医生：之前身体状况怎么样？有没有类似症状、慢性病、外伤史，或体检提示过异常？患者：以前有过短暂手麻和说话不清，几分钟就好了，当时没来看。医生：您的家人中有没有人年轻或年老后出现过相似表现，或者被反复要求做头部、神经方面检查？患者：家里没有明确遗传病，但长辈心脑血管问题比较多。医生：我还想了解生活和诱因：最近睡眠、压力、饮食、饮酒、吸烟、运动，以及外出或特殊接触情况如何？患者：工作压力大，经常熬夜，早餐不规律，喝水少。
,"医生：哎，您好，看您这脸色不太好啊，今天这是哪儿突然不得劲儿了？

患者：哎呀，医生，我跟您说，就刚才在家里，我踩着人字梯想挂那个客厅的大窗帘，那窗帘布沉甸甸的可厚了。我就仰着脑袋，俩手举着在那儿够，举了好半天，正使着劲儿呢，突然就觉得脑袋“嗡”的一下，跟被大锤砸了一下似的，紧接着我这右半边身子一软，一点儿劲儿都没了，人就直接从梯子上翻下来了。

医生：哎呦，仰着头举重物的时候突然头痛，还带着半边身子瘫软，这个得高度警惕。那我再问问，除了这个，这两天您有没有觉得看东西视野缺一块，比如右边有一半看不清？或者脾气变得特别暴躁，压不住火？

患者：右眼还真是，老觉得眼角那边黑乎乎的，好像挡着东西。脾气嘛，也差得很，刚才挂窗帘老是挂不上去，我就在那儿骂骂咧咧的，火气直往上蹿。

医生：好，我明白了。那您以前查出来过高血压吗？或者体检的时候，大夫有没有提过您脑子里头的血管有啥异常老化之类的？

患者：高血压有，都十来年了。大夫也说过，我脑部血管有啥异常退化，让注意来着。

医生：嗯，那您家里头，长辈里面有没有人得过偏瘫，或者高血压引起的那些严重并发症？

患者：有啊，我母亲当年就是高血压，后来脑出血，落下了偏瘫的毛病。

医生：行，情况我清楚了。再问一下您平时吃饭，是不是口味比较重，爱吃咸的？刚才挂窗帘那会儿，是不是仰着脖子一直憋着劲儿没敢喘气？

患者：对对，我平时就爱吃咸腊肉，觉得有味。刚才举着那窗帘，实在是太累了，就一直憋着口气在那儿硬撑着。",医生：您好，请坐，今天主要是想看什么问题？患者：医生，我在家打麻将，等别人出牌的时候，我这左边胳膊就跟着了魔一样抖，想按都按不住，但伸手去摸牌它又稳了。而且左腿也觉得特别僵硬，像木棍一样。医生：这种静止性震颤伴随僵硬感很值得重视。除了这些，您最近有没有被便秘困扰？或者觉得自己的嗅觉下降得很厉害？患者：大便确实是个大麻烦，经常五六天才一次，得用开塞露。嗅觉也差了，昨天厨房熬醋我都闻不到酸味。医生：这些隐性症状很有意义。您以前有没有得过脑炎？或者有过长期脑供血不足？患者：脑炎没得过，但脑供血不足是老毛病了，经常头晕眼花。医生：您的长辈里，有没有人晚年走路变得像小碎步，或者经常前倾摔倒的？患者：我父亲生前最后几年走路就是小碎步，还经常往前冲，摔了好几次。医生：明白了。您以前有没有在农田里长期工作，接触过大量农药？患者：干过十几年果农，打农药是家常便饭，那时候防护意识差。,医生：您好，我先了解一下，最让您担心的症状是什么？患者：医生您好，主要是突然走路不稳、拿东西掉落。昨天有几分钟眼前发黑，后来恢复了，但今天右侧手麻木、动作慢，走路不稳。医生：好的。这个情况持续了多久？中间有没有完全缓解，还是一直存在或越来越明显？患者：是比较突然出现的，半个月前还基本正常，之后就一直没有完全恢复。医生：我还想确认一些细节：这些症状是持续存在还是一阵一阵？有没有头晕像天旋地转、复视、走直线困难？患者：我能听懂大多数话，但想说某个词时会卡住，右侧手能动但特别笨。没有发热，胸痛不明显。医生：接下来了解既往情况。您以前有没有类似发作或类似不适？平时有没有慢性病、住院史，或做过相关检查？患者：做体检时提示颈动脉斑块，平时偶尔心慌，但没系统复查。医生：从家族史方面看，家里有没有人有类似发作，或者长期的神经系统、肌肉无力、脑血管方面问题？患者：母亲糖尿病多年，舅舅曾突然说话不清住院。医生：平时生活习惯方面，是否经常久坐、熬夜、饮食偏咸偏油、饮酒吸烟？发作前有没有特别劳累或不适？患者：工作压力大，经常熬夜，早餐不规律，喝水少。
,,医生：您好，看您是由交警送过来的，路上出什么事了？患者：大夫，我刚才开车在快速路上，想踩刹车，发现右脚像木头一样没知觉，根本抬不起来。我想用右手拉手刹，右手也软了。最后是擦着护栏停下来的，交警一问我，发现我嘴都歪了。医生：驾驶时突发偏瘫和面瘫太危险了。除了这些，您这几天有没有觉得吞咽东西有困难，或者转头的时候突然一阵眩晕？患者：转头眩晕有，昨天倒车看后视镜的时候晕得我直恶心。吞东西偶尔会呛到。医生：这些都是缺血的先兆。您以前有没有被确诊过高血压、高血脂，或者房颤？患者：血脂高得像粥一样，高血压也有，但因为没觉得难受就没吃药。医生：您的父母兄弟里，有没有中风偏瘫或者心梗的病史？患者：我亲哥哥几年前因为脑血管堵塞偏瘫了。医生：了解。您平时的工作性质是不是经常久坐？有没有大量抽烟的习惯？患者：我是开网约车的，一天坐十几个小时。为了提神，烟是一根接一根抽。,医生：您好，请您从最开始的不舒服说起，哪里最明显？患者：医生您好，主要是静止时手抖逐渐加重。我最近走路小碎步，转身不灵活，左侧手在休息时抖得明显，紧张时更厉害。医生：请您描述一下发作或加重时的样子，包括持续时间、部位和对日常活动的影响。患者：大概从近一段时间前慢慢出现，最早是左侧手不灵活，后来走路、转身、写字都受影响。医生：我再了解一些容易被忽略的情况：有没有流口水、吞咽变慢、声音变小、走路容易前冲或突然停住？患者：嗅觉确实差了很多，便秘也有一阵子了，晚上睡觉会说梦话，家人说我有时会踢被子。没有明显肢体麻木，也没有突然瘫倒。医生：接下来了解既往情况。您以前有没有类似发作或类似不适？平时有没有慢性病、住院史，或做过相关检查？患者：以前没有脑外伤，也没类似病，平时有点高血压，控制还可以。医生：家里直系亲属有没有发生过类似的肢体无力、抽搐、手抖、说话或走路异常等情况？患者：家里没有明确类似手抖、动作慢的人，父母年纪大后走路慢但没查过原因。医生：平时生活习惯方面，是否经常久坐、熬夜、饮食偏咸偏油、饮酒吸烟？发作前有没有特别劳累或不适？患者：以前从事喷漆相关工作，偶尔接触溶剂，现在已不做；平时运动少。
,,医生：您好，别着急，今天是怎么个情况让您赶紧来急诊的？患者：大夫，我刚才在小区里跟别人下象棋，正下到关键的一步，我举起左手想落子，突然感觉整条左胳膊失去了知觉，棋子掉了一地。我想站起来，结果左腿也支撑不住，直接倒在了花坛边上。棋友拉我起来，发现我连说话都不清晰了。医生：这种突发偏身无力和言语障碍需要高度重视。除了下棋时的突发情况，您这几天有没有觉得频繁头晕恶心，或者经历过短暂的视力模糊？患者：头晕是有的，这几天一转身或者一低头，就觉得晕乎乎的。视力模糊也有，前天看电视的时候，左眼突然黑了一会儿，我还以为是电视机坏了。医生：好的。您以前有没有被确诊过高血压？或者有没有做过血管超声查出颈动脉有斑块？患者：高血压有十来年了，药吃得断断续续。两年前做超声，医生说我双侧颈动脉都有斑块，右边还挺大。医生：您的家族长辈中，有没有人有过脑梗或者血管闭塞的病史？患者：我父亲就是因为脑梗偏瘫去世的，我大伯也有冠心病。医生：了解。您平时饮食是不是偏咸偏油？平时是不是喜欢久坐不动？患者：我爱吃肥肉和动物内脏，口味偏咸。平时最大的爱好就是下象棋，一坐就是大半天，很少起身活动。,医生：您好，今天主要因为什么不舒服来就诊？患者：医生您好，主要是手抖伴动作变慢。这2个月动作越来越慢，扣扣子、系鞋带都费劲，家人说我走路摆臂少，脸上表情也少。医生：好的。这个情况持续了多久？中间有没有完全缓解，还是一直存在或越来越明显？患者：大概从2个月前慢慢出现，最早是左侧手不灵活，后来走路、转身、写字都受影响。医生：近期精细动作、表情、写字、转身、翻身这些方面有没有变化？有没有一侧比另一侧更明显？患者：声音比以前小，吃饭咽得慢一些，走路有时像刹不住往前冲，转身要分好几步。没有明显肢体麻木，也没有突然瘫倒。医生：关于既往史，您之前有没有因为神经、头部、肌肉无力或意识变化等问题就医？平时有什么基础病？患者：过去身体还行，没做过头部大手术，也没有反复中毒或一氧化碳接触。医生：从家族史方面看，家里有没有人有类似发作，或者长期的神经系统、肌肉无力、脑血管方面问题？患者：家里没有明确类似手抖、动作慢的人，父母年纪大后走路慢但没查过原因。医生：最后了解一下生活习惯。您平时作息、饮食、运动、吸烟饮酒情况怎么样？最近有没有劳累、熬夜、感染或情绪波动？患者：饮食还可以，但蔬菜水果吃得少，便秘后也没有规律运动。
,,医生：您好，看您脸色发白，今天主要是哪里出问题了？患者：医生，我在拖地，双手握着拖把，突然左手没了知觉，拖把掉在地上。我感觉左半边脸像僵住了，连话都说不清楚。医生：突发的单侧上肢无力和面部僵硬很危险。除了这些，您最近有没有觉得走路容易往一边偏，或者觉得剧烈头晕？患者：昨天早上起床晕得直恶心。这几天走路总往左边倾斜。医生：好的。您以前有没有心脏病史，比如房颤？或者高血脂症？患者：大夫说过我心跳不规律有房颤。血脂也高，但我没吃药。医生：您的直系亲属里，有没有得过脑缺血的？患者：我母亲以前突发脑血管病走的。医生：明白了。您平时运动吗？是不是体重偏胖，喜欢吃肥腻食物？患者：体重快一百九十斤，最爱吃红烧肘子，基本不运动。,医生：您好，我先了解一下，最让您担心的症状是什么？患者：医生您好，主要是一侧肢体僵硬、走路拖步。我最近走路小碎步，转身不灵活，左侧手在休息时抖得明显，紧张时更厉害。医生：请您描述一下发作或加重时的样子，包括持续时间、部位和对日常活动的影响。患者：刚开始没太在意，现在穿衣、扣扣子和走路都比以前慢很多。医生：除了抖和动作慢，您有没有嗅觉变差、便秘、睡觉时大声说梦话或手脚乱动，情绪低落，或者站起来头晕？患者：嗅觉确实差了很多，便秘也有一阵子了，晚上睡觉会说梦话，家人说我有时会踢被子。意识一直清楚，只是动作慢。医生：关于既往史，您之前有没有因为神经、头部、肌肉无力或意识变化等问题就医？平时有什么基础病？患者：以前没有脑外伤，也没类似病，平时有点高血压，控制还可以。医生：从家族史方面看，家里有没有人有类似发作，或者长期的神经系统、肌肉无力、脑血管方面问题？患者：兄弟姐妹没有类似情况，家族里也没听说年轻时就手抖的。医生：最后问一下，近期有没有旅行、腹泻或感冒，是否接触特殊环境？平常作息和运动规律吗？患者：饮食还可以，但蔬菜水果吃得少，便秘后也没有规律运动。
,,医生：您好，请坐，今天是遇到了什么突发状况？患者：大夫，我刚才在超市货架前想拿最上面那层的挂面，右手刚伸上去，突然就直挺挺地落了下来，一点劲都使不上。我想叫理货员帮忙，结果发现舌头在嘴里打卷，说话含混不清，别人根本听不懂我在说什么。医生：这种突发的上肢无力和言语不清非常危险。除了这个，您在这几天有没有出现过短暂的腿发麻，或者觉得最近总是经常呛咳？患者：大概三天前，我右腿确实有过一阵子发麻，像无数只蚂蚁在爬，走不了路，蹲了一会儿才好。呛咳也有，最近吃干一点的米饭总觉得咽不下去，容易呛到气管里。医生：好的。您以前有糖尿病病史吗？血糖控制得怎么样？有没有高血压？患者：有糖尿病十多年了，但我这人管不住嘴，血糖经常飙到十几。高血压也有，一直在吃药。医生：您的直系亲属中，有没有人因为糖尿病引发严重的血管并发症或者中风？患者：我妈妈就是糖尿病几十年，后来不仅截了肢，最后还脑中风了。医生：明白了。您平时是不是特别爱吃甜食和油腻的糕点？体重是不是超标？患者：我是个甜食控，天天得吃小蛋糕、喝奶茶。体重严重超标了，肚子特别大。,医生：您好，请您从最开始的不舒服说起，哪里最明显？患者：医生您好，主要是走路前冲、起步费劲。这3年动作越来越慢，扣扣子、系鞋带都费劲，家人说我走路摆臂少，脸上表情也少。医生：好的。这个情况持续了多久？中间有没有完全缓解，还是一直存在或越来越明显？患者：大概从3年前慢慢出现，最早是左侧手不灵活，后来走路、转身、写字都受影响。医生：近期精细动作、表情、写字、转身、翻身这些方面有没有变化？有没有一侧比另一侧更明显？患者：嗅觉确实差了很多，便秘也有一阵子了，晚上睡觉会说梦话，家人说我有时会踢被子。意识一直清楚，只是动作慢。医生：之前身体状况怎么样？有没有类似症状、慢性病、外伤史，或体检提示过异常？患者：曾因焦虑睡不好吃过短期助眠药，没有长期规律服用其他特殊药。医生：从家族史方面看，家里有没有人有类似发作，或者长期的神经系统、肌肉无力、脑血管方面问题？患者：父亲老年后有明显便秘和走路慢，不过没有系统就医。医生：最后问一下，近期有没有旅行、腹泻或感冒，是否接触特殊环境？平常作息和运动规律吗？患者：退休后活动少，平时喜欢喝茶，不怎么锻炼，睡眠不太规律。
,,医生：您好，看您是由朋友送来的，今天是怎么了？患者：大夫，我刚才在家里换客厅的灯泡，左手正举着灯罩，突然左手一点劲都使不上，灯罩砸碎了。左腿也发软，从凳子上摔了下来，说话也变得含糊。医生：仰头操作时突发的单侧脱力和言语不清非常危险。除了这些，您最近几天有没有觉得眼前突然发黑，或者经历过几分钟的手脚发麻？患者：昨天左手确实麻过几分钟。眼前发黑倒是没有。医生：好的。您以前有查出过心脏房颤，或者高血糖吗？患者：有房颤，没规律吃药。血糖也偏高。医生：您的家族里，有没有人得过中风的？患者：我父亲就是偏瘫了好几年走的。医生：了解。您平时抽烟多吗？是不是经常久坐不活动？患者：一天起码两包烟。平时在办公室坐一天，基本不运动。,医生：您好，您这次来看诊，主要是哪方面的问题？患者：医生您好，主要是走路前冲、起步费劲。大概2个月前开始右侧手不自主抖，安静坐着时明显，拿东西做事反而稍微好点，最近走路也拖步。医生：请您描述一下发作或加重时的样子，包括持续时间、部位和对日常活动的影响。患者：最近半年更明显，起步慢、翻身慢，家人说我动作像被拖住。医生：我再了解一些容易被忽略的情况：有没有流口水、吞咽变慢、声音变小、走路容易前冲或突然停住？患者：嗅觉确实差了很多，便秘也有一阵子了，晚上睡觉会说梦话，家人说我有时会踢被子。没有明显肢体麻木，也没有突然瘫倒。医生：关于既往史，您之前有没有因为神经、头部、肌肉无力或意识变化等问题就医？平时有什么基础病？患者：曾因焦虑睡不好吃过短期助眠药，没有长期规律服用其他特殊药。医生：再了解一下家族情况。您的父母、兄弟姐妹或子女中，有没有人出现过类似症状，或有相关的长期疾病？患者：兄弟姐妹没有类似情况，家族里也没听说年轻时就手抖的。医生：最后了解一下生活习惯。您平时作息、饮食、运动、吸烟饮酒情况怎么样？最近有没有劳累、熬夜、感染或情绪波动？患者：以前从事喷漆相关工作，偶尔接触溶剂，现在已不做；平时运动少。
,,医生：您好，请坐，今天是遇到了什么突发状况？患者：大夫，我在小区遛狗，左手牵着狗绳，突然左手一酸，绳子就脱手了。我想跑去追，发现左脚像被胶水粘在了地上，直接摔倒了。医生：单侧下肢拖步和上肢脱力必须立刻重视。除了这些，您在这之前有没有发生过短暂的眩晕，或者吃饭喝汤的时候频繁呛咳？患者：这半个月来，我喝汤老是呛到。眩晕也偶尔会有，感觉房子都在转。医生：这些细节很有价值。您既往有没有房颤的病史？或者查出过高血压？患者：我有房颤，心跳一直乱。高血压也有，没规律吃药。医生：您的父母兄弟里，有没有中风偏瘫的病史？患者：我父亲七十岁时脑梗偏瘫卧床。医生：了解。最后问问，您平时是不是经常熬夜打牌？抽烟多吗？患者：经常跟邻居打牌到半夜，一边打一边抽烟。,医生：您好，请您从最开始的不舒服说起，哪里最明显？患者：医生您好，主要是静止时手抖逐渐加重。大概近一段时间前开始右侧手不自主抖，安静坐着时明显，拿东西做事反而稍微好点，最近走路也拖步。医生：我明白了。请您再具体说说，当时最早出现的症状是什么，后来又有什么变化？患者：刚开始没太在意，现在穿衣、扣扣子和走路都比以前慢很多。医生：近期精细动作、表情、写字、转身、翻身这些方面有没有变化？有没有一侧比另一侧更明显？患者：声音比以前小，吃饭咽得慢一些，走路有时像刹不住往前冲，转身要分好几步。医生：关于既往史，您之前有没有因为神经、头部、肌肉无力或意识变化等问题就医？平时有什么基础病？患者：以前没有脑外伤，也没类似病，平时有点高血压，控制还可以。医生：再了解一下家族情况。您的父母、兄弟姐妹或子女中，有没有人出现过类似症状，或有相关的长期疾病？患者：父亲老年后有明显便秘和走路慢，不过没有系统就医。医生：我还想了解生活和诱因：最近睡眠、压力、饮食、饮酒、吸烟、运动，以及外出或特殊接触情况如何？患者：以前从事喷漆相关工作，偶尔接触溶剂，现在已不做；平时运动少。
,,医生：您好，看您是由朋友送来的，路上发生什么事了？患者：大夫，我刚才骑着电动车去买菜，右手正捏着刹车，突然右手像被抽了筋一样软了，车子直接冲上马路牙子摔了。我现在右半边身子全麻了，嘴巴也歪了。医生：驾驶时突发单侧麻木无力太危险了。除了这些，您这半个月里，有没有发生过短暂的说话不利索，或者吃饭时频繁呛咳？患者：上周确实有一次说话突然结巴了大概两分钟。这几天喝水老呛到气管里。医生：这些短暂症状非常关键。您以前有没有被确诊过糖尿病或者高血压？有没有颈部血管狭窄？患者：糖尿病有七八年了。颈部血管超声说有狭窄，让我做手术我没敢做。医生：您的家族里，有没有长辈得过偏瘫或者糖尿病并发症？患者：我妈也是糖尿病，最后脑部血管堵了偏瘫在床。医生：了解。您平时抽烟吗？平时是不是喜欢吃高糖食物？患者：我一天抽一包烟。平时管不住嘴，特别爱吃甜点。,医生：您好，今天主要因为什么不舒服来就诊？患者：医生您好，主要是静止时手抖逐渐加重。先是右侧胳膊僵硬，后来写字越写越小，晚上翻身困难，起步要停一下才能迈开。医生：这些表现是突然出现还是逐渐加重？大概从什么时候开始，最明显影响到什么活动？患者：最近半年更明显，起步慢、翻身慢，家人说我动作像被拖住。医生：我再了解一些容易被忽略的情况：有没有流口水、吞咽变慢、声音变小、走路容易前冲或突然停住？患者：嗅觉确实差了很多，便秘也有一阵子了，晚上睡觉会说梦话，家人说我有时会踢被子。没有明显肢体麻木，也没有突然瘫倒。医生：我再问一下过去的身体情况：以前出现过这样的症状吗？有没有长期疾病、外伤、手术或正在服用的药物？患者：曾因焦虑睡不好吃过短期助眠药，没有长期规律服用其他特殊药。医生：您的家人中有没有人年轻或年老后出现过相似表现，或者被反复要求做头部、神经方面检查？患者：一个叔叔晚年手有点抖，但家里人一直以为是年纪大。医生：我还想了解生活和诱因：最近睡眠、压力、饮食、饮酒、吸烟、运动，以及外出或特殊接触情况如何？患者：饮食还可以，但蔬菜水果吃得少，便秘后也没有规律运动。
,,医生：您好，看您是被交警送过来的，路上出什么事了？患者：医生，我刚才开车等红灯，准备起步时右手完全僵住了。右腿也像木头一样没知觉，嘴巴也歪了说话漏风。医生：驾驶时突发偏侧无力和面瘫太危险了。除了这些，您这几天有没有觉得频繁头晕，或者觉得吞咽东西有困难？患者：最近一到下午就昏昏沉沉的。吞东西觉得嗓子眼有异物感容易卡住。医生：好的。您以前有冠心病、房颤吗？或者高血脂？患者：有冠心病。高血脂也有，他汀经常忘记吃。医生：您的父母亲属里，有没有人有过脑梗死病史？患者：我大舅和父亲都是突发心肌梗死走的。医生：明白了。您平时的工作性质是不是经常久坐？有没有大量抽烟？患者：开出租车的，一天坐十几个小时，烟一根接一根抽。,医生：您好，请您从最开始的不舒服说起，哪里最明显？患者：医生您好，主要是写字变小伴翻身困难。大概半年前开始左侧手不自主抖，安静坐着时明显，拿东西做事反而稍微好点，最近走路也拖步。医生：我明白了。请您再具体说说，当时最早出现的症状是什么，后来又有什么变化？患者：大概从半年前慢慢出现，最早是左侧手不灵活，后来走路、转身、写字都受影响。医生：我再了解一些容易被忽略的情况：有没有流口水、吞咽变慢、声音变小、走路容易前冲或突然停住？患者：写字越来越小，左侧更明显，早上起床翻身慢，脸上表情也被家人说变少了。意识一直清楚，只是动作慢。医生：之前身体状况怎么样？有没有类似症状、慢性病、外伤史，或体检提示过异常？患者：几年前有腰腿疼，但没有影响手抖；没有长期服用精神类药物。医生：从家族史方面看，家里有没有人有类似发作，或者长期的神经系统、肌肉无力、脑血管方面问题？患者：兄弟姐妹没有类似情况，家族里也没听说年轻时就手抖的。医生：最后问一下，近期有没有旅行、腹泻或感冒，是否接触特殊环境？平常作息和运动规律吗？患者：每天散步不固定，喜欢久坐看电视，最近因为动作慢更不愿出门。
,,医生：您好，别着急，今天是哪里不舒服赶紧过来了？患者：医生，我刚才开车在下班路上，想踩刹车的时候，发现右脚根本抬不起来，脚底板直打滑，怎么都踩不到踏板上，差点追尾前面的车。我赶紧拉了手刹停在路边，这时候觉得右半边脸像敷了层厚厚的麻药，一点感觉都没有了。医生：这太危险了，幸好您及时停下了。除了右侧手脚和面部的麻木无力，您最近有没有觉得头转动的时候会突然一阵眩晕？或者平时吃东西吞咽觉得费力？患者：转头眩晕是有的，前几天我倒车的时候猛地一回头，晕得我直犯恶心。吞咽倒还好，就是觉得右边舌头有些不听使唤，嚼东西容易咬到自己。医生：好的。您以前有糖尿病的病史吗？或者有没有查出过同型半胱氨酸偏高这类血管危险因素？患者：我有二型糖尿病好几年了，平时爱吃甜的，血糖控制得一塌糊涂。您说的那个什么酸我没查过，不太懂。医生：了解。家族长辈里，比如父母，有没有得过中风或者糖尿病的并发症？患者：我妈也是糖尿病，后来并发症严重，突发脑溢血没的。医生：最后了解下您的生活习惯。您平时缺乏运动吗？体重是不是有点超标？患者：我是个大胖子，体重快两百斤了。平时上下班都是开车，到了单位就坐一天，根本没时间也没精力去运动。,医生：您好，您这次来看诊，主要是哪方面的问题？患者：医生您好，主要是静止时手抖逐渐加重。这半年动作越来越慢，扣扣子、系鞋带都费劲，家人说我走路摆臂少，脸上表情也少。医生：请您描述一下发作或加重时的样子，包括持续时间、部位和对日常活动的影响。患者：刚开始没太在意，现在穿衣、扣扣子和走路都比以前慢很多。医生：我再了解一些容易被忽略的情况：有没有流口水、吞咽变慢、声音变小、走路容易前冲或突然停住？患者：写字越来越小，左侧更明显，早上起床翻身慢，脸上表情也被家人说变少了。医生：我再问一下过去的身体情况：以前出现过这样的症状吗？有没有长期疾病、外伤、手术或正在服用的药物？患者：以前没有脑外伤，也没类似病，平时有点高血压，控制还可以。医生：家里直系亲属有没有发生过类似的肢体无力、抽搐、手抖、说话或走路异常等情况？患者：父亲老年后有明显便秘和走路慢，不过没有系统就医。医生：最后问一下，近期有没有旅行、腹泻或感冒，是否接触特殊环境？平常作息和运动规律吗？患者：饮食还可以，但蔬菜水果吃得少，便秘后也没有规律运动。
,,医生：您好，躺好别乱动，今天是遇到了什么突发状况？患者：大夫，我半夜起夜去上厕所，刚从马桶上站起来，左腿就像没了骨头一样直接跪地上了。我想用左手去扶墙，结果左手也使不上劲。我老婆听见动静跑过来，发现我嘴歪眼斜的，急忙拨了120把我送来了。医生：夜间或者清晨突发的偏瘫、面瘫是非常典型的情况。除了这些，您这几天有没有经历过短暂的肢体发麻，或者最近总是不由自主地打哈欠，觉得极其困倦？患者：有！这几天我白天坐在办公室里，总是忍不住地打哈欠，困得眼睛都睁不开，喝了浓茶都没用。昨天下午左手还麻了一阵，我以为是趴桌子睡午觉压的。医生：频繁打哈欠嗜睡是脑部供血不足的表现。那您以前查出过颈动脉斑块吗？或者有没有高血压和糖尿病？患者：去年体检做彩超，大夫说我双侧颈动脉都有斑块，还挺严重的。高血压也有，一直在吃降压药，但血压还是忽高忽低的。医生：您的父母或者兄弟姐妹中，有没有人发生过中风偏瘫的情况？患者：我大伯和我父亲，晚年都是因为脑血管堵塞导致偏瘫的。医生：明白了。您平时的饮食是不是重油重盐？晚上是不是经常熬夜？患者：我是跑业务的，天天晚上在外面应酬，大鱼大肉，喝大酒，经常凌晨一两点才回家睡觉，身体早透支了。,医生：您好，请您从最开始的不舒服说起，哪里最明显？患者：医生您好，主要是写字变小伴翻身困难。先是左侧胳膊僵硬，后来写字越写越小，晚上翻身困难，起步要停一下才能迈开。医生：我明白了。请您再具体说说，当时最早出现的症状是什么，后来又有什么变化？患者：大概从2个月前慢慢出现，最早是左侧手不灵活，后来走路、转身、写字都受影响。医生：除了抖和动作慢，您有没有嗅觉变差、便秘、睡觉时大声说梦话或手脚乱动，情绪低落，或者站起来头晕？患者：写字越来越小，左侧更明显，早上起床翻身慢，脸上表情也被家人说变少了。意识一直清楚，只是动作慢。医生：之前身体状况怎么样？有没有类似症状、慢性病、外伤史，或体检提示过异常？患者：过去身体还行，没做过头部大手术，也没有反复中毒或一氧化碳接触。医生：再了解一下家族情况。您的父母、兄弟姐妹或子女中，有没有人出现过类似症状，或有相关的长期疾病？患者：兄弟姐妹没有类似情况，家族里也没听说年轻时就手抖的。医生：最后问一下，近期有没有旅行、腹泻或感冒，是否接触特殊环境？平常作息和运动规律吗？患者：每天散步不固定，喜欢久坐看电视，最近因为动作慢更不愿出门。
,,医生：您好，看您脸色不太好，今天是怎么个突发情况？患者：医生，我在吃火锅，正拿着漏勺捞肉，右手突然就软了，漏勺掉锅里溅了一身汤。我想站起来去洗手间，右腿也发软，整个半边身子没感觉了。医生：突发的偏身麻木无力必须立刻重视。除了这些，您在最近这半个月里，有没有发生过短暂的说话说不利索，或者眼前突然黑了一下？患者：上周有一次突然觉得脑子想好的词说不出来，过了几分钟才好。医生：短暂性失语是极其危险的信号。您以前有没有房颤病史？或者查出过血脂很高？患者：有房颤，医生让吃药我没坚持。血脂也偏高。医生：那您的父母亲属中，有没有人有过脑梗病史？患者：我父亲以前就是脑梗走的。医生：明白了。您平时抽烟喝酒厉害吗？平时是不是喜欢吃油腻食物？患者：经常吃火锅喝啤酒，每天都抽一包烟。体重也有些超标。,医生：您好，请您从最开始的不舒服说起，哪里最明显？患者：医生您好，主要是走路前冲、起步费劲。这近一段时间动作越来越慢，扣扣子、系鞋带都费劲，家人说我走路摆臂少，脸上表情也少。医生：我明白了。请您再具体说说，当时最早出现的症状是什么，后来又有什么变化？患者：不是一下子来的，是一点点加重，安静时更容易抖，紧张时也明显。医生：近期精细动作、表情、写字、转身、翻身这些方面有没有变化？有没有一侧比另一侧更明显？患者：嗅觉确实差了很多，便秘也有一阵子了，晚上睡觉会说梦话，家人说我有时会踢被子。没有明显肢体麻木，也没有突然瘫倒。医生：之前身体状况怎么样？有没有类似症状、慢性病、外伤史，或体检提示过异常？患者：曾因焦虑睡不好吃过短期助眠药，没有长期规律服用其他特殊药。医生：再了解一下家族情况。您的父母、兄弟姐妹或子女中，有没有人出现过类似症状，或有相关的长期疾病？患者：一个叔叔晚年手有点抖，但家里人一直以为是年纪大。医生：最后了解一下生活习惯。您平时作息、饮食、运动、吸烟饮酒情况怎么样？最近有没有劳累、熬夜、感染或情绪波动？患者：退休后活动少，平时喜欢喝茶，不怎么锻炼，睡眠不太规律。
,,医生：您好，请坐，今天是遇到了什么突发状况？患者：大夫，我在理发店剪头发，刚剪完站起来准备去洗头，左边腿一软，直接跪在了理发椅旁边。我想用左手撑着地站起来，结果左手也完全瘫软了。理发师说我脸都歪了，我才发现自己说话声音也变得很怪异。医生：突发的单侧肢体瘫软和面瘫必须立刻就诊。除了这些，您在过去的一两周里，有没有出现过短暂的单眼看不见，或者感觉手指发麻？患者：手指发麻有，上周洗碗的时候，左手小指和无名指麻了好一阵子。还有就是这几天老是打哈欠，明明睡够了还是觉得特别困。医生：嗜睡和短暂麻木是重要的先兆。您以前查出过高血压或者颈动脉硬化吗？血糖高不高？患者：血压高了好多年了，我一直没当回事。血糖偏高，但还没到糖尿病的程度。颈动脉硬化体检时医生提过一句。医生：您的家族里，有没有人发生过偏瘫或者血管严重堵塞的情况？患者：我母亲晚年也是突然偏瘫，后来一直靠轮椅代步。医生：明白了。您平时饮食偏油腻吗？平时有没有运动的习惯？患者：我比较喜欢吃重口味和油炸的食物。平时因为工作忙，回家就躺着刷手机，几乎不运动。,医生：您好，请您从最开始的不舒服说起，哪里最明显？患者：医生您好，主要是走路前冲、起步费劲。先是右侧胳膊僵硬，后来写字越写越小，晚上翻身困难，起步要停一下才能迈开。医生：好的。这个情况持续了多久？中间有没有完全缓解，还是一直存在或越来越明显？患者：大概从2个月前慢慢出现，最早是右侧手不灵活，后来走路、转身、写字都受影响。医生：近期精细动作、表情、写字、转身、翻身这些方面有没有变化？有没有一侧比另一侧更明显？患者：声音比以前小，吃饭咽得慢一些，走路有时像刹不住往前冲，转身要分好几步。医生：关于既往史，您之前有没有因为神经、头部、肌肉无力或意识变化等问题就医？平时有什么基础病？患者：过去身体还行，没做过头部大手术，也没有反复中毒或一氧化碳接触。医生：家里直系亲属有没有发生过类似的肢体无力、抽搐、手抖、说话或走路异常等情况？患者：父亲老年后有明显便秘和走路慢，不过没有系统就医。医生：最后了解一下生活习惯。您平时作息、饮食、运动、吸烟饮酒情况怎么样？最近有没有劳累、熬夜、感染或情绪波动？患者：退休后活动少，平时喜欢喝茶，不怎么锻炼，睡眠不太规律。
,,医生：您好，别紧张，今天是怎么个情况让您赶紧来医院的？患者：大夫，我刚才坐在沙发上看电视，老伴在厨房叫我拿个酱油。我张嘴想答应她，结果发现自己只能发出“呜呜”的声音，一个字都吐不清楚。我急了，想站起来去厨房，结果右半边身子一点反应都没有，直接瘫在沙发上了。医生：这种失语和右侧偏瘫的情况需要高度警惕。除了刚才的表现，您最近几天有没有经历过短暂的眼前发黑或者视物模糊？有没有觉得记忆力突然下降得很厉害？患者：眼前发黑倒没有。但这几天老伴总嫌我丢三落四的，昨天刚跟她说过的话，今天我怎么都想不起来了，脑子像生锈了一样。医生：这些情况很重要。那您以前有高血压、高血脂的病史吗？平时有没有按时规律地吃药？患者：高血压和高血脂都有快十年了。但我不爱吃药，觉得是药三分毒，平时头不晕我就不吃，血脂的药更是早停了。医生：您的家族里，比如父母或者长辈，有没有患有严重心脑血管疾病的？患者：我母亲有严重的高血压，后来因为心脏病发作走的。医生：明白了。最后问问您的生活习惯。您平时爱运动吗？是不是经常久坐不动还一直抽烟？患者：我退休后最大的爱好就是窝在沙发上看一整天的抗日剧，几乎不出门。看电视的时候烟不离手，一天得两包。,医生：您好，我先了解一下，最让您担心的症状是什么？患者：医生您好，主要是一侧肢体僵硬、走路拖步。大概5年前开始左侧手不自主抖，安静坐着时明显，拿东西做事反而稍微好点，最近走路也拖步。医生：这些表现是突然出现还是逐渐加重？大概从什么时候开始，最明显影响到什么活动？患者：不是一下子来的，是一点点加重，安静时更容易抖，紧张时也明显。医生：我再了解一些容易被忽略的情况：有没有流口水、吞咽变慢、声音变小、走路容易前冲或突然停住？患者：声音比以前小，吃饭咽得慢一些，走路有时像刹不住往前冲，转身要分好几步。没有明显肢体麻木，也没有突然瘫倒。医生：接下来了解既往情况。您以前有没有类似发作或类似不适？平时有没有慢性病、住院史，或做过相关检查？患者：曾因焦虑睡不好吃过短期助眠药，没有长期规律服用其他特殊药。医生：再了解一下家族情况。您的父母、兄弟姐妹或子女中，有没有人出现过类似症状，或有相关的长期疾病？患者：父亲老年后有明显便秘和走路慢，不过没有系统就医。医生：最后了解一下生活习惯。您平时作息、饮食、运动、吸烟饮酒情况怎么样？最近有没有劳累、熬夜、感染或情绪波动？患者：退休后活动少，平时喜欢喝茶，不怎么锻炼，睡眠不太规律。
,,医生：您好，请坐，今天是遇到了什么突发状况？患者：大夫，我在家里正抱着小孙子逗他玩呢，左边胳膊突然一阵发酸，然后就像断了线一样整个掉下来了，孙子差点摔地上。我老伴冲过来骂我怎么连孩子都抱不住，结果她一看我，尖叫着说我嘴眼歪斜了，口水都滴到了衣服上。医生：突发的肢体无力和口眼歪斜必须立刻做检查。除了这些，您在这之前的一段时间，有没有发现自己走路总是不自觉地往一边偏，或者觉得吞咽药片、硬食物特别困难？患者：您这么一说我想起来了，最近大半个月，我走路总觉得左脚绊右脚，老是往左边倾斜。而且吞降压药的时候，老觉得药片卡在喉咙里咽不下去。医生：这些症状很有意义。那您以前有冠心病的病史吗？或者有没有查出过严重的心律不齐？患者：我有冠心病，心脏里还放过一个支架。平时心脏也偶尔会偷停或者乱跳两下。医生：那您的直系亲属中，有没有人发生过心脑血管意外，比如心肌梗死或者偏瘫？患者：我父亲以前就是突发心肌梗死去世的。医生：明白了。您平时饮食口味重吗？今天抱孩子前有没有大量抽烟？患者：我是个老烟枪，每天都得抽。今天家里来了几个老伙计，我们坐着一边聊天一边抽，大半包烟就进去了，之后我去抱孙子就出事了。,医生：您好，请您从最开始的不舒服说起，哪里最明显？患者：医生您好，主要是走路前冲、起步费劲。这近一段时间动作越来越慢，扣扣子、系鞋带都费劲，家人说我走路摆臂少，脸上表情也少。医生：这些表现是突然出现还是逐渐加重？大概从什么时候开始，最明显影响到什么活动？患者：大概从近一段时间前慢慢出现，最早是左侧手不灵活，后来走路、转身、写字都受影响。医生：近期精细动作、表情、写字、转身、翻身这些方面有没有变化？有没有一侧比另一侧更明显？患者：写字越来越小，左侧更明显，早上起床翻身慢，脸上表情也被家人说变少了。没有明显肢体麻木，也没有突然瘫倒。医生：接下来了解既往情况。您以前有没有类似发作或类似不适？平时有没有慢性病、住院史，或做过相关检查？患者：过去身体还行，没做过头部大手术，也没有反复中毒或一氧化碳接触。医生：从家族史方面看，家里有没有人有类似发作，或者长期的神经系统、肌肉无力、脑血管方面问题？患者：一个叔叔晚年手有点抖，但家里人一直以为是年纪大。医生：我还想了解生活和诱因：最近睡眠、压力、饮食、饮酒、吸烟、运动，以及外出或特殊接触情况如何？患者：每天散步不固定，喜欢久坐看电视，最近因为动作慢更不愿出门。
,,医生：您好，看您是由家属扶着来的，走路还有点拖拉，今天是怎么了？患者：医生，我刚才在家里跟外地的女儿打视频电话。女儿在屏幕里突然大喊，说爸你嘴巴怎么歪了。我自己还纳闷呢，想跟她解释，结果发现自己说话大舌头，手机也从右手里滑掉在了地上，右边身子不听使唤了。医生：突发的面部不对称、言语不清和偏瘫必须要立刻检查。除了这些，您最近有没有发生过短暂的眼前发黑，或者吞咽馒头硬菜的时候觉得特别费劲？患者：您一说我想起来了，上周我在小区散步，右眼突然像拉了窗帘一样黑了半分钟，后来自己又亮了。吞咽的话，最近老觉得嗓子眼发紧，吃干一点的东西得喝一大口水才能顺下去。医生：这些都是非常重要的缺血缺氧先兆。您既往有没有房颤病史？或者有没有查出过血脂很高？患者：血脂一直很高，大夫说我是什么高胆固醇血症。房颤也有，心跳一直乱糟糟的，但我没怎么正经治过。医生：那您的家族里，有没有人有过脑梗或者严重的心脏病病史？患者：我亲哥哥几年前就是心梗突发走的，当时没抢救过来。医生：了解。您平时抽烟喝酒厉害吗？平时精神压力大不大？患者：我是个老烟枪，酒也喝，几乎天天晚上都要喝点白酒解乏。最近帮着筹备儿子的婚事，整天东奔西走，累得够呛。,医生：您好，请您从最开始的不舒服说起，哪里最明显？患者：医生您好，主要是走路前冲、起步费劲。先是右侧胳膊僵硬，后来写字越写越小，晚上翻身困难，起步要停一下才能迈开。医生：请您描述一下发作或加重时的样子，包括持续时间、部位和对日常活动的影响。患者：最近半年更明显，起步慢、翻身慢，家人说我动作像被拖住。医生：除了抖和动作慢，您有没有嗅觉变差、便秘、睡觉时大声说梦话或手脚乱动，情绪低落，或者站起来头晕？患者：写字越来越小，右侧更明显，早上起床翻身慢，脸上表情也被家人说变少了。没有明显肢体麻木，也没有突然瘫倒。医生：接下来了解既往情况。您以前有没有类似发作或类似不适？平时有没有慢性病、住院史，或做过相关检查？患者：过去身体还行，没做过头部大手术，也没有反复中毒或一氧化碳接触。医生：从家族史方面看，家里有没有人有类似发作，或者长期的神经系统、肌肉无力、脑血管方面问题？患者：兄弟姐妹没有类似情况，家族里也没听说年轻时就手抖的。医生：最后了解一下生活习惯。您平时作息、饮食、运动、吸烟饮酒情况怎么样？最近有没有劳累、熬夜、感染或情绪波动？患者：以前从事喷漆相关工作，偶尔接触溶剂，现在已不做；平时运动少。
,,医生：您好，请坐，今天是遇到了什么突发状况？患者：医生，我刚才在家里跟老伴因为琐事吵了几句，我刚指着她想骂，突然觉得右边半个身子全麻了，手指头也伸不直，舌头也大了起来，支支吾吾说不出话。医生：情绪激动诱发的偏身麻木和言语障碍很危险。除了这些，您最近有没有频繁头晕，或者觉得记忆力突然变差了？患者：头晕有的，早上起来总觉得天旋地转。记性也差了，刚说过的话转头就忘。医生：好的。您以前有糖尿病病史吗？或者血压偏高、有房颤？患者：有糖尿病十几年了，血糖经常飙到十几。高血压也有。医生：您的直系亲属中，有没有人因为糖尿病引发严重的血管并发症或者偏瘫？患者：我妈也是糖尿病，后来并发症引起中风偏瘫了。医生：最后了解下，您平时是不是爱吃高糖高油的食物？今天吵架是不是特别生气？患者：平时爱吃红烧肉和甜点。刚才吵架确实气得浑身发抖，突然就发作了。,医生：您好，您这次来看诊，主要是哪方面的问题？患者：医生您好，主要是一侧肢体僵硬、走路拖步。大概半年前开始左侧手不自主抖，安静坐着时明显，拿东西做事反而稍微好点，最近走路也拖步。医生：请您描述一下发作或加重时的样子，包括持续时间、部位和对日常活动的影响。患者：刚开始没太在意，现在穿衣、扣扣子和走路都比以前慢很多。医生：近期精细动作、表情、写字、转身、翻身这些方面有没有变化？有没有一侧比另一侧更明显？患者：写字越来越小，左侧更明显，早上起床翻身慢，脸上表情也被家人说变少了。医生：我再问一下过去的身体情况：以前出现过这样的症状吗？有没有长期疾病、外伤、手术或正在服用的药物？患者：以前没有脑外伤，也没类似病，平时有点高血压，控制还可以。医生：再了解一下家族情况。您的父母、兄弟姐妹或子女中，有没有人出现过类似症状，或有相关的长期疾病？患者：父亲老年后有明显便秘和走路慢，不过没有系统就医。医生：我还想了解生活和诱因：最近睡眠、压力、饮食、饮酒、吸烟、运动，以及外出或特殊接触情况如何？患者：以前从事喷漆相关工作，偶尔接触溶剂，现在已不做；平时运动少。
,,医生：您好，别紧张，今天是怎么个情况让您急着过来的？患者：大夫，今天早上我去早市买菜，手里正提着两兜子西红柿，右边胳膊突然就一点力气都没了，袋子全掉在地上。我想弯腰去捡，发现右腿也直打软，根本使不上劲。旁边卖菜的老板娘吓坏了，说我连嘴巴都歪了，我自己摸了一下，嘴角真的耷拉下来了。医生：突发的单侧无力和面部不对称非常危险，必须立刻处理。除了今天早上的突发情况，您在最近这半个月内，有没有过短暂的手脚发麻，过个十几分钟又自己好了？或者最近喝水容易呛到？患者：您要是不问我都想不起来。大概五天前，我在家看报纸，右手也突然麻了一阵，连纸都捏不住，不过过了十分钟就好了，我当时还以为是颈椎病犯了压迫神经。喝水呛咳这两天确实有，喝汤老是咳得眼泪都出来。医生：这些短暂发作的先兆非常关键。那您以前有没有查出过心脏方面的问题，比如房颤、心律不齐？或者做过颈动脉超声，提示有血管斑块或狭窄？患者：我有房颤的毛病好几年了，之前大夫给我开过那种抗凝血的药，但我看说明书上写着容易引发出血，我心里害怕，就自己偷偷给停了。颈动脉斑块好像体检也说过有。医生：明白了。那您的直系亲属里，比如父母或者祖父母，有没有人得过中风偏瘫，或者有严重的心脑血管疾病？患者：我父亲就是七十多岁的时候突然偏瘫的，后来一直在床上躺到过世。医生：最后了解下您的生活习惯。您平时抽烟喝酒多吗？日常运动量怎么样？患者：我烟瘾挺大，一天至少两包烟，都抽了几十年了。平时就在家下下棋、看看电视，基本不怎么运动，走路多了也觉得累。,医生：您好，今天主要因为什么不舒服来就诊？患者：医生您好，主要是静止时手抖逐渐加重。我最近走路小碎步，转身不灵活，右侧手在休息时抖得明显，紧张时更厉害。医生：这些表现是突然出现还是逐渐加重？大概从什么时候开始，最明显影响到什么活动？患者：最近半年更明显，起步慢、翻身慢，家人说我动作像被拖住。医生：我再了解一些容易被忽略的情况：有没有流口水、吞咽变慢、声音变小、走路容易前冲或突然停住？患者：嗅觉确实差了很多，便秘也有一阵子了，晚上睡觉会说梦话，家人说我有时会踢被子。没有明显肢体麻木，也没有突然瘫倒。医生：接下来了解既往情况。您以前有没有类似发作或类似不适？平时有没有慢性病、住院史，或做过相关检查？患者：过去身体还行，没做过头部大手术，也没有反复中毒或一氧化碳接触。医生：家里直系亲属有没有发生过类似的肢体无力、抽搐、手抖、说话或走路异常等情况？患者：家里没有明确类似手抖、动作慢的人，父母年纪大后走路慢但没查过原因。医生：平时生活习惯方面，是否经常久坐、熬夜、饮食偏咸偏油、饮酒吸烟？发作前有没有特别劳累或不适？患者：每天散步不固定，喜欢久坐看电视，最近因为动作慢更不愿出门。
,,医生：您好，看您是由家属推着轮椅进来的，今天是哪里出了状况？患者：医生，我刚才正在卫生间刷牙洗脸，左手拿着漱口杯，突然手腕一软，杯子“哐当”砸碎在洗手池里。我看着镜子里的自己，发现左半边脸木木的，漱口水顺着左边嘴角一直往下漏，根本兜不住水。我想叫我老伴，结果发现自己说话变成了大舌头，含含糊糊的。医生：这种突发的面部僵硬、漏水和偏侧无力要高度重视。除了这个，您最近有没有觉得时不时地头晕，走路有点失去平衡？或者觉得最近记性特别差，刚发生的事转头就忘？患者：头晕确实有，这几天早上起床总觉得天旋地转的，走路也觉得脚底下没根，像踩在棉花上。记性也是，昨天刚买的降压药放哪儿我都死活想不起来了。医生：好的。那您以前有没有被确诊过高脂血症、糖尿病？或者以前就发生过短暂性脑缺血？患者：血脂高一直都有，坏胆固醇特别高。医生早就给我开过他汀类的降脂药，但我吃了一阵子觉得胃不舒服，就停了快半年了。糖尿病目前倒是没查出来。医生：了解了。您的家族方面，父母兄弟姐妹中，有没有人有过心梗、脑缺血之类的病史？患者：我母亲有严重的糖尿病，后来因为心梗走的。我亲大哥前几年也做过心脏搭桥手术。医生：好的。最后问问您的生活习惯。您平时的饮食是不是偏油腻？有大量饮酒的习惯吗？患者：我这人就爱吃肉，红烧肉、猪大肠是我的最爱，无肉不欢。晚上吃饭总得弄个半斤白酒透一透，不然睡不着觉。,医生：您好，请您从最开始的不舒服说起，哪里最明显？患者：医生您好，主要是手抖伴动作变慢。这1年多动作越来越慢，扣扣子、系鞋带都费劲，家人说我走路摆臂少，脸上表情也少。医生：我明白了。请您再具体说说，当时最早出现的症状是什么，后来又有什么变化？患者：不是一下子来的，是一点点加重，安静时更容易抖，紧张时也明显。医生：我再了解一些容易被忽略的情况：有没有流口水、吞咽变慢、声音变小、走路容易前冲或突然停住？患者：写字越来越小，右侧更明显，早上起床翻身慢，脸上表情也被家人说变少了。没有明显肢体麻木，也没有突然瘫倒。医生：之前身体状况怎么样？有没有类似症状、慢性病、外伤史，或体检提示过异常？患者：曾因焦虑睡不好吃过短期助眠药，没有长期规律服用其他特殊药。医生：您的家人中有没有人年轻或年老后出现过相似表现，或者被反复要求做头部、神经方面检查？患者：一个叔叔晚年手有点抖，但家里人一直以为是年纪大。医生：最后问一下，近期有没有旅行、腹泻或感冒，是否接触特殊环境？平常作息和运动规律吗？患者：每天散步不固定，喜欢久坐看电视，最近因为动作慢更不愿出门。
,,医生：您好，看您脸色不太好，今天是遇到什么突发问题了？患者：大夫，我刚才在办公室正准备敲键盘回个重要的邮件，突然发现右手食指和中指完全僵住了，接着整条右胳膊像被抽了筋一样软绵绵的。我想喊同事帮忙，脑子里很清楚要说什么，但嘴里却只能发出“啊啊”的声音，急得我满头大汗。医生：突发的右侧无力和言语表达障碍不能耽误。除了刚才的表现，您在过去的一两周里，有没有出现过短暂的单眼发黑、看不见东西，或者有过几次短暂的肢体发麻？患者：有！上周三我在开会的时候，右眼突然像拉了窗帘一样黑了大概一分钟，当时把我吓坏了，但后来视力又恢复正常了，我就以为是工作太累眼花。医生：单眼黑矇是非常重要的早期信号。那您既往有没有高血压病史？或者有没有查出过颈部血管有长斑块、狭窄？患者：高血压有五年了，高压经常150以上，但我平时忙，经常忘了吃药。去年的体检报告上确实写了双侧颈动脉有硬化斑块形成。医生：您的父母或者长辈里，有没有人得过偏瘫、血管堵塞的疾病？患者：我爷爷以前就是脑部血管堵塞偏瘫的，我爸也有高血压。医生：明白了。您平时的工作状态是怎样的？是不是经常熬夜、精神压力特别大？患者：我是做互联网项目的，几乎天天加班到凌晨，熬夜是常态，压力大得经常失眠，饿了就点重油重盐的外卖。,医生：您好，今天主要因为什么不舒服来就诊？患者：医生您好，主要是手抖伴动作变慢。我最近走路小碎步，转身不灵活，右侧手在休息时抖得明显，紧张时更厉害。医生：好的。这个情况持续了多久？中间有没有完全缓解，还是一直存在或越来越明显？患者：刚开始没太在意，现在穿衣、扣扣子和走路都比以前慢很多。医生：近期精细动作、表情、写字、转身、翻身这些方面有没有变化？有没有一侧比另一侧更明显？患者：写字越来越小，右侧更明显，早上起床翻身慢，脸上表情也被家人说变少了。没有明显肢体麻木，也没有突然瘫倒。医生：接下来了解既往情况。您以前有没有类似发作或类似不适？平时有没有慢性病、住院史，或做过相关检查？患者：曾因焦虑睡不好吃过短期助眠药，没有长期规律服用其他特殊药。医生：您的家人中有没有人年轻或年老后出现过相似表现，或者被反复要求做头部、神经方面检查？患者：一个叔叔晚年手有点抖，但家里人一直以为是年纪大。医生：最后问一下，近期有没有旅行、腹泻或感冒，是否接触特殊环境？平常作息和运动规律吗？患者：退休后活动少，平时喜欢喝茶，不怎么锻炼，睡眠不太规律。
,,医生：您好，别着急，今天是哪里不舒服赶紧过来了？患者：医生，我刚才开车在下班路上，想踩刹车的时候，发现右脚根本抬不起来，脚底板直打滑，怎么都踩不到踏板上，差点追尾前面的车。我赶紧拉了手刹停在路边，这时候觉得右半边脸像敷了层厚厚的麻药，一点感觉都没了。医生：这太危险了，幸好您及时停下了。除了右侧手脚和面部的麻木无力，您最近有没有觉得头转动的时候会突然一阵眩晕？或者平时吃东西吞咽觉得费力？患者：转头眩晕是有的，前几天我倒车的时候猛地一回头，晕得我直犯恶心。吞咽倒还好，就是觉得右边舌头有些不听使唤，嚼东西容易咬到自己。医生：好的。您以前有糖尿病的病史吗？或者有没有查出过同型半胱氨酸偏高这类血管危险因素？患者：我有二型糖尿病好几年了，平时爱吃甜的，血糖控制得一塌糊涂。您说的那个什么酸我没查过，不太懂。医生：了解。家族长辈里，比如父母，有没有得过中风或者糖尿病的并发症？患者：我妈也是糖尿病，后来并发症严重，突发脑溢血没的。医生：最后了解下您的生活习惯。您平时缺乏运动吗？体重是不是有点超标？患者：我是个大胖子，体重快两百斤了。平时上下班都是开车，到了单位就坐一天，根本没时间也没精力去运动。,医生：您好，我先了解一下，最让您担心的症状是什么？患者：医生您好，主要是写字变小伴翻身困难。我最近走路小碎步，转身不灵活，右侧手在休息时抖得明显，紧张时更厉害。医生：请您描述一下发作或加重时的样子，包括持续时间、部位和对日常活动的影响。患者：最近半年更明显，起步慢、翻身慢，家人说我动作像被拖住。医生：近期精细动作、表情、写字、转身、翻身这些方面有没有变化？有没有一侧比另一侧更明显？患者：写字越来越小，右侧更明显，早上起床翻身慢，脸上表情也被家人说变少了。医生：关于既往史，您之前有没有因为神经、头部、肌肉无力或意识变化等问题就医？平时有什么基础病？患者：过去身体还行，没做过头部大手术，也没有反复中毒或一氧化碳接触。医生：您的家人中有没有人年轻或年老后出现过相似表现，或者被反复要求做头部、神经方面检查？患者：一个叔叔晚年手有点抖，但家里人一直以为是年纪大。医生：我还想了解生活和诱因：最近睡眠、压力、饮食、饮酒、吸烟、运动，以及外出或特殊接触情况如何？患者：每天散步不固定，喜欢久坐看电视，最近因为动作慢更不愿出门。
,,医生：您好，看您是被搀扶着进来的，今天主要是怎么了？患者：医生，我刚才在院子里给花草松土，手里拿着个小铁铲，突然左手就松开了，铁铲砸在脚背上。我想站起来走两步，发现左腿像灌了铅一样拖在地上走，鞋底在地上摩擦得直响，半边身子完全麻木了。医生：单侧的偏瘫和麻木很典型。除了这个，您在最近一两个月里，有没有发生过短暂的这种没力气，后来又完全恢复了？或者有没有经常觉得剧烈头晕？患者：大概一个月前，我确实有过一次左手端碗端不住的情况，但只持续了三五分钟，我以为是干农活累着肌肉了，没管它。头晕倒是没有，就是觉得没精神。医生：好的。您以前确诊过心脏房颤吗？或者有没有高血压、高血脂这些基础病？患者：房颤查出来过，大夫说我心跳不规律，容易长血栓。血压也有点偏高。医生：您的父母兄弟姐妹里，有没有年轻时或者中老年时突发中风的？患者：我亲哥哥才五十出头的时候，就因为脑子血管堵了，现在还在做康复训练。医生：了解。您平时喝酒多吗？有没有高脂肪的饮食习惯？患者：我就爱喝酒，每天中午和晚上都得喝半斤散装白酒，下酒菜也是爱吃肥肉、炸花生米这些油大的。,医生：您好，今天主要因为什么不舒服来就诊？患者：医生您好，主要是静止时手抖逐渐加重。大概3年前开始左侧手不自主抖，安静坐着时明显，拿东西做事反而稍微好点，最近走路也拖步。医生：好的。这个情况持续了多久？中间有没有完全缓解，还是一直存在或越来越明显？患者：大概从3年前慢慢出现，最早是左侧手不灵活，后来走路、转身、写字都受影响。医生：除了抖和动作慢，您有没有嗅觉变差、便秘、睡觉时大声说梦话或手脚乱动，情绪低落，或者站起来头晕？患者：写字越来越小，左侧更明显，早上起床翻身慢，脸上表情也被家人说变少了。没有明显肢体麻木，也没有突然瘫倒。医生：我再问一下过去的身体情况：以前出现过这样的症状吗？有没有长期疾病、外伤、手术或正在服用的药物？患者：过去身体还行，没做过头部大手术，也没有反复中毒或一氧化碳接触。医生：您的家人中有没有人年轻或年老后出现过相似表现，或者被反复要求做头部、神经方面检查？患者：家里没有明确类似手抖、动作慢的人，父母年纪大后走路慢但没查过原因。医生：我还想了解生活和诱因：最近睡眠、压力、饮食、饮酒、吸烟、运动，以及外出或特殊接触情况如何？患者：饮食还可以，但蔬菜水果吃得少，便秘后也没有规律运动。
,,医生：您好，看您说话很费力，今天是哪里突发了异常？患者：医生，我在厨房炒菜，左手拿着锅盖，突然左手就没了知觉，锅盖掉进锅里溅了我一身油。我赶紧往后退，左腿也软绵绵的，整个人往右边踉跄了好几步才扶住墙。医生：突发的单侧麻木和肢体无力不能耽误。除了这些，您这两天有没有觉得突然站起来的时候天旋地转？或者前几天有没有过突然说不出话的短暂经历？患者：从蹲着猛地站起来的时候，确实会眼前发黑、头晕目眩的。说不出话倒没有，但我前天晚上看电视的时候，左半边脸突然木了几分钟。医生：这些都是血管缺血的先兆。您以前有没有做过颈部血管彩超，查出过颈动脉狭窄？或者有糖尿病史？患者：去年体检做彩超，大夫说我左边颈动脉狭窄程度挺高的，超过了百分之六十，让我去大医院看，我嫌麻烦没去。糖尿病倒没有。医生：那您的父母亲属中，有没有人发生过偏瘫或者血管堵塞的情况？患者：我爸和我大伯，都是因为脑血管堵塞导致偏瘫的。医生：了解。您平时抽烟厉害吗？睡眠质量怎么样？患者：烟瘾极大，一天两三包。最近这段时间失眠很严重，经常熬到后半夜两三点才勉强睡着。,医生：您好，我先了解一下，最让您担心的症状是什么？患者：医生您好，主要是一侧肢体僵硬、走路拖步。大概3年前开始左侧手不自主抖，安静坐着时明显，拿东西做事反而稍微好点，最近走路也拖步。医生：请您描述一下发作或加重时的样子，包括持续时间、部位和对日常活动的影响。患者：不是一下子来的，是一点点加重，安静时更容易抖，紧张时也明显。医生：我再了解一些容易被忽略的情况：有没有流口水、吞咽变慢、声音变小、走路容易前冲或突然停住？患者：声音比以前小，吃饭咽得慢一些，走路有时像刹不住往前冲，转身要分好几步。没有明显肢体麻木，也没有突然瘫倒。医生：我再问一下过去的身体情况：以前出现过这样的症状吗？有没有长期疾病、外伤、手术或正在服用的药物？患者：过去身体还行，没做过头部大手术，也没有反复中毒或一氧化碳接触。医生：您的家人中有没有人年轻或年老后出现过相似表现，或者被反复要求做头部、神经方面检查？患者：兄弟姐妹没有类似情况，家族里也没听说年轻时就手抖的。医生：最后问一下，近期有没有旅行、腹泻或感冒，是否接触特殊环境？平常作息和运动规律吗？患者：以前从事喷漆相关工作，偶尔接触溶剂，现在已不做；平时运动少。
,,医生：您好，看您是被交警同志送来的，路上发生什么了？患者：医生，我刚才在马路上遛狗，左手牵着狗绳。那狗跑得快，我左手突然一酸，狗绳就脱手了。我想去追，发现左脚像被胶水粘在了地上，拖着走，整个人直接摔在了人行道上，半边脸也觉得麻木了。医生：单侧下肢拖步和上肢脱力，伴随面部麻木，必须立刻重视。除了这些，您在这之前有没有发生过短暂的眩晕，或者吃饭喝汤的时候频繁呛咳？患者：这半个月来，我喝汤老是呛到，总觉得喉咙这块的肌肉不太听使唤。眩晕也偶尔会有，感觉房子都在转。医生：这些细节很有价值。您既往有没有房颤的病史？或者有没有查出过高血压、颈动脉硬化？患者：我有房颤，心跳一直乱糟糟的。高血压也有，但因为没觉得难受，我就没怎么吃药。颈动脉硬化体检时也提过。医生：您的父母兄弟里，有没有中风偏瘫的病史？患者：我父亲就是七十岁的时候突发脑梗偏瘫卧床的。医生：最后问问，您平时的工作性质是不是经常久坐？工作压力大不大？患者：我是长途货车司机，一坐就是十几个小时，精神高度紧张，平时吃饭饥一顿饱一顿的，还经常抽烟提神。,医生：您好，今天主要因为什么不舒服来就诊？患者：医生您好，主要是手抖伴动作变慢。大概半年前开始左侧手不自主抖，安静坐着时明显，拿东西做事反而稍微好点，最近走路也拖步。医生：这些表现是突然出现还是逐渐加重？大概从什么时候开始，最明显影响到什么活动？患者：刚开始没太在意，现在穿衣、扣扣子和走路都比以前慢很多。医生：我再了解一些容易被忽略的情况：有没有流口水、吞咽变慢、声音变小、走路容易前冲或突然停住？患者：写字越来越小，左侧更明显，早上起床翻身慢，脸上表情也被家人说变少了。没有明显肢体麻木，也没有突然瘫倒。医生：我再问一下过去的身体情况：以前出现过这样的症状吗？有没有长期疾病、外伤、手术或正在服用的药物？患者：几年前有腰腿疼，但没有影响手抖；没有长期服用精神类药物。医生：从家族史方面看，家里有没有人有类似发作，或者长期的神经系统、肌肉无力、脑血管方面问题？患者：父亲老年后有明显便秘和走路慢，不过没有系统就医。医生：平时生活习惯方面，是否经常久坐、熬夜、饮食偏咸偏油、饮酒吸烟？发作前有没有特别劳累或不适？患者：退休后活动少，平时喜欢喝茶，不怎么锻炼，睡眠不太规律。
,,医生：您好，看您是被朋友背进来的，今天是怎么个突发情况？患者：大夫，我刚才在棋牌室打麻将，正准备伸手碰牌呢，右手突然像没骨头一样软了，麻将全掉地上了。我想说话，结果舌头根本不听使唤，嘴巴也歪到了一边，哈喇子都不受控制地流出来了，牌友吓得赶紧把我背过来了。医生：突发的偏身无力、口角歪斜和言语不清非常危险。除了这些，这几天您有没有经历过短暂的单眼发黑，或者喝水吃饭时容易呛到气管里？患者：喝水呛到确实有，前天喝茶呛得我差点背过气去，还以为是喝太急了。眼睛发黑倒没有，就是昨天晚上觉得右手手指麻了几分钟，我以为是打牌累的压到神经了。医生：这种短暂的麻木和呛咳是很关键的早期信号。那您以前有查出过心脏房颤，或者颈部血管有斑块狭窄吗？有没有高血糖？患者：有房颤，之前大夫让我吃那种防血栓的药，我嫌贵就自己换成便宜的保健品吃了。血糖倒是正常。医生：了解。您的直系亲属里，比如父母，有没有人得过中风或者心梗的？患者：我父亲就是因为脑子里的血管堵了，偏瘫了好几年才走的，我这不会是遗传吧？医生：家族史我会记录在案。最后了解下您的生活习惯。您平时抽烟多吗？是不是经常久坐不活动？患者：我打麻将的时候烟不离手，一天起码两包半。平时就在麻将桌上一坐一整天，除了上厕所基本不挪窝。,医生：您好，请您从最开始的不舒服说起，哪里最明显？患者：医生您好，主要是写字变小伴翻身困难。我最近走路小碎步，转身不灵活，右侧手在休息时抖得明显，紧张时更厉害。医生：请您描述一下发作或加重时的样子，包括持续时间、部位和对日常活动的影响。患者：不是一下子来的，是一点点加重，安静时更容易抖，紧张时也明显。医生：我再了解一些容易被忽略的情况：有没有流口水、吞咽变慢、声音变小、走路容易前冲或突然停住？患者：声音比以前小，吃饭咽得慢一些，走路有时像刹不住往前冲，转身要分好几步。医生：接下来了解既往情况。您以前有没有类似发作或类似不适？平时有没有慢性病、住院史，或做过相关检查？患者：以前没有脑外伤，也没类似病，平时有点高血压，控制还可以。医生：从家族史方面看，家里有没有人有类似发作，或者长期的神经系统、肌肉无力、脑血管方面问题？患者：兄弟姐妹没有类似情况，家族里也没听说年轻时就手抖的。医生：最后了解一下生活习惯。您平时作息、饮食、运动、吸烟饮酒情况怎么样？最近有没有劳累、熬夜、感染或情绪波动？患者：每天散步不固定，喜欢久坐看电视，最近因为动作慢更不愿出门。
,,医生：您好，请坐，看您表情很痛苦，今天是哪里感觉不对劲？患者：医生，我在阳台晾衣服，正拿着撑衣杆想把衣服挂到最上面，左手突然一点劲都使不上，撑衣杆直接砸我脑袋上了。接着左腿也一阵发软，整个人瘫坐在阳台上，我现在左边半个身子像敷了冰块一样，又麻又沉。医生：突发的单侧麻木和肢体无力不能耽误。除了刚才的表现，您在过去的一两周里，有没有出现过突然一阵头晕目眩，或者记忆力突然变得特别差？患者：头晕有的！大概一周前，我早上起床猛地一回头，晕得我天旋地转，扶着床沿缓了好半天。记忆力也奇怪，前几天老伴让我买盐，我到了超市怎么都想不起来要买啥。医生：好的，这些我记下了。您以前有没有高血压、糖尿病病史？或者体检有没有提示过颈动脉硬化？患者：我有高血压和糖尿病，都是老毛病了，平时吃药也不太规律，想起来就吃一顿。颈动脉硬化好像也有。医生：您的父母或者长辈里，有没有人得过偏瘫、血管严重堵塞的疾病？患者：我母亲有严重的糖尿病并发症，后来中风了，话都说不清楚。医生：明白了。您平时的饮食口味怎么样？日常有没有规律的体育锻炼？患者：我平时喜欢吃剩菜剩饭，口味比较咸。平时家务活多，根本没时间专门去锻炼身体，累了就躺着。,医生：您好，您这次来看诊，主要是哪方面的问题？患者：医生您好，主要是写字变小伴翻身困难。我最近走路小碎步，转身不灵活，右侧手在休息时抖得明显，紧张时更厉害。医生：这些表现是突然出现还是逐渐加重？大概从什么时候开始，最明显影响到什么活动？患者：刚开始没太在意，现在穿衣、扣扣子和走路都比以前慢很多。医生：除了抖和动作慢，您有没有嗅觉变差、便秘、睡觉时大声说梦话或手脚乱动，情绪低落，或者站起来头晕？患者：写字越来越小，右侧更明显，早上起床翻身慢，脸上表情也被家人说变少了。没有明显肢体麻木，也没有突然瘫倒。医生：之前身体状况怎么样？有没有类似症状、慢性病、外伤史，或体检提示过异常？患者：以前没有脑外伤，也没类似病，平时有点高血压，控制还可以。医生：从家族史方面看，家里有没有人有类似发作，或者长期的神经系统、肌肉无力、脑血管方面问题？患者：父亲老年后有明显便秘和走路慢，不过没有系统就医。医生：最后了解一下生活习惯。您平时作息、饮食、运动、吸烟饮酒情况怎么样？最近有没有劳累、熬夜、感染或情绪波动？患者：退休后活动少，平时喜欢喝茶，不怎么锻炼，睡眠不太规律。
,,医生：您好，看您脸色煞白，今天主要是哪里出问题了？患者：医生，我刚才在厨房切土豆丝，左手按着土豆，右手拿刀，突然左手就没了知觉，土豆滚跑了，刀差点切到手。接着我感觉左半边脸像戴了个面具一样僵硬，连话都说不清楚了。医生：突发的单侧上肢无力和面部僵硬很危险。除了这些，您最近有没有觉得走路容易往一边偏，或者觉得剧烈头晕，甚至喝水容易呛咳？患者：头晕确实有，昨天早上起床晕得我直恶心。走路这几天老伴也说我怎么有点瘸，总往左边倾斜，像喝醉了酒似的。喝水倒是没怎么呛到。医生：好的，这些情况我都记录下来了。那您以前有没有心脏病史，比如心房纤颤？或者有没有高血脂症？患者：心脏确实有问题，大夫说过我心律不齐，有房颤。血脂也高，但我平时没觉得有什么不舒服，就把药给停了。医生：您的直系亲属里，有没有得过心梗或者脑缺血的？患者：我母亲以前心脏不好，后来也是突发脑血管的病走的。医生：了解。您平时运动吗？是不是体重偏胖，喜欢吃肥腻的食物？患者：我很胖，一米七的个头快一百九十斤了。平时最爱吃红烧肘子和扣肉，平时除了上下班基本不走路，更别提运动了。,医生：您好，请您从最开始的不舒服说起，哪里最明显？患者：医生您好，主要是一侧肢体僵硬、走路拖步。我最近走路小碎步，转身不灵活，左侧手在休息时抖得明显，紧张时更厉害。医生：好的。这个情况持续了多久？中间有没有完全缓解，还是一直存在或越来越明显？患者：刚开始没太在意，现在穿衣、扣扣子和走路都比以前慢很多。医生：我再了解一些容易被忽略的情况：有没有流口水、吞咽变慢、声音变小、走路容易前冲或突然停住？患者：嗅觉确实差了很多，便秘也有一阵子了，晚上睡觉会说梦话，家人说我有时会踢被子。医生：接下来了解既往情况。您以前有没有类似发作或类似不适？平时有没有慢性病、住院史，或做过相关检查？患者：几年前有腰腿疼，但没有影响手抖；没有长期服用精神类药物。医生：从家族史方面看，家里有没有人有类似发作，或者长期的神经系统、肌肉无力、脑血管方面问题？患者：家里没有明确类似手抖、动作慢的人，父母年纪大后走路慢但没查过原因。医生：最后问一下，近期有没有旅行、腹泻或感冒，是否接触特殊环境？平常作息和运动规律吗？患者：每天散步不固定，喜欢久坐看电视，最近因为动作慢更不愿出门。
,,医生：您好，别急，今天是哪里突发了不舒服？患者：大夫，我刚才在公园里遛鸟，双手提着鸟笼子，突然右边胳膊一酸，鸟笼子直接掉在地上摔坏了。我刚想蹲下去捡，右腿一点支撑力都没有，直接趴在了地上，而且右半边身子一点感觉都没了。医生：这种突发的偏身麻木无力不能大意。除了今天的情况，您在这半个月里，有没有发生过短暂的说话说不利索，或者眼前突然黑了一下的经历？患者：半个月前有一次，我在和邻居聊天，突然有大概两三分钟，脑子里想说的话就是表达不出来，变成了“大舌头”，后来自己又好了，我以为是太累了。医生：短暂性失语是极其危险的缺血信号。那您以前有没有被确诊过糖尿病或者高血压？有没有查出过血管狭窄？患者：糖尿病有七八年了，我每天都要打胰岛素。颈部血管狭窄也有，医生说狭窄程度挺高的，让我做手术我没敢做。医生：您的家族里，有没有长辈得过偏瘫或者糖尿病并发症？患者：我妈也是几十年的糖尿病，最后是因为脑部血管的问题偏瘫在床上的。医生：明白了。您平时抽烟吗？平时是不是经常静坐不动？患者：我一天抽一包多烟。平时没事就在公园长椅上一坐半天，确实不怎么爱动弹。,医生：您好，您这次来看诊，主要是哪方面的问题？患者：医生您好，主要是走路前冲、起步费劲。我最近走路小碎步，转身不灵活，右侧手在休息时抖得明显，紧张时更厉害。医生：好的。这个情况持续了多久？中间有没有完全缓解，还是一直存在或越来越明显？患者：大概从2个月前慢慢出现，最早是右侧手不灵活，后来走路、转身、写字都受影响。医生：除了抖和动作慢，您有没有嗅觉变差、便秘、睡觉时大声说梦话或手脚乱动，情绪低落，或者站起来头晕？患者：嗅觉确实差了很多，便秘也有一阵子了，晚上睡觉会说梦话，家人说我有时会踢被子。医生：关于既往史，您之前有没有因为神经、头部、肌肉无力或意识变化等问题就医？平时有什么基础病？患者：曾因焦虑睡不好吃过短期助眠药，没有长期规律服用其他特殊药。医生：再了解一下家族情况。您的父母、兄弟姐妹或子女中，有没有人出现过类似症状，或有相关的长期疾病？患者：兄弟姐妹没有类似情况，家族里也没听说年轻时就手抖的。医生：最后了解一下生活习惯。您平时作息、饮食、运动、吸烟饮酒情况怎么样？最近有没有劳累、熬夜、感染或情绪波动？患者：退休后活动少，平时喜欢喝茶，不怎么锻炼，睡眠不太规律。
,,医生：您好，看您是由交警送过来的，路上出什么事了？患者：医生，我刚才开车等红绿灯，绿灯亮了我准备换挡起步，发现右手完全僵住了，根本握不住档把。我想踩油门，右腿也像木头一样没知觉。后车一直按喇叭，我想摇下车窗解释，结果发现自己嘴巴歪了，说话直漏风。医生：这种在驾驶时突发的偏侧无力和面瘫太危险了。除了这些，您这几天有没有觉得频繁头晕，或者觉得吞咽东西有困难，甚至记忆力明显下降？患者：头晕有的，最近一到下午就觉得昏昏沉沉的。吞东西也觉得嗓子眼有异物感，前天吃胶囊卡在喉咙里半天下不去。医生：好的。您以前有冠心病、房颤吗？或者有没有高血压、高血脂？患者：我有冠心病，平时偶尔会胸闷。高血脂也有，血稠得像粥一样，医生给我开的他汀，我经常忘记吃。医生：您的父母或者亲属里，有没有人有过脑梗死或者心肌梗死的病史？患者：我大舅和我父亲，都是因为突发的心肌梗死走的。医生：了解。最后了解下，您平时的工作性质是不是经常久坐？有没有大量抽烟的习惯？患者：我是开出租车的，一天在车上坐十几个小时，吃饭也不规律。为了提神，烟是一根接一根地抽。,医生：您好，今天主要因为什么不舒服来就诊？患者：医生您好，主要是手抖伴动作变慢。我最近走路小碎步，转身不灵活，左侧手在休息时抖得明显，紧张时更厉害。医生：我明白了。请您再具体说说，当时最早出现的症状是什么，后来又有什么变化？患者：刚开始没太在意，现在穿衣、扣扣子和走路都比以前慢很多。医生：除了抖和动作慢，您有没有嗅觉变差、便秘、睡觉时大声说梦话或手脚乱动，情绪低落，或者站起来头晕？患者：嗅觉确实差了很多，便秘也有一阵子了，晚上睡觉会说梦话，家人说我有时会踢被子。没有明显肢体麻木，也没有突然瘫倒。医生：我再问一下过去的身体情况：以前出现过这样的症状吗？有没有长期疾病、外伤、手术或正在服用的药物？患者：以前没有脑外伤，也没类似病，平时有点高血压，控制还可以。医生：从家族史方面看，家里有没有人有类似发作，或者长期的神经系统、肌肉无力、脑血管方面问题？患者：父亲老年后有明显便秘和走路慢，不过没有系统就医。医生：最后了解一下生活习惯。您平时作息、饮食、运动、吸烟饮酒情况怎么样？最近有没有劳累、熬夜、感染或情绪波动？患者：每天散步不固定，喜欢久坐看电视，最近因为动作慢更不愿出门。
,,医生：您好，看您走路是一瘸一拐被扶进来的，今天发生了什么事？患者：大夫，我刚才在河边钓鱼，正准备提竿溜鱼呢，右手突然一松，鱼竿直接掉水里了。我想站起来去捞，右腿一点力气都没有，直接跪在泥地上了。现在我说话也觉得舌头短了一截。医生：突发的右侧肢体无力和舌头僵硬不能大意。除了这个，您最近几天有没有觉得头晕得厉害，或者吃饭喝水容易呛到？患者：这几天喝水确实容易呛，昨天喝口茶咳了半天。头晕也有点，总觉得轻飘飘的。医生：好的。那您以前有没有房颤、心律不齐？或者查出过颈动脉斑块、高血脂？患者：血脂高好几年了，医生开的他汀我嫌伤肝没吃。心跳有时候也乱，没当回事。医生：您的直系亲属里，有没有人得过中风或者严重心血管病的？患者：我父亲以前就是突然中风，半身不遂走的。医生：了解。您平时抽烟喝酒多吗？是不是坐在江边一钓就是一整天？患者：烟不离手，一天两包。钓鱼一坐就是大半天，确实很少走动。,医生：您好，请您从最开始的不舒服说起，哪里最明显？患者：医生您好，主要是一侧肢体僵硬、走路拖步。这3年动作越来越慢，扣扣子、系鞋带都费劲，家人说我走路摆臂少，脸上表情也少。医生：我明白了。请您再具体说说，当时最早出现的症状是什么，后来又有什么变化？患者：不是一下子来的，是一点点加重，安静时更容易抖，紧张时也明显。医生：我再了解一些容易被忽略的情况：有没有流口水、吞咽变慢、声音变小、走路容易前冲或突然停住？患者：声音比以前小，吃饭咽得慢一些，走路有时像刹不住往前冲，转身要分好几步。没有明显肢体麻木，也没有突然瘫倒。医生：接下来了解既往情况。您以前有没有类似发作或类似不适？平时有没有慢性病、住院史，或做过相关检查？患者：以前没有脑外伤，也没类似病，平时有点高血压，控制还可以。医生：您的家人中有没有人年轻或年老后出现过相似表现，或者被反复要求做头部、神经方面检查？患者：父亲老年后有明显便秘和走路慢，不过没有系统就医。医生：平时生活习惯方面，是否经常久坐、熬夜、饮食偏咸偏油、饮酒吸烟？发作前有没有特别劳累或不适？患者：以前从事喷漆相关工作，偶尔接触溶剂，现在已不做；平时运动少。
,,医生：您好，请坐。今天是遇到什么突发情况了？患者：医生，我在公园打太极拳，刚做到“白鹤亮翅”，左手突然就举不起来了，像面条一样垂下去了，左腿也跟着发软。拳友说我脸都歪了，口水也不自觉地流。医生：突发的单侧无力和面部神经不受控非常危险。除了这个，您在这两周里有没有过短暂的眼前发黑，或者手指突然发麻？患者：前天确实有过一次左眼突然黑了，啥也看不见，大概一分钟又亮了，我以为是起猛了。医生：单眼黑矇是重要的早期信号。您以前查出过糖尿病或者高血压吗？有没有做过颈部血管超声？患者：糖尿病有五年了，血糖一直控制得不好。颈部血管没查过。医生：您的父母兄弟里，有没有人有严重的脑血管堵塞或者偏瘫病史？患者：我大哥前年就是脑血管堵了，现在还在康复期。医生：最后问问，您平时的饮食是不是偏甜偏油？平时是不是经常熬夜？患者：我特别爱吃甜点和红烧肉，体重一直超标。晚上经常刷手机到半夜。,医生：您好，我先了解一下，最让您担心的症状是什么？患者：医生您好，主要是静止时手抖逐渐加重。先是右侧胳膊僵硬，后来写字越写越小，晚上翻身困难，起步要停一下才能迈开。医生：这些表现是突然出现还是逐渐加重？大概从什么时候开始，最明显影响到什么活动？患者：刚开始没太在意，现在穿衣、扣扣子和走路都比以前慢很多。医生：我再了解一些容易被忽略的情况：有没有流口水、吞咽变慢、声音变小、走路容易前冲或突然停住？患者：声音比以前小，吃饭咽得慢一些，走路有时像刹不住往前冲，转身要分好几步。意识一直清楚，只是动作慢。医生：关于既往史，您之前有没有因为神经、头部、肌肉无力或意识变化等问题就医？平时有什么基础病？患者：几年前有腰腿疼，但没有影响手抖；没有长期服用精神类药物。医生：家里直系亲属有没有发生过类似的肢体无力、抽搐、手抖、说话或走路异常等情况？患者：父亲老年后有明显便秘和走路慢，不过没有系统就医。医生：我还想了解生活和诱因：最近睡眠、压力、饮食、饮酒、吸烟、运动，以及外出或特殊接触情况如何？患者：退休后活动少，平时喜欢喝茶，不怎么锻炼，睡眠不太规律。
,,医生：您好，看您脸色煞白，今天是哪里感觉不对劲？患者：大夫，我刚才在办公室敲键盘，突然右手手指怎么也按不下去键了，整个右胳膊像被冻住了一样没知觉。我想喊同事，结果嘴里只能发出啊啊的声音，根本说不出话。医生：这种突发的上肢麻木和失语必须立刻就诊。除了这些，您最近有没有频繁打哈欠，觉得特别困倦，或者有过短暂的头晕？患者：最近确实一直打哈欠，明明昨晚睡够了，白天还是困得睁不开眼，脑子也昏昏沉沉的。医生：好的。您以前有没有高血压病史？或者体检有没有提示过同型半胱氨酸偏高、血脂异常？患者：血压偏高一直都有。体检说我血脂稠，让我吃药，我工作忙经常忘。医生：您的家族里，比如长辈，有没有人发生过心梗或者脑梗死？患者：我妈有冠心病，我大伯是脑梗去世的。医生：明白了。您平时工作压力大不大？有没有抽烟习惯？患者：做IT的天天加班，压力大得喘不过气，全靠抽烟提神，一天一包半。,医生：您好，今天主要因为什么不舒服来就诊？患者：医生您好，主要是静止时手抖逐渐加重。先是右侧胳膊僵硬，后来写字越写越小，晚上翻身困难，起步要停一下才能迈开。医生：请您描述一下发作或加重时的样子，包括持续时间、部位和对日常活动的影响。患者：刚开始没太在意，现在穿衣、扣扣子和走路都比以前慢很多。医生：我再了解一些容易被忽略的情况：有没有流口水、吞咽变慢、声音变小、走路容易前冲或突然停住？患者：声音比以前小，吃饭咽得慢一些，走路有时像刹不住往前冲，转身要分好几步。意识一直清楚，只是动作慢。医生：关于既往史，您之前有没有因为神经、头部、肌肉无力或意识变化等问题就医？平时有什么基础病？患者：过去身体还行，没做过头部大手术，也没有反复中毒或一氧化碳接触。医生：从家族史方面看，家里有没有人有类似发作，或者长期的神经系统、肌肉无力、脑血管方面问题？患者：父亲老年后有明显便秘和走路慢，不过没有系统就医。医生：平时生活习惯方面，是否经常久坐、熬夜、饮食偏咸偏油、饮酒吸烟？发作前有没有特别劳累或不适？患者：饮食还可以，但蔬菜水果吃得少，便秘后也没有规律运动。
,,医生：您好，别着急，今天是哪里不舒服赶紧过来了？患者：医生，我在家里正抱着刚满月的小孙子，左胳膊突然一阵发酸，接着就彻底没力气了，差点把孙子摔了。我老伴过来抢孩子，发现我嘴巴也歪了，说话直漏风。医生：突发的单侧脱力和口眼歪斜要高度重视。除了这个，最近这半个月，您有没有发现自己走路总是不自觉地往左边偏，或者吞东西困难？患者：您一说还真是，这几天走路总觉得左脚绊右脚。昨天吃馒头老觉得咽不下去，卡在嗓子眼。医生：这些情况很有价值。您以前有冠心病、房颤吗？或者查出过颈部血管狭窄？患者：有冠心病，心跳也经常乱跳，大夫说是房颤，但我没吃抗凝药。医生：那您的父母亲属中，有没有人发生过偏瘫或者血管堵塞的情况？患者：我父亲就是因为心脏病和偏瘫卧床多年的。医生：了解。您平时饮食口味重吗？抱孙子前有没有大量抽烟？患者：我是老烟民了，刚才刚抽完两根烟进屋抱孩子的。饭菜也喜欢吃油大的。,医生：您好，今天主要因为什么不舒服来就诊？患者：医生您好，主要是写字变小伴翻身困难。先是右侧胳膊僵硬，后来写字越写越小，晚上翻身困难，起步要停一下才能迈开。医生：好的。这个情况持续了多久？中间有没有完全缓解，还是一直存在或越来越明显？患者：最近半年更明显，起步慢、翻身慢，家人说我动作像被拖住。医生：近期精细动作、表情、写字、转身、翻身这些方面有没有变化？有没有一侧比另一侧更明显？患者：嗅觉确实差了很多，便秘也有一阵子了，晚上睡觉会说梦话，家人说我有时会踢被子。没有明显肢体麻木，也没有突然瘫倒。医生：之前身体状况怎么样？有没有类似症状、慢性病、外伤史，或体检提示过异常？患者：曾因焦虑睡不好吃过短期助眠药，没有长期规律服用其他特殊药。医生：再了解一下家族情况。您的父母、兄弟姐妹或子女中，有没有人出现过类似症状，或有相关的长期疾病？患者：家里没有明确类似手抖、动作慢的人，父母年纪大后走路慢但没查过原因。医生：最后了解一下生活习惯。您平时作息、饮食、运动、吸烟饮酒情况怎么样？最近有没有劳累、熬夜、感染或情绪波动？患者：饮食还可以，但蔬菜水果吃得少，便秘后也没有规律运动。
,,医生：您好，看您是被家属扶着来的，今天是怎么了？患者：大夫，我在茶馆跟朋友喝茶，端起茶杯刚想喝，右手突然一抖，茶杯摔得粉碎。我想说话解释，结果舌头直打结，口水也流到了衣服上。医生：突发的手部无力和言语不清不能耽误。除了刚才的情况，您最近几天有没有觉得眼前突然发黑，或者经历过几分钟的手脚发麻？患者：前天右手确实麻过一阵子，我以为是压着神经了。眼前发黑倒没有。医生：好的。您以前查出过高血压或者高脂血症吗？有没有颈动脉斑块？患者：血脂一直很高，颈动脉超声说有硬化斑块，大夫让我吃他汀，我没坚持吃。医生：您的家族里，有没有人有过中风或者心脑血管疾病的病史？患者：我母亲以前就是突发中风走的。医生：明白了。您平时抽烟喝酒多吗？是不是经常坐着不怎么运动？患者：每天晚上都要喝半斤白酒，抽一包烟。平时就在茶馆一坐大半天，很少运动。,医生：您好，今天主要因为什么不舒服来就诊？患者：医生您好，主要是一侧肢体僵硬、走路拖步。我最近走路小碎步，转身不灵活，左侧手在休息时抖得明显，紧张时更厉害。医生：这些表现是突然出现还是逐渐加重？大概从什么时候开始，最明显影响到什么活动？患者：大概从3年前慢慢出现，最早是左侧手不灵活，后来走路、转身、写字都受影响。医生：近期精细动作、表情、写字、转身、翻身这些方面有没有变化？有没有一侧比另一侧更明显？患者：声音比以前小，吃饭咽得慢一些，走路有时像刹不住往前冲，转身要分好几步。医生：接下来了解既往情况。您以前有没有类似发作或类似不适？平时有没有慢性病、住院史，或做过相关检查？患者：过去身体还行，没做过头部大手术，也没有反复中毒或一氧化碳接触。医生：从家族史方面看，家里有没有人有类似发作，或者长期的神经系统、肌肉无力、脑血管方面问题？患者：一个叔叔晚年手有点抖，但家里人一直以为是年纪大。医生：平时生活习惯方面，是否经常久坐、熬夜、饮食偏咸偏油、饮酒吸烟？发作前有没有特别劳累或不适？患者：退休后活动少，平时喜欢喝茶，不怎么锻炼，睡眠不太规律。
,,医生：您好，别紧张，今天是哪里突发异常了？患者：医生，我今天早上起床想穿拖鞋，发现左脚怎么也套不进去，使不上劲。我想用左手去提鞋，左手也像瘫痪了一样软绵绵的。我老婆一喊我，发现我说话声音都变了。医生：清晨突发的单侧偏瘫和言语不清非常典型。除了这些，您昨晚或者前几天有没有经历过短暂的肢体发麻，或者频繁打哈欠嗜睡？患者：昨天下午左手确实麻过几分钟，我以为是干活累的。这几天确实老打哈欠，总觉得睡不够。医生：好的。您以前查出过颈动脉斑块吗？或者有没有高血压和糖尿病？患者：去年体检做彩超，说双侧颈动脉都有斑块。高血压也有，一直没规律吃药。医生：您的家族长辈中，有没有人有过偏瘫或者严重的心脑血管疾病？患者：我大伯和我父亲晚年都偏瘫过。医生：明白了。您平时的饮食是不是偏油腻？晚上是不是经常熬夜？患者：我是跑业务的，天天晚上在外面应酬大鱼大肉，经常凌晨才睡。,医生：您好，今天主要因为什么不舒服来就诊？患者：医生您好，主要是一侧肢体僵硬、走路拖步。我最近走路小碎步，转身不灵活，左侧手在休息时抖得明显，紧张时更厉害。医生：我明白了。请您再具体说说，当时最早出现的症状是什么，后来又有什么变化？患者：大概从近一段时间前慢慢出现，最早是左侧手不灵活，后来走路、转身、写字都受影响。医生：近期精细动作、表情、写字、转身、翻身这些方面有没有变化？有没有一侧比另一侧更明显？患者：嗅觉确实差了很多，便秘也有一阵子了，晚上睡觉会说梦话，家人说我有时会踢被子。没有明显肢体麻木，也没有突然瘫倒。医生：接下来了解既往情况。您以前有没有类似发作或类似不适？平时有没有慢性病、住院史，或做过相关检查？患者：曾因焦虑睡不好吃过短期助眠药，没有长期规律服用其他特殊药。医生：您的家人中有没有人年轻或年老后出现过相似表现，或者被反复要求做头部、神经方面检查？患者：家里没有明确类似手抖、动作慢的人，父母年纪大后走路慢但没查过原因。医生：我还想了解生活和诱因：最近睡眠、压力、饮食、饮酒、吸烟、运动，以及外出或特殊接触情况如何？患者：饮食还可以，但蔬菜水果吃得少，便秘后也没有规律运动。
,,医生：您好，看您表情很痛苦，今天主要是哪里不舒服？患者：大夫，我刚才在厨房炒菜，左手拿着锅盖，突然左手就没了知觉，锅盖掉进锅里。我往后退的时候，发现左腿也软绵绵的，整个人差点摔倒，脸也觉得僵住了。医生：突发的单侧肢体无力和面部僵硬不能耽误。除了这些，您这两天有没有觉得走路容易往一边偏，或者觉得剧烈头晕？患者：这几天走路确实总觉得往左边倾斜，像喝醉了酒。头晕昨天早上起床也有过。医生：这些情况我都记录下来了。您以前有没有心脏病史，比如房颤？或者高血脂？患者：大夫说过我心跳不规律有房颤。血脂也高，但我没坚持吃药。医生：您的直系亲属里，有没有得过心梗或者脑缺血的？患者：我母亲以前就是突发脑血管病走的。医生：了解。您平时运动吗？是不是体重偏胖，喜欢吃肥腻的食物？患者：我体重快一百九十斤了，最爱吃红烧肉，平时几乎不运动。,医生：您好，您这次来看诊，主要是哪方面的问题？患者：医生您好，主要是走路前冲、起步费劲。先是左侧胳膊僵硬，后来写字越写越小，晚上翻身困难，起步要停一下才能迈开。医生：我明白了。请您再具体说说，当时最早出现的症状是什么，后来又有什么变化？患者：大概从5年前慢慢出现，最早是左侧手不灵活，后来走路、转身、写字都受影响。医生：除了抖和动作慢，您有没有嗅觉变差、便秘、睡觉时大声说梦话或手脚乱动，情绪低落，或者站起来头晕？患者：写字越来越小，左侧更明显，早上起床翻身慢，脸上表情也被家人说变少了。没有明显肢体麻木，也没有突然瘫倒。医生：接下来了解既往情况。您以前有没有类似发作或类似不适？平时有没有慢性病、住院史，或做过相关检查？患者：曾因焦虑睡不好吃过短期助眠药，没有长期规律服用其他特殊药。医生：家里直系亲属有没有发生过类似的肢体无力、抽搐、手抖、说话或走路异常等情况？患者：父亲老年后有明显便秘和走路慢，不过没有系统就医。医生：平时生活习惯方面，是否经常久坐、熬夜、饮食偏咸偏油、饮酒吸烟？发作前有没有特别劳累或不适？患者：退休后活动少，平时喜欢喝茶，不怎么锻炼，睡眠不太规律。
,,医生：您好，别急，今天是怎么个情况让您赶紧来医院的？患者：医生，我在浴室洗澡，正拿着喷头冲凉，右手突然就松开了，喷头砸在脚上。我想转身，右腿一点支撑力都没有，直接滑坐在地砖上。我想喊人，却发现自己只能发出呜呜的声音。医生：洗澡时突发的偏侧无力和失语需要高度警惕。除了刚才的表现，您最近几天有没有经历过短暂的眼前发黑或者视物模糊？患者：前天洗脸的时候，右眼突然黑了一下，大概十几秒才恢复。医生：单眼黑矇是很危险的信号。那您以前有高血压、高血脂的病史吗？患者：高血压和高血脂都有，但我平时头不晕就不吃药。医生：您的家族里，比如父母，有没有患有严重心脑血管疾病的？患者：我母亲有严重的高血压，后来因为心脏病发作走的。医生：明白了。最后问问您的生活习惯。您平时爱运动吗？是不是经常久坐不动还抽烟？患者：我退休后就天天在麻将馆一坐一天，一天抽两包烟。,医生：您好，您这次来看诊，主要是哪方面的问题？患者：医生您好，主要是手抖伴动作变慢。先是右侧胳膊僵硬，后来写字越写越小，晚上翻身困难，起步要停一下才能迈开。医生：好的。这个情况持续了多久？中间有没有完全缓解，还是一直存在或越来越明显？患者：大概从半年前慢慢出现，最早是右侧手不灵活，后来走路、转身、写字都受影响。医生：除了抖和动作慢，您有没有嗅觉变差、便秘、睡觉时大声说梦话或手脚乱动，情绪低落，或者站起来头晕？患者：声音比以前小，吃饭咽得慢一些，走路有时像刹不住往前冲，转身要分好几步。医生：之前身体状况怎么样？有没有类似症状、慢性病、外伤史，或体检提示过异常？患者：曾因焦虑睡不好吃过短期助眠药，没有长期规律服用其他特殊药。医生：从家族史方面看，家里有没有人有类似发作，或者长期的神经系统、肌肉无力、脑血管方面问题？患者：家里没有明确类似手抖、动作慢的人，父母年纪大后走路慢但没查过原因。医生：最后了解一下生活习惯。您平时作息、饮食、运动、吸烟饮酒情况怎么样？最近有没有劳累、熬夜、感染或情绪波动？患者：以前从事喷漆相关工作，偶尔接触溶剂，现在已不做；平时运动少。
,,医生：您好，慢慢说，今天是哪里突发异常了？患者：医生，我刚才坐在沙发上看电视，想拿遥控器换台，左手怎么都抬不起来。接着我感觉左半边脸也麻了，口水滴在沙发上自己都没发觉。医生：突发的单侧上肢无力和面部麻木不能大意。除了今天的情况，您在这几天有没有觉得突然站起来时天旋地转？患者：从蹲着猛地站起来的时候，确实会眼前发黑、头晕目眩的。医生：这些都是血管缺血的先兆。您以前查出过颈动脉狭窄吗？或者有高血脂史？患者：去年体检说左边颈动脉有斑块狭窄。血脂也一直偏高。医生：那您的父母亲属中，有没有人发生过偏瘫或者血管堵塞的情况？患者：我爸和我大伯，都是因为脑血管堵塞导致偏瘫的。医生：明白了。您平时抽烟厉害吗？睡眠质量怎么样？患者：烟瘾极大，一天两包。最近经常熬夜看剧到两三点。,医生：您好，我先了解一下，最让您担心的症状是什么？患者：医生您好，主要是写字变小伴翻身困难。我最近走路小碎步，转身不灵活，右侧手在休息时抖得明显，紧张时更厉害。医生：我明白了。请您再具体说说，当时最早出现的症状是什么，后来又有什么变化？患者：大概从半年前慢慢出现，最早是右侧手不灵活，后来走路、转身、写字都受影响。医生：近期精细动作、表情、写字、转身、翻身这些方面有没有变化？有没有一侧比另一侧更明显？患者：嗅觉确实差了很多，便秘也有一阵子了，晚上睡觉会说梦话，家人说我有时会踢被子。没有明显肢体麻木，也没有突然瘫倒。医生：关于既往史，您之前有没有因为神经、头部、肌肉无力或意识变化等问题就医？平时有什么基础病？患者：几年前有腰腿疼，但没有影响手抖；没有长期服用精神类药物。医生：再了解一下家族情况。您的父母、兄弟姐妹或子女中，有没有人出现过类似症状，或有相关的长期疾病？患者：父亲老年后有明显便秘和走路慢，不过没有系统就医。医生：最后问一下，近期有没有旅行、腹泻或感冒，是否接触特殊环境？平常作息和运动规律吗？患者：退休后活动少，平时喜欢喝茶，不怎么锻炼，睡眠不太规律。
,,医生：您好，看您说话很费力，今天主要是哪里出问题了？患者：医生，我在麻将桌上正准备摸牌，右手突然像没骨头一样软了，牌掉了一地。我想说话，结果舌头根本不听使唤。医生：突发的偏身无力和言语不清非常危险。除了这些，这几天您有没有经历过短暂的单眼发黑，或者喝水容易呛到？患者：昨天晚上喝茶呛得我差点背过气去。前天右边手指也麻过几分钟。医生：这种短暂的麻木和呛咳是早期信号。您以前有查出过心脏房颤，或者高血糖吗？患者：有房颤，一直没规律吃药。血糖也偏高。医生：您的直系亲属里，有没有人得过中风的？患者：我父亲就是偏瘫了好几年走的。医生：明白了。您平时抽烟多吗？是不是经常久坐不活动？患者：打麻将一天起码两包烟，坐着基本不挪窝。,医生：您好，您这次来看诊，主要是哪方面的问题？患者：医生您好，主要是一侧肢体僵硬、走路拖步。先是右侧胳膊僵硬，后来写字越写越小，晚上翻身困难，起步要停一下才能迈开。医生：我明白了。请您再具体说说，当时最早出现的症状是什么，后来又有什么变化？患者：最近半年更明显，起步慢、翻身慢，家人说我动作像被拖住。医生：我再了解一些容易被忽略的情况：有没有流口水、吞咽变慢、声音变小、走路容易前冲或突然停住？患者：嗅觉确实差了很多，便秘也有一阵子了，晚上睡觉会说梦话，家人说我有时会踢被子。没有明显肢体麻木，也没有突然瘫倒。医生：之前身体状况怎么样？有没有类似症状、慢性病、外伤史，或体检提示过异常？患者：以前没有脑外伤，也没类似病，平时有点高血压，控制还可以。医生：家里直系亲属有没有发生过类似的肢体无力、抽搐、手抖、说话或走路异常等情况？患者：兄弟姐妹没有类似情况，家族里也没听说年轻时就手抖的。医生：平时生活习惯方面，是否经常久坐、熬夜、饮食偏咸偏油、饮酒吸烟？发作前有没有特别劳累或不适？患者：以前从事喷漆相关工作，偶尔接触溶剂，现在已不做；平时运动少。
,,医生：您好，别紧张，今天是哪里感觉不对劲？患者：大夫，我在阳台晾衣服，想把衣服挂上去，左手突然一点劲都使不上，撑衣杆砸在头上。左腿也发软，整个人瘫坐在地上。医生：突发的单侧麻木和肢体无力不能耽误。除了刚才的表现，您在过去的一两周里，有没有出现过突然一阵头晕目眩，或者记忆力变差？患者：大概一周前，早上起床猛地回头，晕得我天旋地转。记忆力最近也老是忘事。医生：好的。您以前有没有高血压、糖尿病病史？或者颈动脉硬化？患者：有高血压和糖尿病，吃药不规律。颈动脉硬化也有。医生：您的长辈里，有没有人得过偏瘫、血管严重堵塞的疾病？患者：我母亲有严重的糖尿病并发症，后来中风了。医生：了解。您平时的饮食口味怎么样？日常有没有锻炼？患者：喜欢吃重油重盐的，平时做家务多，不专门锻炼。,医生：您好，我先了解一下，最让您担心的症状是什么？患者：医生您好，主要是手抖伴动作变慢。我最近走路小碎步，转身不灵活，右侧手在休息时抖得明显，紧张时更厉害。医生：我明白了。请您再具体说说，当时最早出现的症状是什么，后来又有什么变化？患者：不是一下子来的，是一点点加重，安静时更容易抖，紧张时也明显。医生：除了抖和动作慢，您有没有嗅觉变差、便秘、睡觉时大声说梦话或手脚乱动，情绪低落，或者站起来头晕？患者：写字越来越小，右侧更明显，早上起床翻身慢，脸上表情也被家人说变少了。没有明显肢体麻木，也没有突然瘫倒。医生：接下来了解既往情况。您以前有没有类似发作或类似不适？平时有没有慢性病、住院史，或做过相关检查？患者：以前没有脑外伤，也没类似病，平时有点高血压，控制还可以。医生：从家族史方面看，家里有没有人有类似发作，或者长期的神经系统、肌肉无力、脑血管方面问题？患者：一个叔叔晚年手有点抖，但家里人一直以为是年纪大。医生：最后了解一下生活习惯。您平时作息、饮食、运动、吸烟饮酒情况怎么样？最近有没有劳累、熬夜、感染或情绪波动？患者：饮食还可以，但蔬菜水果吃得少，便秘后也没有规律运动。
,,医生：您好，看您是由家属扶着来的，今天是怎么了？患者：医生，我刚才在家里跟外地女儿打视频，女儿突然说我嘴巴歪了。我想解释，发现自己大舌头，手机也从右手里滑掉在了地上，右半边身子全麻了。医生：突发的面部不对称和偏瘫必须要立刻检查。除了这些，您最近有没有发生过短暂的眼前发黑，或者吞咽馒头觉得费劲？患者：上周右眼突然黑了半分钟。最近吃干东西老觉得卡在嗓子眼。医生：这些是非常重要的先兆。您既往有没有房颤病史？或者查出过血脂很高？患者：血脂一直很高。房颤也有，心跳乱糟糟的。医生：那您的家族里，有没有人有过脑梗病史？患者：我亲哥哥几年前心梗突发走的。医生：明白了。您平时抽烟喝酒厉害吗？平时精神压力大不大？患者：老烟枪，也天天喝白酒。最近事多压力很大。,医生：您好，您这次来看诊，主要是哪方面的问题？患者：医生您好，主要是走路前冲、起步费劲。先是右侧胳膊僵硬，后来写字越写越小，晚上翻身困难，起步要停一下才能迈开。医生：好的。这个情况持续了多久？中间有没有完全缓解，还是一直存在或越来越明显？患者：不是一下子来的，是一点点加重，安静时更容易抖，紧张时也明显。医生：除了抖和动作慢，您有没有嗅觉变差、便秘、睡觉时大声说梦话或手脚乱动，情绪低落，或者站起来头晕？患者：声音比以前小，吃饭咽得慢一些，走路有时像刹不住往前冲，转身要分好几步。意识一直清楚，只是动作慢。医生：之前身体状况怎么样？有没有类似症状、慢性病、外伤史，或体检提示过异常？患者：曾因焦虑睡不好吃过短期助眠药，没有长期规律服用其他特殊药。医生：家里直系亲属有没有发生过类似的肢体无力、抽搐、手抖、说话或走路异常等情况？患者：家里没有明确类似手抖、动作慢的人，父母年纪大后走路慢但没查过原因。医生：我还想了解生活和诱因：最近睡眠、压力、饮食、饮酒、吸烟、运动，以及外出或特殊接触情况如何？患者：每天散步不固定，喜欢久坐看电视，最近因为动作慢更不愿出门。
,,医生：您好，躺好别乱动，今天是遇到了什么突发状况？患者：大夫，我半夜起夜去洗手间，刚站起来，左腿直接跪地上了。用左手扶墙，左手也使不上劲，嘴巴也歪了。医生：夜间突发的偏瘫面瘫非常典型。除了这些，您这几天有没有经历过短暂的肢体发麻，或者总是不由自主地打哈欠？患者：昨天白天一直打哈欠，困得睁不开眼。下午左手还麻过一阵子。医生：频繁打哈欠嗜睡是供血不足的表现。您以前查出过颈动脉斑块吗？或者高血压？患者：双侧颈动脉都有斑块。高血压也有，一直没控制好。医生：您的兄弟姐妹中，有没有人发生过中风偏瘫的情况？患者：我大伯父亲晚年都偏瘫过。医生：了解。您平时的饮食是不是重油重盐？晚上是不是经常熬夜？患者：天天晚上在外面应酬大鱼大肉，经常凌晨才睡。,医生：您好，我先了解一下，最让您担心的症状是什么？患者：医生您好，主要是手抖伴动作变慢。我最近走路小碎步，转身不灵活，右侧手在休息时抖得明显，紧张时更厉害。医生：这些表现是突然出现还是逐渐加重？大概从什么时候开始，最明显影响到什么活动？患者：刚开始没太在意，现在穿衣、扣扣子和走路都比以前慢很多。医生：除了抖和动作慢，您有没有嗅觉变差、便秘、睡觉时大声说梦话或手脚乱动，情绪低落，或者站起来头晕？患者：写字越来越小，右侧更明显，早上起床翻身慢，脸上表情也被家人说变少了。没有明显肢体麻木，也没有突然瘫倒。医生：关于既往史，您之前有没有因为神经、头部、肌肉无力或意识变化等问题就医？平时有什么基础病？患者：几年前有腰腿疼，但没有影响手抖；没有长期服用精神类药物。医生：您的家人中有没有人年轻或年老后出现过相似表现，或者被反复要求做头部、神经方面检查？患者：兄弟姐妹没有类似情况，家族里也没听说年轻时就手抖的。医生：最后问一下，近期有没有旅行、腹泻或感冒，是否接触特殊环境？平常作息和运动规律吗？患者：每天散步不固定，喜欢久坐看电视，最近因为动作慢更不愿出门。
,,医生：您好，别急，今天是哪里突发了不舒服？患者：大夫，我在公园提着鸟笼子，突然右边胳膊一酸，鸟笼子直接掉在地上。想蹲下去捡，右腿一点支撑力都没有，右半边身子全麻了。医生：突发的偏身麻木无力不能大意。除了今天的情况，您在这半个月里，有没有发生过短暂的说话不利索，或者眼前突然黑了一下？患者：半个月前有一次突然说话变成了大舌头两分钟。医生：短暂性失语是极其危险的信号。您以前有没有被确诊过糖尿病或者高血压？有没有血管狭窄？患者：糖尿病有七八年了。颈部血管说有狭窄，没做手术。医生：您的家族里，有没有长辈得过偏瘫？患者：我妈也是糖尿病，最后脑血管堵了偏瘫。医生：了解。您平时抽烟吗？平时是不是经常静坐不动？患者：一天抽一包多烟。平时就在公园一坐半天，不爱动弹。,医生：您好，今天主要因为什么不舒服来就诊？患者：医生您好，主要是走路前冲、起步费劲。先是左侧胳膊僵硬，后来写字越写越小，晚上翻身困难，起步要停一下才能迈开。医生：这些表现是突然出现还是逐渐加重？大概从什么时候开始，最明显影响到什么活动？患者：刚开始没太在意，现在穿衣、扣扣子和走路都比以前慢很多。医生：我再了解一些容易被忽略的情况：有没有流口水、吞咽变慢、声音变小、走路容易前冲或突然停住？患者：嗅觉确实差了很多，便秘也有一阵子了，晚上睡觉会说梦话，家人说我有时会踢被子。意识一直清楚，只是动作慢。医生：我再问一下过去的身体情况：以前出现过这样的症状吗？有没有长期疾病、外伤、手术或正在服用的药物？患者：曾因焦虑睡不好吃过短期助眠药，没有长期规律服用其他特殊药。医生：从家族史方面看，家里有没有人有类似发作，或者长期的神经系统、肌肉无力、脑血管方面问题？患者：父亲老年后有明显便秘和走路慢，不过没有系统就医。医生：最后了解一下生活习惯。您平时作息、饮食、运动、吸烟饮酒情况怎么样？最近有没有劳累、熬夜、感染或情绪波动？患者：退休后活动少，平时喜欢喝茶，不怎么锻炼，睡眠不太规律。
,,医生：您好，请坐，今天是遇到了什么突发状况？患者：大夫，我在理发店刚剪完头发站起来，左边腿一软跪在了地上。左手也完全瘫软了，理发师说我脸都歪了。医生：突发的单侧肢体瘫软和面瘫必须立刻就诊。除了这些，您在过去的一两周里，有没有出现过短暂的单眼看不见，或者手指发麻？患者：上周左手小指无名指麻了好一阵子。这几天老是打哈欠特别困。医生：嗜睡和短暂麻木是重要的先兆。您以前查出过高血压或者颈动脉硬化吗？患者：血压高了好多年了。颈动脉硬化体检时医生提过。医生：您的家族里，有没有人发生过偏瘫的情况？患者：我母亲晚年突然偏瘫靠轮椅代步。医生：了解。您平时饮食偏油腻吗？平时有没有运动的习惯？患者：喜欢吃重口味油炸食物。平时不运动回家就躺着。,医生：您好，您这次来看诊，主要是哪方面的问题？患者：医生您好，主要是静止时手抖逐渐加重。这5年动作越来越慢，扣扣子、系鞋带都费劲，家人说我走路摆臂少，脸上表情也少。医生：我明白了。请您再具体说说，当时最早出现的症状是什么，后来又有什么变化？患者：不是一下子来的，是一点点加重，安静时更容易抖，紧张时也明显。医生：除了抖和动作慢，您有没有嗅觉变差、便秘、睡觉时大声说梦话或手脚乱动，情绪低落，或者站起来头晕？患者：写字越来越小，右侧更明显，早上起床翻身慢，脸上表情也被家人说变少了。医生：接下来了解既往情况。您以前有没有类似发作或类似不适？平时有没有慢性病、住院史，或做过相关检查？患者：过去身体还行，没做过头部大手术，也没有反复中毒或一氧化碳接触。医生：再了解一下家族情况。您的父母、兄弟姐妹或子女中，有没有人出现过类似症状，或有相关的长期疾病？患者：兄弟姐妹没有类似情况，家族里也没听说年轻时就手抖的。医生：最后问一下，近期有没有旅行、腹泻或感冒，是否接触特殊环境？平常作息和运动规律吗？患者：退休后活动少，平时喜欢喝茶，不怎么锻炼，睡眠不太规律。
,,医生：您好，看您一直捂着半边脸，今天是哪里感觉不对？患者：医生，我在饭桌上准备夹菜，右手像触电一样抽了一下筷子掉地上了。右半边脸像被冻住了一样，口水直流，话也说不利索。医生：突发的面瘫和肢体无力不能耽误。除了刚才的情况，您最近有没有觉得走路脚下发飘，或者喝汤频繁呛咳？患者：最近走路觉得头重脚轻。喝汤确实老是呛到咳嗽半天。医生：这些都是缺血的表现。您以前有没有房颤病史？或者查出过高血脂？患者：有房颤，医生让吃抗凝药我停了。血脂也偏高。医生：您的父母兄弟姐妹里，有没有得过中风的？患者：我亲哥前几年突然偏瘫说是脑子长了血栓。医生：明白了。您平时抽烟喝酒多吗？日常是不是很少活动？患者：每天喝半斤白酒抽一包烟，在家很少出门走动。,医生：您好，请您从最开始的不舒服说起，哪里最明显？患者：医生您好，主要是静止时手抖逐渐加重。我最近走路小碎步，转身不灵活，左侧手在休息时抖得明显，紧张时更厉害。医生：请您描述一下发作或加重时的样子，包括持续时间、部位和对日常活动的影响。患者：刚开始没太在意，现在穿衣、扣扣子和走路都比以前慢很多。医生：除了抖和动作慢，您有没有嗅觉变差、便秘、睡觉时大声说梦话或手脚乱动，情绪低落，或者站起来头晕？患者：嗅觉确实差了很多，便秘也有一阵子了，晚上睡觉会说梦话，家人说我有时会踢被子。医生：之前身体状况怎么样？有没有类似症状、慢性病、外伤史，或体检提示过异常？患者：几年前有腰腿疼，但没有影响手抖；没有长期服用精神类药物。医生：家里直系亲属有没有发生过类似的肢体无力、抽搐、手抖、说话或走路异常等情况？患者：父亲老年后有明显便秘和走路慢，不过没有系统就医。医生：最后问一下，近期有没有旅行、腹泻或感冒，是否接触特殊环境？平常作息和运动规律吗？患者：饮食还可以，但蔬菜水果吃得少，便秘后也没有规律运动。
,,医生：您好，别着急，今天是怎么个情况让您赶紧来急诊的？患者：大夫，我在小区下象棋，举起左手想落子，整条左胳膊失去知觉棋子掉一地。左腿也支撑不住倒在地上，说话也不清晰了。医生：这种突发偏身无力和言语障碍需要高度重视。除了突发情况，您这几天有没有觉得频繁头晕恶心，或者视力模糊？患者：这几天一转身就头晕。前天左眼突然黑了一会儿。医生：好的。您以前有没有被确诊过高血压？或者颈动脉有斑块？患者：高血压有十来年了。双侧颈动脉都有斑块。医生：您的家族长辈中，有没有人有过脑梗的病史？患者：我父亲因为脑梗偏瘫去世的。医生：了解。您平时饮食是不是偏咸偏油？喜欢久坐不动？患者：爱吃肥肉，口味偏咸。下象棋一坐大半天很少活动。,医生：您好，请您从最开始的不舒服说起，哪里最明显？患者：医生您好，主要是一侧肢体僵硬、走路拖步。先是右侧胳膊僵硬，后来写字越写越小，晚上翻身困难，起步要停一下才能迈开。医生：这些表现是突然出现还是逐渐加重？大概从什么时候开始，最明显影响到什么活动？患者：刚开始没太在意，现在穿衣、扣扣子和走路都比以前慢很多。医生：除了抖和动作慢，您有没有嗅觉变差、便秘、睡觉时大声说梦话或手脚乱动，情绪低落，或者站起来头晕？患者：声音比以前小，吃饭咽得慢一些，走路有时像刹不住往前冲，转身要分好几步。医生：之前身体状况怎么样？有没有类似症状、慢性病、外伤史，或体检提示过异常？患者：曾因焦虑睡不好吃过短期助眠药，没有长期规律服用其他特殊药。医生：再了解一下家族情况。您的父母、兄弟姐妹或子女中，有没有人出现过类似症状，或有相关的长期疾病？患者：家里没有明确类似手抖、动作慢的人，父母年纪大后走路慢但没查过原因。医生：平时生活习惯方面，是否经常久坐、熬夜、饮食偏咸偏油、饮酒吸烟？发作前有没有特别劳累或不适？患者：每天散步不固定，喜欢久坐看电视，最近因为动作慢更不愿出门。
,,医生：您好，看您是由家属推过来的，今天主要是哪里出问题了？患者：医生，我刚才在修理家里的水管，右手拿着扳手，突然右手一阵发酸，扳手掉在地上。我想站起来，右腿根本使不上劲，嘴巴也有些发麻。医生：突发的上肢脱力和面部麻木不能大意。除了这些，您这半个月内有没有经历过短暂的眼前发黑，或者吞咽口水容易呛咳？患者：前两天确实喝水老呛到气管里。眼前发黑倒没有，就是偶尔觉得头脑发昏。医生：好的。您以前有没有查出过房颤或者高血脂症？颈部血管查过吗？患者：血脂一直偏高，有轻微房颤。颈部血管没专门去查。医生：您的直系亲属里，有没有得过中风或者严重脑血管病的？患者：我母亲七十多岁的时候突发脑血栓偏瘫了。医生：明白了。您平时抽烟多吗？平时运动量怎么样？患者：烟一天一包。平时干些家里的维修活，但不专门锻炼。,医生：您好，请您从最开始的不舒服说起，哪里最明显？患者：医生您好，主要是手抖伴动作变慢。我最近走路小碎步，转身不灵活，左侧手在休息时抖得明显，紧张时更厉害。医生：我明白了。请您再具体说说，当时最早出现的症状是什么，后来又有什么变化？患者：不是一下子来的，是一点点加重，安静时更容易抖，紧张时也明显。医生：我再了解一些容易被忽略的情况：有没有流口水、吞咽变慢、声音变小、走路容易前冲或突然停住？患者：写字越来越小，左侧更明显，早上起床翻身慢，脸上表情也被家人说变少了。意识一直清楚，只是动作慢。医生：关于既往史，您之前有没有因为神经、头部、肌肉无力或意识变化等问题就医？平时有什么基础病？患者：曾因焦虑睡不好吃过短期助眠药，没有长期规律服用其他特殊药。医生：您的家人中有没有人年轻或年老后出现过相似表现，或者被反复要求做头部、神经方面检查？患者：父亲老年后有明显便秘和走路慢，不过没有系统就医。医生：平时生活习惯方面，是否经常久坐、熬夜、饮食偏咸偏油、饮酒吸烟？发作前有没有特别劳累或不适？患者：退休后活动少，平时喜欢喝茶，不怎么锻炼，睡眠不太规律。
,,医生：您好，别紧张，今天是哪里感觉不对劲赶紧过来了？患者：大夫，我刚才在给阳台上的花浇水，左手提着水壶，突然左手就完全失去了力量，水壶砸在脚上。接着感觉左半边脸木木的，说话舌头打结。医生：突发的单侧肢体无力和言语不清非常危险。除了这个，这两天有没有经历过短暂的肢体发麻，或者最近总是不由自主地打哈欠？患者：昨天左手确实麻过几分钟。这几天老是打哈欠，觉得特别疲倦。医生：这是脑部供血不足的信号。您以前查出过糖尿病或者高血压吗？有没有颈动脉斑块？患者：高血压有几年了，没按时吃药。体检说颈动脉有点硬化斑块。医生：您的家族里，有没有人发生过偏瘫的情况？患者：我大伯晚年因为脑血管堵塞偏瘫了。医生：了解。您平时饮食是不是重油重盐？平时是不是喜欢久坐？患者：口味偏重。平时喜欢坐在阳台上看书，很少起身活动。,医生：您好，请您从最开始的不舒服说起，哪里最明显？患者：医生您好，主要是手抖伴动作变慢。先是右侧胳膊僵硬，后来写字越写越小，晚上翻身困难，起步要停一下才能迈开。医生：我明白了。请您再具体说说，当时最早出现的症状是什么，后来又有什么变化？患者：刚开始没太在意，现在穿衣、扣扣子和走路都比以前慢很多。医生：近期精细动作、表情、写字、转身、翻身这些方面有没有变化？有没有一侧比另一侧更明显？患者：写字越来越小，右侧更明显，早上起床翻身慢，脸上表情也被家人说变少了。没有明显肢体麻木，也没有突然瘫倒。医生：我再问一下过去的身体情况：以前出现过这样的症状吗？有没有长期疾病、外伤、手术或正在服用的药物？患者：过去身体还行，没做过头部大手术，也没有反复中毒或一氧化碳接触。医生：家里直系亲属有没有发生过类似的肢体无力、抽搐、手抖、说话或走路异常等情况？患者：父亲老年后有明显便秘和走路慢，不过没有系统就医。医生：我还想了解生活和诱因：最近睡眠、压力、饮食、饮酒、吸烟、运动，以及外出或特殊接触情况如何？患者：每天散步不固定，喜欢久坐看电视，最近因为动作慢更不愿出门。
,,医生：您好，慢慢说，今天是遇到了什么突发状况？患者：大夫，我正在写一封信，右手拿着钢笔，突然右手手指完全僵硬了，钢笔滚到地上。我想张嘴喊老伴，发现自己大舌头，嘴脸也有些歪。医生：这种突发的上肢僵硬和面瘫不能耽误。除了刚才的情况，您最近有没有觉得走路容易往一边偏，或者觉得剧烈头晕？患者：这几天走路确实总觉得往右边倾斜。头晕昨天也犯过一次。医生：好的。您以前有没有高血压、糖尿病病史？或者颈动脉硬化？患者：有高血压和糖尿病，吃药断断续续。颈动脉硬化也有。医生：您的长辈里，有没有人得过偏瘫、血管严重堵塞的疾病？患者：我母亲有严重的糖尿病并发症，后来中风了。医生：了解。您平时的饮食口味怎么样？日常有没有规律锻炼？患者：喜欢吃甜食，平时在家写字看书，几乎不锻炼身体。,医生：您好，今天主要因为什么不舒服来就诊？患者：医生您好，主要是静止时手抖逐渐加重。大概1年多前开始右侧手不自主抖，安静坐着时明显，拿东西做事反而稍微好点，最近走路也拖步。医生：好的。这个情况持续了多久？中间有没有完全缓解，还是一直存在或越来越明显？患者：不是一下子来的，是一点点加重，安静时更容易抖，紧张时也明显。医生：我再了解一些容易被忽略的情况：有没有流口水、吞咽变慢、声音变小、走路容易前冲或突然停住？患者：声音比以前小，吃饭咽得慢一些，走路有时像刹不住往前冲，转身要分好几步。没有明显肢体麻木，也没有突然瘫倒。医生：之前身体状况怎么样？有没有类似症状、慢性病、外伤史，或体检提示过异常？患者：以前没有脑外伤，也没类似病，平时有点高血压，控制还可以。医生：您的家人中有没有人年轻或年老后出现过相似表现，或者被反复要求做头部、神经方面检查？患者：兄弟姐妹没有类似情况，家族里也没听说年轻时就手抖的。医生：我还想了解生活和诱因：最近睡眠、压力、饮食、饮酒、吸烟、运动，以及外出或特殊接触情况如何？患者：每天散步不固定，喜欢久坐看电视，最近因为动作慢更不愿出门。
,,医生：您好，请坐，今天是哪里突发异常了？患者：医生，我早上在卫生间刮胡子，右手拿着剃须刀，突然右手就没了知觉，剃须刀掉水池里。我看着镜子发现右半边脸像戴了面具一样没表情了。医生：突发的单侧上肢无力和面部僵硬很危险。除了这些，您在这几天有没有觉得频繁头晕，或者觉得吞咽东西有困难？患者：早上起来的时候晕得天旋地转。最近喝水老是容易呛咳。医生：这些是缺血的先兆。您以前查出过颈动脉斑块吗？或者有高血脂史？患者：去年体检说颈动脉有斑块狭窄。血脂也一直偏高。医生：您的直系亲属里，有没有人发生过偏瘫或者血管堵塞的情况？患者：我亲哥前几年脑血管堵塞导致偏瘫的。医生：明白了。您平时抽烟厉害吗？睡眠质量怎么样？患者：烟瘾挺大，每天一包半。最近因为工作经常熬夜到半夜。,医生：您好，我先了解一下，最让您担心的症状是什么？患者：医生您好，主要是静止时手抖逐渐加重。这3年动作越来越慢，扣扣子、系鞋带都费劲，家人说我走路摆臂少，脸上表情也少。医生：好的。这个情况持续了多久？中间有没有完全缓解，还是一直存在或越来越明显？患者：最近半年更明显，起步慢、翻身慢，家人说我动作像被拖住。医生：我再了解一些容易被忽略的情况：有没有流口水、吞咽变慢、声音变小、走路容易前冲或突然停住？患者：嗅觉确实差了很多，便秘也有一阵子了，晚上睡觉会说梦话，家人说我有时会踢被子。医生：之前身体状况怎么样？有没有类似症状、慢性病、外伤史，或体检提示过异常？患者：过去身体还行，没做过头部大手术，也没有反复中毒或一氧化碳接触。医生：您的家人中有没有人年轻或年老后出现过相似表现，或者被反复要求做头部、神经方面检查？患者：兄弟姐妹没有类似情况，家族里也没听说年轻时就手抖的。医生：最后问一下，近期有没有旅行、腹泻或感冒，是否接触特殊环境？平常作息和运动规律吗？患者：饮食还可以，但蔬菜水果吃得少，便秘后也没有规律运动。
,,医生：您好，别着急，今天是怎么个情况让您赶紧来急诊的？患者：医生，我出门倒垃圾，右手提着垃圾袋，突然右手一阵酸软，垃圾袋掉在地上。右腿也像拖着铅球一样，走路一瘸一拐，嘴角也歪了。医生：突发的偏身无力和口角歪斜要高度重视。除了突发情况，您这几天有没有觉得频繁打哈欠，觉得极其困倦，或者短暂视力模糊？患者：这几天白天老是打哈欠，喝咖啡都没用。视力模糊偶尔有一点。医生：这是脑部供血不足的表现。您以前有没有被确诊过高血压？或者颈动脉有斑块？患者：高血压有十来年了。双侧颈动脉都有斑块。医生：您的家族长辈中，有没有人有过脑梗的病史？患者：我父亲因为脑梗偏瘫去世的。医生：明白了。您平时饮食是不是偏咸偏油？喜欢久坐不动？患者：爱吃肥肉，口味偏咸。平时基本不怎么走动，下班就躺着。,医生：您好，我先了解一下，最让您担心的症状是什么？患者：医生您好，主要是静止时手抖逐渐加重。大概半年前开始左侧手不自主抖，安静坐着时明显，拿东西做事反而稍微好点，最近走路也拖步。医生：请您描述一下发作或加重时的样子，包括持续时间、部位和对日常活动的影响。患者：不是一下子来的，是一点点加重，安静时更容易抖，紧张时也明显。医生：近期精细动作、表情、写字、转身、翻身这些方面有没有变化？有没有一侧比另一侧更明显？患者：声音比以前小，吃饭咽得慢一些，走路有时像刹不住往前冲，转身要分好几步。没有明显肢体麻木，也没有突然瘫倒。医生：关于既往史，您之前有没有因为神经、头部、肌肉无力或意识变化等问题就医？平时有什么基础病？患者：以前没有脑外伤，也没类似病，平时有点高血压，控制还可以。医生：家里直系亲属有没有发生过类似的肢体无力、抽搐、手抖、说话或走路异常等情况？患者：兄弟姐妹没有类似情况，家族里也没听说年轻时就手抖的。医生：平时生活习惯方面，是否经常久坐、熬夜、饮食偏咸偏油、饮酒吸烟？发作前有没有特别劳累或不适？患者：饮食还可以，但蔬菜水果吃得少，便秘后也没有规律运动。
,,医生：您好，请坐，今天是遇到什么情况急着过来了？患者：医生，家里老式窗户下雨卡住了，我双手扒着窗框死命往旁边推，憋足了劲，突然觉得后脑勺针扎一样痛，左手一下就失去知觉了，整个人瘫倒在地上。医生：发力过度突发的头痛和偏侧无力要引起警惕。除了这个，这两天有没有觉得左眼看东西缺了一半，或者觉得脾气变得很坏？患者：左眼确实总觉得眼角那边看不全。脾气这几天一直很坏，刚才推不开窗户我更是火冒三丈。医生：好的。您以前查出过高血压吗？或者体检有没有提示过脑部血管有异常？患者：高血压有十来年了。前年体检说有轻微的脑部微血管退化。医生：您的家族里，有没有长辈得过偏瘫或者高血压引起的脑梗？患者：我父亲晚年就是因为高血压偏瘫卧床的。医生：了解。您平时口味重吗？刚才推窗户是不是用尽了全力憋着气？患者：平时爱吃重口味。刚才推的时候脸都憋紫了，突然就出了事。,医生：您好，您这次来看诊，主要是哪方面的问题？患者：医生您好，主要是夜间突然四肢抖动。半天前突然发作一次，家人说我当时眼睛发直，叫我没反应，过了几十秒才缓过来，自己完全记不清。医生：请您描述一下发作或加重时的样子，包括持续时间、部位和对日常活动的影响。患者：发作前不一定有感觉，有时只是突然断片，醒来后很困，头也胀。医生：发作前有没有心慌、头晕、闻到怪味、眼前闪光，发作时有没有舌咬伤、尿失禁，发作后是否困倦或头痛？患者：最近熬夜后更容易发生，发作后头痛明显，有一次醒来后右手酸软，过一会儿才好。医生：我再问一下过去的身体情况：以前出现过这样的症状吗？有没有长期疾病、外伤、手术或正在服用的药物？患者：小时候有过高热抽搐，长大后很少，最近这半年又开始反复。医生：从家族史方面看，家里有没有人有类似发作，或者长期的神经系统、肌肉无力、脑血管方面问题？患者：母亲说外婆曾经有过突然倒地抽动，但那时没查清楚。医生：我还想了解生活和诱因：最近睡眠、压力、饮食、饮酒、吸烟、运动，以及外出或特殊接触情况如何？患者：平时不太规律吃饭，最近为了赶考试睡得很少。
,,医生：您好，看您是被搀扶着进来的，今天主要是哪里异常？患者：医生，我刚才在卫生间洗澡，热水刚淋在头上，突然觉得一阵剧烈头痛，紧接着左手左脚就麻木了，站都站不稳，直接滑坐在地上。医生：洗澡时突发的头痛和半身麻木要高度警惕。除了这个，这两天有没有觉得左眼看东西缺了一半，或者觉得脾气变得很坏？患者：左眼确实总觉得眼角那边黑乎乎的。脾气这几天一直很坏，看什么都不顺眼。医生：好的。您以前查出过高血压吗？或者体检有没有提示过脑部有淀粉样血管病？患者：高血压有十来年了。前年体检说有轻微的脑部淀粉样血管病改变。医生：您的家族里，有没有长辈得过偏瘫或者脑梗脑出血？患者：我父亲晚年就是因为脑出血偏瘫卧床的。医生：了解。您平时口味重吗？刚才洗澡水温是不是特别高，加上身体很疲劳？患者：平时爱吃咸腊肉。刚才水温确实调得挺高的，加上今天干活累了一天，觉得头“嗡”的一下。,医生：您好，您这次来看诊，主要是哪方面的问题？患者：医生您好，主要是反复愣神、叫不应。最近反复出现发呆，正在说话会突然停住，手里的东西掉了，十几秒后又接着做事。医生：这些表现是突然出现还是逐渐加重？大概从什么时候开始，最明显影响到什么活动？患者：家人说发作时叫我没反应，过后要缓一会儿才能正常交流。医生：这些情况多在睡眠不足、发热、饮酒、情绪紧张后出现吗？发作后有没有短暂说不清话或一侧肢体没劲？患者：发作前偶尔会闻到说不出的怪味，胸口发慌；有一次咬破舌头，醒后很困，半天缓不过来。医生：我再问一下过去的身体情况：以前出现过这样的症状吗？有没有长期疾病、外伤、手术或正在服用的药物？患者：小时候有过高热抽搐，长大后很少，最近这半年又开始反复。医生：您的家人中有没有人年轻或年老后出现过相似表现，或者被反复要求做头部、神经方面检查？患者：兄弟姐妹没有类似情况，孩子目前也没有出现过。医生：平时生活习惯方面，是否经常久坐、熬夜、饮食偏咸偏油、饮酒吸烟？发作前有没有特别劳累或不适？患者：发作前一天参加聚会喝了酒，又连续熬夜到凌晨。
,,医生：您好，请坐，今天是遇到什么突发状况了？患者：医生，我刚才坐在摇椅上喝茶，一边喝一边听收音机，突然左手端着的茶杯掉地上了，我想弯腰去捡，左腿也软了，整个人摔在地上。医生：突发的单侧无力。除了这个，您这两天有没有觉得头痛，或者看东西觉得视野缺损，家里人说您脾气变怪了？患者：头是有隐隐作痛。我儿子说我这两天像吃了枪药，一点就着。视野倒没觉得异常。医生：好的。您以前有高血压病史吗？或者体检提示过脑部有老年淀粉样血管病？患者：高血压有五年了。大夫是提过脑部有什么淀粉样病变，让我注意血压。医生：您的直系亲属中，有没有人发生过偏瘫或者脑血管破裂？患者：我母亲以前也是脑血管破裂偏瘫的。医生：最后问问，您平时的饮食是否偏咸？刚才听收音机有没有听到什么让人激动的内容？患者：平时喜欢吃咸菜。刚才听到一个让人气愤的社会新闻，我正咬牙切齿呢，就发病了。,医生：您好，我先了解一下，最让您担心的症状是什么？患者：医生您好，主要是发作性意识丧失。最近反复出现发呆，正在说话会突然停住，手里的东西掉了，十几秒后又接着做事。医生：这些表现是突然出现还是逐渐加重？大概从什么时候开始，最明显影响到什么活动？患者：家人说发作时叫我没反应，过后要缓一会儿才能正常交流。医生：发作前有没有心慌、头晕、闻到怪味、眼前闪光，发作时有没有舌咬伤、尿失禁，发作后是否困倦或头痛？患者：多数几十秒到两分钟，叫不醒，有时双眼上翻、嘴里有泡沫，过后会迷糊一阵。医生：关于既往史，您之前有没有因为神经、头部、肌肉无力或意识变化等问题就医？平时有什么基础病？患者：曾在外院做过脑电检查，说有异常放电，但后来没规律复查。医生：家里直系亲属有没有发生过类似的肢体无力、抽搐、手抖、说话或走路异常等情况？患者：表哥小时候有过反复抽搐，长大后好像少了。医生：平时生活习惯方面，是否经常久坐、熬夜、饮食偏咸偏油、饮酒吸烟？发作前有没有特别劳累或不适？患者：工作倒班，作息乱，咖啡喝得多，压力大。
,,医生：您好，看您是被家属扶着来的，今天主要是怎么了？患者：大夫，我刚才在KTV跟朋友唱歌，飙高音的时候憋了一大口气，突然觉得脑袋里“嗡”的一下，左边半个身子全麻了，麦克风直接掉地上了。医生：这种憋气飙高音突发的头痛和半身麻木要高度警惕。除了这个，这两天有没有觉得看东西有一边像被遮住，或者情绪容易失控？患者：看东西昨天就觉得眼角那边黑乎乎的。脾气也很差，刚才在KTV还因为切歌跟朋友拌了两句嘴。医生：好的。您查出过高血压吗？或者体检有没有提示过脑部有淀粉样血管病？患者：高血压有几年了。上次体检大夫提过脑部有淀粉样血管病变。医生：那您的家族长辈中，有没有人有过偏瘫或者脑溢血的情况？患者：我父亲以前就是突发脑溢血去世的。医生：最后了解下，您平时口味重吗？刚才飙高音是不是用尽了全力脸都红了？患者：平时爱吃咸腊肉。刚才飙高音确实憋得满脸通红，感觉头都要裂了。,医生：您好，请您从最开始的不舒服说起，哪里最明显？患者：医生您好，主要是夜间突然四肢抖动。最近反复出现发呆，正在说话会突然停住，手里的东西掉了，十几秒后又接着做事。医生：我明白了。请您再具体说说，当时最早出现的症状是什么，后来又有什么变化？患者：每次都是一阵一阵的，持续几十秒到几分钟，过后自己记不清，最近发作次数变多。医生：发作前有没有心慌、头晕、闻到怪味、眼前闪光，发作时有没有舌咬伤、尿失禁，发作后是否困倦或头痛？患者：发作前偶尔会闻到说不出的怪味，胸口发慌；有一次咬破舌头，醒后很困，半天缓不过来。平时不发作时基本正常，没有持续偏瘫。医生：之前身体状况怎么样？有没有类似症状、慢性病、外伤史，或体检提示过异常？患者：几年前头部受过外伤，当时缝过针，后来偶尔会有短暂发呆。医生：您的家人中有没有人年轻或年老后出现过相似表现，或者被反复要求做头部、神经方面检查？患者：母亲说外婆曾经有过突然倒地抽动，但那时没查清楚。医生：我还想了解生活和诱因：最近睡眠、压力、饮食、饮酒、吸烟、运动，以及外出或特殊接触情况如何？患者：最近经常熬夜打游戏，睡眠不足，偶尔喝酒。
,,医生：您好，请坐，看您脸色不太好，今天是哪里感觉不对？患者：医生，我这会儿心里慌得很。刚才在路上跟别人打电话，突然间舌头就不听使唤了，脑子里想好的词一个都蹦不出来，而且右边胳膊也是一阵发麻，手机都拿不稳。医生：突发的言语困难和单侧麻木很值得关注。除了这些，近期有没有觉得头痛欲裂，或者觉得某一边视力下降，脾气也不太受控制？患者：最近确实经常发无名火。视力的话，右眼这两天总觉得看人影有些重叠，模模糊糊的。医生：这些情况很重要。您之前有没有高血压的病史？或者有没有被查出过脑部血管的淀粉样病变？患者：血压高有十来年了，药吃得断断续续。前年体检说有轻微的老年性脑血管病变，我没当回事。医生：好的。您的父母兄弟中有没有得过中风或者严重高血压的？患者：我母亲有高血压，我二哥前两年脑出血，现在还在康复。医生：明白了。您平时饮食怎么样？发病前情绪有什么波动吗？患者：我爱吃腌肉腌菜。刚才打电话是在跟装修公司吵架，他们坑了我一笔钱，我正大声吼着呢，突然就发病了。,医生：您好，我先了解一下，最让您担心的症状是什么？患者：医生您好，主要是抽搐后短暂嗜睡。昨天夜里家人发现我四肢抖动、牙关咬紧，持续一两分钟，醒后特别困，头也疼。医生：我明白了。请您再具体说说，当时最早出现的症状是什么，后来又有什么变化？患者：发作前不一定有感觉，有时只是突然断片，醒来后很困，头也胀。医生：发作前有没有心慌、头晕、闻到怪味、眼前闪光，发作时有没有舌咬伤、尿失禁，发作后是否困倦或头痛？患者：最近熬夜后更容易发生，发作后头痛明显，有一次醒来后右手酸软，过一会儿才好。医生：之前身体状况怎么样？有没有类似症状、慢性病、外伤史，或体检提示过异常？患者：以前没有明确类似情况，但最近感冒发热后出现过一次明显抽动。医生：从家族史方面看，家里有没有人有类似发作，或者长期的神经系统、肌肉无力、脑血管方面问题？患者：兄弟姐妹没有类似情况，孩子目前也没有出现过。医生：最后了解一下生活习惯。您平时作息、饮食、运动、吸烟饮酒情况怎么样？最近有没有劳累、熬夜、感染或情绪波动？患者：工作倒班，作息乱，咖啡喝得多，压力大。
,,医生：您好，看您脸色煞白，今天主要是哪里不舒服？患者：大夫，我刚才坐在窗边缝衣服，正低着头穿针呢，突然觉得右半边身子一麻，手里的针掉在地上，我想说话叫人，却发现自己嘴歪了，说话漏风。医生：这种突发的半身麻木和面部异常很危险。除了这些，这两天有没有觉得头隐隐作痛，或者发现看东西有一侧视野缺损，性格变得古怪？患者：头确实一直有些闷痛。看东西昨天就觉得眼角那边黑乎乎的。家里人也说我这两天像变了个人，动不动就生气。医生：好的。您查出过高血压吗？或者医生有没有说过您有血管异常？患者：有高血压，药经常忘了吃。血管异常没查过。医生：那您的家族长辈中，有没有人有过偏瘫或者脑溢血的情况？患者：我母亲以前就是高血压中风，在床上躺了七八年。医生：了解。您平时饮食偏咸吗？刚才穿针是不是精神高度集中又有些急躁？患者：平时爱吃咸鸭蛋。刚才穿半天穿不进去，心里火急火燎的。,医生：您好，今天主要因为什么不舒服来就诊？患者：医生您好，主要是反复愣神、叫不应。昨天夜里家人发现我四肢抖动、牙关咬紧，持续一两分钟，醒后特别困，头也疼。医生：这些表现是突然出现还是逐渐加重？大概从什么时候开始，最明显影响到什么活动？患者：发作前不一定有感觉，有时只是突然断片，醒来后很困，头也胀。医生：我还想问发作细节：每次持续多久，能不能被叫醒，发作时有没有双眼上翻、口吐白沫、肢体僵硬或抽动？患者：最近熬夜后更容易发生，发作后头痛明显，有一次醒来后右手酸软，过一会儿才好。发作间期能正常交流，只是担心再发。医生：关于既往史，您之前有没有因为神经、头部、肌肉无力或意识变化等问题就医？平时有什么基础病？患者：小时候有过高热抽搐，长大后很少，最近这半年又开始反复。医生：再了解一下家族情况。您的父母、兄弟姐妹或子女中，有没有人出现过类似症状，或有相关的长期疾病？患者：家里没有人长期这样发作，父亲年轻时据说有过几次晕倒。医生：我还想了解生活和诱因：最近睡眠、压力、饮食、饮酒、吸烟、运动，以及外出或特殊接触情况如何？患者：最近经常熬夜打游戏，睡眠不足，偶尔喝酒。
,,医生：您好，别紧张，慢慢说今天是哪里突发了不舒服？患者：大夫，我刚才正坐在饭桌前吃晚饭，刚扒了一口饭，突然右手连筷子都拿不住了，右半边脸也觉得麻麻的，嘴角甚至有点流口水。医生：突发的单侧无力和面部麻木要立刻检查。除了这些，最近您有没有觉得头有些胀痛，或者看东西觉得视野不全，脾气异常暴躁？患者：头胀痛是有的。我老伴今天还抱怨我像吃了火药一样脾气大。医生：好的。您既往有高血压病史吗？或者医生有没有提过您的脑血管有微小病变？患者：血压高一直都有，药吃吃停停。脑血管病变倒是没听说过。医生：那您的父母亲属中有没有患严重高血压或者中风的？患者：我妈就是因为高血压引发中风，瘫痪了好几年。医生：最后了解下，您平时的饮食偏咸吗？刚才吃饭前是不是有什么让您情绪激动的事？患者：饭菜一直挺咸的。吃饭前老伴数落了我几句，我心里正憋着火呢。,医生：您好，我先了解一下，最让您担心的症状是什么？患者：医生您好，主要是抽搐后短暂嗜睡。昨天夜里家人发现我四肢抖动、牙关咬紧，持续一两分钟，醒后特别困，头也疼。医生：这些表现是突然出现还是逐渐加重？大概从什么时候开始，最明显影响到什么活动？患者：每次都是一阵一阵的，持续几十秒到几分钟，过后自己记不清，最近发作次数变多。医生：我还想问发作细节：每次持续多久，能不能被叫醒，发作时有没有双眼上翻、口吐白沫、肢体僵硬或抽动？患者：最近熬夜后更容易发生，发作后头痛明显，有一次醒来后右手酸软，过一会儿才好。医生：我再问一下过去的身体情况：以前出现过这样的症状吗？有没有长期疾病、外伤、手术或正在服用的药物？患者：小时候有过高热抽搐，长大后很少，最近这半年又开始反复。医生：从家族史方面看，家里有没有人有类似发作，或者长期的神经系统、肌肉无力、脑血管方面问题？患者：兄弟姐妹没有类似情况，孩子目前也没有出现过。医生：最后问一下，近期有没有旅行、腹泻或感冒，是否接触特殊环境？平常作息和运动规律吗？患者：工作倒班，作息乱，咖啡喝得多，压力大。
,,医生：您好，慢慢说，今天是怎么个情况让您赶紧来医院的？患者：大夫，我刚才在厨房用大力砍排骨，手起刀落没几下，突然觉得右半边身子发麻，手里的菜刀掉在案板上，然后整条右腿也没了力气。医生：这种用力时突发的半身麻木和无力很危险。除了这些，您这两天有没有觉得头很痛，或者发现右侧视力模糊，情绪也特别容易急躁？患者：头砍骨头那会儿就开始剧痛。情绪也很差，因为这骨头太硬，我一边砍一边在心里骂骂咧咧。医生：好的。您既往有高血压病史吗？或者做过检查提示脑血管有异常吗？患者：有高血压，一直没按时吃药。脑血管没查过。医生：那您的父母亲属中有没有患严重高血压或者中风的？患者：我爸就是因为严重的高血压，引发脑出血没的。医生：明白了。您平时的饮食偏咸吗？刚才砍排骨是不是用尽了全力？患者：喜欢吃重口味的。刚才确实是用尽了吃奶的力气猛砍，感觉头都要炸了。,医生：您好，请您从最开始的不舒服说起，哪里最明显？患者：医生您好，主要是抽搐后短暂嗜睡。昨天夜里家人发现我四肢抖动、牙关咬紧，持续一两分钟，醒后特别困，头也疼。医生：请您描述一下发作或加重时的样子，包括持续时间、部位和对日常活动的影响。患者：发作前不一定有感觉，有时只是突然断片，醒来后很困，头也胀。医生：发作前有没有心慌、头晕、闻到怪味、眼前闪光，发作时有没有舌咬伤、尿失禁，发作后是否困倦或头痛？患者：最近熬夜后更容易发生，发作后头痛明显，有一次醒来后右手酸软，过一会儿才好。平时不发作时基本正常，没有持续偏瘫。医生：接下来了解既往情况。您以前有没有类似发作或类似不适？平时有没有慢性病、住院史，或做过相关检查？患者：以前没有明确类似情况，但最近感冒发热后出现过一次明显抽动。医生：再了解一下家族情况。您的父母、兄弟姐妹或子女中，有没有人出现过类似症状，或有相关的长期疾病？患者：母亲说外婆曾经有过突然倒地抽动，但那时没查清楚。医生：平时生活习惯方面，是否经常久坐、熬夜、饮食偏咸偏油、饮酒吸烟？发作前有没有特别劳累或不适？患者：平时不太规律吃饭，最近为了赶考试睡得很少。
,,医生：您好，别着急，今天是因为什么突发情况来的？患者：大夫，我刚才坐在沙发上看电视看得好好的，想站起来去倒杯水，结果发现左腿完全使不上劲，一下子就跪地上了，左边胳膊也软绵绵的。医生：这需要立刻引起重视。除了肢体无力，您最近有没有觉得头痛，或者看电视时觉得屏幕有一半看不清，家里人觉得您性格有变化吗？患者：看电视的时候确实觉得左边屏幕有点暗，看不清字幕。性格变没变我不知道，但我老伴说我这几天总是胡搅蛮缠。医生：好的。您以前有高血压病史吗？或者做检查时提过有脑部淀粉样血管病？患者：高血压有五年了。去年体检的时候，大夫指着脑CT说有什么老年淀粉样血管病，让我注意。医生：您的直系亲属里有人得过类似的病吗？患者：我大舅以前就是突然偏瘫，听说也是脑子里的问题。医生：最后了解一下，您平时的饮食习惯怎么样？今天看电视时有没有看到什么特别激动的情节？患者：我平时喜欢吃腌制的咸鱼。刚才看的电视剧里有个大反派特别坏，气得我直拍大腿，然后就站不起来了。,医生：您好，您这次来看诊，主要是哪方面的问题？患者：医生您好，主要是反复愣神、叫不应。最近反复出现发呆，正在说话会突然停住，手里的东西掉了，十几秒后又接着做事。医生：请您描述一下发作或加重时的样子，包括持续时间、部位和对日常活动的影响。患者：家人说发作时叫我没反应，过后要缓一会儿才能正常交流。医生：发作前有没有心慌、头晕、闻到怪味、眼前闪光，发作时有没有舌咬伤、尿失禁，发作后是否困倦或头痛？患者：最近熬夜后更容易发生，发作后头痛明显，有一次醒来后右手酸软，过一会儿才好。医生：接下来了解既往情况。您以前有没有类似发作或类似不适？平时有没有慢性病、住院史，或做过相关检查？患者：曾在外院做过脑电检查，说有异常放电，但后来没规律复查。医生：家里直系亲属有没有发生过类似的肢体无力、抽搐、手抖、说话或走路异常等情况？患者：兄弟姐妹没有类似情况，孩子目前也没有出现过。医生：最后问一下，近期有没有旅行、腹泻或感冒，是否接触特殊环境？平常作息和运动规律吗？患者：发作前一天参加聚会喝了酒，又连续熬夜到凌晨。
,,医生：您好，别紧张，今天主要是哪里感觉异常？患者：医生，我刚才骑自行车去买东西，正骑着呢，右边手脚突然不听使唤了，连刹车都捏不住，直接连人带车摔进了绿化带，现在右边身子麻得很。医生：突发的单侧失控很危险。除了麻木无力，您最近有没有觉得头痛，或者看东西觉得某一边看不清，身边人说您性格有改变？患者：头摔进去之前就很痛。我老婆说我这几天总是不可理喻，动不动就发脾气。医生：好的。您以前被确诊过高血压吗？或者做检查时发现过脑部血管的异常吗？患者：有高血压，一直懒得吃药。血管异常没查过。医生：您的父母或直系亲属里，有没有得过偏瘫或者心脑血管疾病的？患者：我爸也是因为高血压引起的脑出血走的。医生：明白了。您平时吃饭口味重吗？刚才骑车是不是遇到什么紧急情况或者情绪很激动？患者：饭菜一直挺咸的。刚才有个电动车突然窜出来，我吓了一跳，气得大骂了一句，紧接着就发病了。,医生：您好，请您从最开始的不舒服说起，哪里最明显？患者：医生您好，主要是抽搐后短暂嗜睡。有时先觉得胃里往上冒一股怪感觉，接着就听不清别人说话，嘴角会动，过后记忆空一段。医生：这些表现是突然出现还是逐渐加重？大概从什么时候开始，最明显影响到什么活动？患者：不是一直不舒服，而是反复突然出现，最近在睡眠差时更明显。医生：我还想问发作细节：每次持续多久，能不能被叫醒，发作时有没有双眼上翻、口吐白沫、肢体僵硬或抽动？患者：发作前偶尔会闻到说不出的怪味，胸口发慌；有一次咬破舌头，醒后很困，半天缓不过来。发作间期能正常交流，只是担心再发。医生：之前身体状况怎么样？有没有类似症状、慢性病、外伤史，或体检提示过异常？患者：几年前头部受过外伤，当时缝过针，后来偶尔会有短暂发呆。医生：您的家人中有没有人年轻或年老后出现过相似表现，或者被反复要求做头部、神经方面检查？患者：母亲说外婆曾经有过突然倒地抽动，但那时没查清楚。医生：最后了解一下生活习惯。您平时作息、饮食、运动、吸烟饮酒情况怎么样？最近有没有劳累、熬夜、感染或情绪波动？患者：工作倒班，作息乱，咖啡喝得多，压力大。
,,医生：您好，看您身上还有酒味，今天是出了什么状况？患者：大夫，我刚才在夜市跟朋友喝酒，正举着酒杯呢，左手突然一点力气都没了，酒杯砸个稀巴烂，想站起来腿也打软。医生：了解。除了这种突发的无力，您有没有觉得剧烈头痛，或者最近脾气改变，甚至看东西觉得一边视野少了一块？患者：头现在痛得像针扎。脾气确实暴躁，刚才喝酒时还跟隔壁桌发生了点口角。医生：好的。您以前有高血压的病史吗？或者做过脑部检查提示有血管病变？患者：高血压好多年了，一直没管。脑部检查从来没做过。医生：那您的家族长辈中，有没有人有过中风或者血管破裂的情况？患者：我爷爷以前就是喝酒的时候突然中风偏瘫的。医生：明白了。您平时饮食是不是重油重盐？今天是不是喝得比较多又情绪激动了？患者：就爱吃重口味的下酒菜。今天确实喝了几瓶白的，又跟人吵架，气血上涌。,医生：您好，您这次来看诊，主要是哪方面的问题？患者：医生您好，主要是反复愣神、叫不应。最近反复出现发呆，正在说话会突然停住，手里的东西掉了，十几秒后又接着做事。医生：我明白了。请您再具体说说，当时最早出现的症状是什么，后来又有什么变化？患者：每次都是一阵一阵的，持续几十秒到几分钟，过后自己记不清，最近发作次数变多。医生：我还想问发作细节：每次持续多久，能不能被叫醒，发作时有没有双眼上翻、口吐白沫、肢体僵硬或抽动？患者：发作前偶尔会闻到说不出的怪味，胸口发慌；有一次咬破舌头，醒后很困，半天缓不过来。平时不发作时基本正常，没有持续偏瘫。医生：我再问一下过去的身体情况：以前出现过这样的症状吗？有没有长期疾病、外伤、手术或正在服用的药物？患者：曾在外院做过脑电检查，说有异常放电，但后来没规律复查。医生：再了解一下家族情况。您的父母、兄弟姐妹或子女中，有没有人出现过类似症状，或有相关的长期疾病？患者：母亲说外婆曾经有过突然倒地抽动，但那时没查清楚。医生：我还想了解生活和诱因：最近睡眠、压力、饮食、饮酒、吸烟、运动，以及外出或特殊接触情况如何？患者：工作倒班，作息乱，咖啡喝得多，压力大。
,,医生：您好，请坐，今天是哪里不舒服赶紧过来了？患者：医生，我刚才站在凳子上换家里的灯泡，脖子一直仰着，突然就觉得一阵头晕头痛，接着右半边身子一麻，直接从凳子上摔下来了，现在手脚都动不了。医生：突发的头痛和半身麻木一定要重视。除了手脚动不了，您这几天有没有觉得脾气比平时大，或者发现某一边看东西看不清？患者：这两天确实老觉得右边眼睛看东西灰蒙蒙的。脾气也大，刚才换灯泡时老伴在下面唠叨，我还把她大骂了一顿。医生：好的。您以前有高血压的毛病吗？或者体检有没有提示过脑部有些小血管的异常？患者：高血压有几年了。上次体检大夫说脑子里有点淀粉样血管改变，让我别激动。医生：那您的父母兄弟里，有没有人得过中风或者类似的高血压并发症？患者：我亲哥前两年脑出血，现在偏瘫着呢。医生：最后了解下，您平时口味偏重吗？刚才换灯泡是不是过度劳累加情绪激动了？患者：口味挺重的。刚才仰着头半天弄不好，老伴又唠叨，我心里一急就出事了。,医生：您好，您这次来看诊，主要是哪方面的问题？患者：医生您好，主要是抽搐后短暂嗜睡。最近反复出现发呆，正在说话会突然停住，手里的东西掉了，十几秒后又接着做事。医生：我明白了。请您再具体说说，当时最早出现的症状是什么，后来又有什么变化？患者：每次都是一阵一阵的，持续几十秒到几分钟，过后自己记不清，最近发作次数变多。医生：我还想问发作细节：每次持续多久，能不能被叫醒，发作时有没有双眼上翻、口吐白沫、肢体僵硬或抽动？患者：发作前偶尔会闻到说不出的怪味，胸口发慌；有一次咬破舌头，醒后很困，半天缓不过来。平时不发作时基本正常，没有持续偏瘫。医生：我再问一下过去的身体情况：以前出现过这样的症状吗？有没有长期疾病、外伤、手术或正在服用的药物？患者：几年前头部受过外伤，当时缝过针，后来偶尔会有短暂发呆。医生：您的家人中有没有人年轻或年老后出现过相似表现，或者被反复要求做头部、神经方面检查？患者：母亲说外婆曾经有过突然倒地抽动，但那时没查清楚。医生：我还想了解生活和诱因：最近睡眠、压力、饮食、饮酒、吸烟、运动，以及外出或特殊接触情况如何？患者：工作倒班，作息乱，咖啡喝得多，压力大。
,,医生：您好，请坐，今天是怎么个情况让您急着过来？患者：医生，我刚才和邻居下象棋，连输了三盘，最后一盘眼看又要输，我一激动，突然感觉脑袋里“轰”的一声，左边胳膊和左边腿就完全不听使唤了。医生：情绪激动诱发的偏身无力需要高度重视。除了肢体问题，您发病前有没有觉得头痛恶心，或者看棋盘时觉得视野有一部分缺失，脾气反常？患者：头痛得厉害，直犯恶心。刚才看棋盘确实觉得左边那几颗棋子模模糊糊的。脾气这两天是一直很大。医生：好的。您以前有高血压病史吗？或者医生有没有提过您脑部有老年性淀粉样血管病？患者：高血压有十几年了。体检时医生说过脑血管有淀粉样改变，让我别动怒。医生：那您的直系亲属中，有没有人发生过突发的脑偏瘫？患者：我父亲以前就是下棋激动脑出血走的。医生：明白了。您平时饮食是不是比较咸？刚才下棋真的是气急败坏了吗？患者：我就好一口咸菜。刚才输棋确实气得我脸红脖子粗的。,医生：您好，您这次来看诊，主要是哪方面的问题？患者：医生您好，主要是夜间突然四肢抖动。有时先觉得胃里往上冒一股怪感觉，接着就听不清别人说话，嘴角会动，过后记忆空一段。医生：好的。这个情况持续了多久？中间有没有完全缓解，还是一直存在或越来越明显？患者：家人说发作时叫我没反应，过后要缓一会儿才能正常交流。医生：发作前有没有心慌、头晕、闻到怪味、眼前闪光，发作时有没有舌咬伤、尿失禁，发作后是否困倦或头痛？患者：最近熬夜后更容易发生，发作后头痛明显，有一次醒来后右手酸软，过一会儿才好。平时不发作时基本正常，没有持续偏瘫。医生：我再问一下过去的身体情况：以前出现过这样的症状吗？有没有长期疾病、外伤、手术或正在服用的药物？患者：小时候有过高热抽搐，长大后很少，最近这半年又开始反复。医生：再了解一下家族情况。您的父母、兄弟姐妹或子女中，有没有人出现过类似症状，或有相关的长期疾病？患者：兄弟姐妹没有类似情况，孩子目前也没有出现过。医生：我还想了解生活和诱因：最近睡眠、压力、饮食、饮酒、吸烟、运动，以及外出或特殊接触情况如何？患者：平时不太规律吃饭，最近为了赶考试睡得很少。
,,医生：您好，今天是怎么个情况让您赶紧来医院的？患者：大夫，我今天开车在高速上，突然感觉左手握不住方向盘了，踩油门的左脚也使不上劲，连方向都打偏了，吓得我赶紧靠边停车，现在左边身子还是软绵绵的。医生：太危险了，幸好您反应快。那在这之前，您有没有觉得头部胀痛，或者发现看后视镜时某一边看不全，最近脾气有没有改变？患者：您这么一说，这两天看左边后视镜确实觉得有些费劲，总得把头转很大角度。脾气也躁，今天路上还跟人按喇叭较劲来着。医生：好的。那您的既往史里，有没有高血压？或者之前做过头颅检查提示有血管异常吗？患者：血压一直偏高，但我自己觉得头不晕就没吃药。没查过头颅CT。医生：那您的父母亲属里，有没有中风偏瘫的病史？患者：我爸妈都有高血压，我爸晚年也是偏瘫躺在床上的。医生：最后了解一下生活习惯。平时饭菜偏咸吗？今天开车是不是特别疲劳或者急躁？患者：饭菜偏咸，我是北方人嘛。今天连续开了四个多小时车，中途没休息，路上又堵，心里特别窝火。,医生：您好，请您从最开始的不舒服说起，哪里最明显？患者：医生您好，主要是发作性意识丧失。半个月前突然发作一次，家人说我当时眼睛发直，叫我没反应，过了几十秒才缓过来，自己完全记不清。医生：请您描述一下发作或加重时的样子，包括持续时间、部位和对日常活动的影响。患者：每次都是一阵一阵的，持续几十秒到几分钟，过后自己记不清，最近发作次数变多。医生：发作前有没有心慌、头晕、闻到怪味、眼前闪光，发作时有没有舌咬伤、尿失禁，发作后是否困倦或头痛？患者：多数几十秒到两分钟，叫不醒，有时双眼上翻、嘴里有泡沫，过后会迷糊一阵。医生：接下来了解既往情况。您以前有没有类似发作或类似不适？平时有没有慢性病、住院史，或做过相关检查？患者：以前没有明确类似情况，但最近感冒发热后出现过一次明显抽动。医生：家里直系亲属有没有发生过类似的肢体无力、抽搐、手抖、说话或走路异常等情况？患者：表哥小时候有过反复抽搐，长大后好像少了。医生：平时生活习惯方面，是否经常久坐、熬夜、饮食偏咸偏油、饮酒吸烟？发作前有没有特别劳累或不适？患者：最近经常熬夜打游戏，睡眠不足，偶尔喝酒。
,,医生：您好，看您是由家属推过来的，今天主要是怎么了？患者：大夫，我今天早上刚睡醒，正准备穿衣服，发现左边半边身子一点也不听使唤，好像这半边身子不是我的一样，挣扎了半天都起不来床。医生：这确实很严重。除了身体不受控制，您有没有觉得头很痛，或者发现自己某一边看东西看不见，最近性格有没有突然变得古怪？患者：头有一点痛，像针扎一样。性格的话，我老伴说我这几天总是不可理喻，像变了个人。看东西倒没注意。医生：好的。那您以前查出过高血压吗？或者医生有没有提过您脑部有微小血管病变？患者：血压偏高一直有，我都没怎么管它。以前拍片子大夫说脑血管有些淀粉样改变啥的。医生：那您的家族里，有没有人有类似中风的病史？患者：我母亲七十岁的时候也是这样半身不遂的。医生：最后问问生活习惯。您平时吃东西咸吗？昨晚睡觉前有没有什么剧烈活动或者情绪激动？患者：我爱吃重口味的。昨晚睡觉前看了一场足球赛，我支持的球队输了，气得我砸了遥控器才睡的。,医生：您好，今天主要因为什么不舒服来就诊？患者：医生您好，主要是发作性意识丧失。有时先觉得胃里往上冒一股怪感觉，接着就听不清别人说话，嘴角会动，过后记忆空一段。医生：这些表现是突然出现还是逐渐加重？大概从什么时候开始，最明显影响到什么活动？患者：不是一直不舒服，而是反复突然出现，最近在睡眠差时更明显。医生：发作前有没有心慌、头晕、闻到怪味、眼前闪光，发作时有没有舌咬伤、尿失禁，发作后是否困倦或头痛？患者：发作前偶尔会闻到说不出的怪味，胸口发慌；有一次咬破舌头，醒后很困，半天缓不过来。平时不发作时基本正常，没有持续偏瘫。医生：关于既往史，您之前有没有因为神经、头部、肌肉无力或意识变化等问题就医？平时有什么基础病？患者：小时候有过高热抽搐，长大后很少，最近这半年又开始反复。医生：家里直系亲属有没有发生过类似的肢体无力、抽搐、手抖、说话或走路异常等情况？患者：表哥小时候有过反复抽搐，长大后好像少了。医生：平时生活习惯方面，是否经常久坐、熬夜、饮食偏咸偏油、饮酒吸烟？发作前有没有特别劳累或不适？患者：工作倒班，作息乱，咖啡喝得多，压力大。
,,医生：您好，别急，今天是哪里突发了不舒服？患者：医生，我刚才在阳台给花浇水，那个大花盆我想搬动一下，刚一使劲，突然头痛得像要炸开，左边半个身子瞬间就没了力气，直接趴在了地上。医生：突发头痛和偏身无力必须要立刻就诊。除了这个，您最近有没有觉得看东西视野有些缺损，或者变得极度容易发怒？患者：视野缺损有一点，总觉得左边眼角灰蒙蒙的。脾气也躁，昨天还无缘无故把老伴骂了一顿。医生：好的。您以前查出过高血压吗？或者有没有医生说您脑部有血管病变？患者：血压高一直都有，吃药不规律。血管病变没查过。医生：那您的家族里，有没有人有类似脑血管破裂或者偏瘫的病史？患者：我父亲晚年就是脑出血偏瘫的。医生：明白了。您平时口味重吗？刚才搬花盆是不是憋气用力过猛了？患者：口味比较重，爱吃咸。刚才那花盆特别沉，我确实是憋了一大口气猛搬的。,医生：您好，我先了解一下，最让您担心的症状是什么？患者：医生您好，主要是抽搐后短暂嗜睡。3天前突然发作一次，家人说我当时眼睛发直，叫我没反应，过了几十秒才缓过来，自己完全记不清。医生：这些表现是突然出现还是逐渐加重？大概从什么时候开始，最明显影响到什么活动？患者：发作前不一定有感觉，有时只是突然断片，醒来后很困，头也胀。医生：这些情况多在睡眠不足、发热、饮酒、情绪紧张后出现吗？发作后有没有短暂说不清话或一侧肢体没劲？患者：发作前偶尔会闻到说不出的怪味，胸口发慌；有一次咬破舌头，醒后很困，半天缓不过来。医生：关于既往史，您之前有没有因为神经、头部、肌肉无力或意识变化等问题就医？平时有什么基础病？患者：以前没有明确类似情况，但最近感冒发热后出现过一次明显抽动。医生：再了解一下家族情况。您的父母、兄弟姐妹或子女中，有没有人出现过类似症状，或有相关的长期疾病？患者：家里没有人长期这样发作，父亲年轻时据说有过几次晕倒。医生：我还想了解生活和诱因：最近睡眠、压力、饮食、饮酒、吸烟、运动，以及外出或特殊接触情况如何？患者：平时不太规律吃饭，最近为了赶考试睡得很少。
,,医生：您好，看您脸色发白，今天主要是哪里不舒服？患者：大夫，我刚才在家里搬沙发，推了几下推不动，我猛地一发力，突然脑袋后面一阵剧痛，左边身子瞬间软绵绵的，直接趴沙发上了。医生：搬重物突发的头痛和偏侧无力要引起警惕。除了这个，这两天有没有觉得左眼看东西缺了一半，或者觉得脾气变得很坏？患者：左眼确实总觉得眼角那边黑乎乎的看不全。脾气这几天一直很坏，干什么都不顺心。医生：好的。您以前查出过高血压吗？或者体检有没有提示过脑部有淀粉样血管病？患者：高血压有十来年了。前年体检说有轻微的脑部淀粉样血管病改变。医生：您的家族里，有没有长辈得过偏瘫或者脑梗脑出血？患者：我父亲晚年就是因为脑梗偏瘫卧床的。医生：了解。您平时口味重吗？刚才搬沙发是不是屏住呼吸强行用力的？患者：平时爱吃咸腊肉。刚才确实是深吸一口气憋着猛推的。,医生：您好，请您从最开始的不舒服说起，哪里最明显？患者：医生您好，主要是夜间突然四肢抖动。3天前突然发作一次，家人说我当时眼睛发直，叫我没反应，过了几十秒才缓过来，自己完全记不清。医生：请您描述一下发作或加重时的样子，包括持续时间、部位和对日常活动的影响。患者：发作前不一定有感觉，有时只是突然断片，醒来后很困，头也胀。医生：发作前有没有心慌、头晕、闻到怪味、眼前闪光，发作时有没有舌咬伤、尿失禁，发作后是否困倦或头痛？患者：多数几十秒到两分钟，叫不醒，有时双眼上翻、嘴里有泡沫，过后会迷糊一阵。医生：关于既往史，您之前有没有因为神经、头部、肌肉无力或意识变化等问题就医？平时有什么基础病？患者：曾在外院做过脑电检查，说有异常放电，但后来没规律复查。医生：家里直系亲属有没有发生过类似的肢体无力、抽搐、手抖、说话或走路异常等情况？患者：表哥小时候有过反复抽搐，长大后好像少了。医生：我还想了解生活和诱因：最近睡眠、压力、饮食、饮酒、吸烟、运动，以及外出或特殊接触情况如何？患者：发作前一天参加聚会喝了酒，又连续熬夜到凌晨。
,,医生：您好，看您脸色不太好，今天是哪里突然不舒服？患者：医生，我在家里踩着人字梯想把客厅那个很厚重的大窗帘挂上去，仰着头双手举了半天，突然觉得脑袋被重击了一下，接着右半边身子一软，直接从梯子上翻下来了。医生：仰头举重物突发的头痛和偏瘫要高度警惕。除了这个，这两天有没有觉得看东西视野有一半看不清，或者脾气比平时暴躁很多？患者：右眼确实总觉得眼角那边黑乎乎的。脾气也很差，刚才挂窗帘挂不上我还在骂骂咧咧的。医生：好的。您以前查出过高血压吗？或者体检有没有提示过脑血管有异常老化？患者：高血压有十来年了。大夫提过脑部血管有异常退化。医生：您的家族里，有没有长辈得过偏瘫或者高血压的严重并发症？患者：我母亲以前就是高血压引起的脑出血偏瘫。医生：了解。您平时口味重吗？刚才挂窗帘是不是仰着脖子一直憋着劲？患者：平时爱吃咸腊肉。刚才举着太累了，一直憋着气硬撑。,医生：您好，您这次来看诊，主要是哪方面的问题？患者：医生您好，主要是发作性口角抽动伴不能回忆。昨天夜里家人发现我四肢抖动、牙关咬紧，持续一两分钟，醒后特别困，头也疼。医生：这些表现是突然出现还是逐渐加重？大概从什么时候开始，最明显影响到什么活动？患者：不是一直不舒服，而是反复突然出现，最近在睡眠差时更明显。医生：我还想问发作细节：每次持续多久，能不能被叫醒，发作时有没有双眼上翻、口吐白沫、肢体僵硬或抽动？患者：发作前偶尔会闻到说不出的怪味，胸口发慌；有一次咬破舌头，醒后很困，半天缓不过来。医生：接下来了解既往情况。您以前有没有类似发作或类似不适？平时有没有慢性病、住院史，或做过相关检查？患者：曾在外院做过脑电检查，说有异常放电，但后来没规律复查。医生：再了解一下家族情况。您的父母、兄弟姐妹或子女中，有没有人出现过类似症状，或有相关的长期疾病？患者：母亲说外婆曾经有过突然倒地抽动，但那时没查清楚。医生：我还想了解生活和诱因：最近睡眠、压力、饮食、饮酒、吸烟、运动，以及外出或特殊接触情况如何？患者：工作倒班，作息乱，咖啡喝得多，压力大。
,,医生：您好，别着急，慢慢说今天是怎么个情况？患者：大夫，我今天早上在公园打太极，刚抬起右腿，突然右半边身子一软，整个人就栽倒了。现在右边胳膊根本抬不起来，说话也感觉舌头发硬，含含糊糊的。医生：突发的单侧无力和言语不清确实需要警惕。除了这个，最近有没有觉得头痛，或者看东西觉得视野缺损，甚至家里人有没有说您脾气变差了？患者：头倒是不怎么痛，但我老伴确实抱怨我这两天像吃了枪药，一点小事就发火。昨天我看电视，总觉得屏幕右边看不清。医生：好的，这些细节很重要。您以前查出过高血压吗？或者体检有没有提示过脑部有些小血管的病变？患者：我有高血压六七年了，平时不难受就不吃药。去年体检说有什么淀粉样血管改变，我也没听懂。医生：明白了。您的父母或兄弟姐妹里，有没有人有高血压或者突然偏瘫的病史？患者：我爸妈都有高血压，我妈就是七十多岁的时候突然偏瘫卧床的。医生：最后了解下您的生活习惯。您平时口味重吗？发病前有没有什么情绪激动或者特别劳累的事？患者：我就爱吃咸菜腐乳。早上出门前刚跟我儿子因为孙子上学的事吵了一架，气得我一直喘粗气。,医生：您好，您这次来看诊，主要是哪方面的问题？患者：医生您好，主要是发作性意识丧失。最近反复出现发呆，正在说话会突然停住，手里的东西掉了，十几秒后又接着做事。医生：请您描述一下发作或加重时的样子，包括持续时间、部位和对日常活动的影响。患者：不是一直不舒服，而是反复突然出现，最近在睡眠差时更明显。医生：发作前有没有心慌、头晕、闻到怪味、眼前闪光，发作时有没有舌咬伤、尿失禁，发作后是否困倦或头痛？患者：多数几十秒到两分钟，叫不醒，有时双眼上翻、嘴里有泡沫，过后会迷糊一阵。医生：之前身体状况怎么样？有没有类似症状、慢性病、外伤史，或体检提示过异常？患者：小时候有过高热抽搐，长大后很少，最近这半年又开始反复。医生：家里直系亲属有没有发生过类似的肢体无力、抽搐、手抖、说话或走路异常等情况？患者：兄弟姐妹没有类似情况，孩子目前也没有出现过。医生：我还想了解生活和诱因：最近睡眠、压力、饮食、饮酒、吸烟、运动，以及外出或特殊接触情况如何？患者：工作倒班，作息乱，咖啡喝得多，压力大。
,,医生：您好，看您是由家属扶着进来的，今天主要哪里不舒服？患者：哎哟医生，我刚才在麻将馆打牌，正准备摸牌呢，右手突然一点力气都没了，麻将全撒地上了。我想站起来，结果右腿也软，差点摔一跤。医生：了解了。那除了手脚没力气，您这两天有没有觉得后脑勺闷痛，或者偶尔觉得一侧眼睛看东西模糊，脾气也比较急躁？患者：脾气是有点急，刚才牌友出牌慢我都吼了人家两句。后脑勺确实有点闷痛，感觉一跳一跳的。医生：好的。那您以前有没有被确诊过高血压？或者做脑部CT时医生提过脑血管微小异常吗？患者：血压偏高是常态了，我都习惯了。前两年拍片子，医生说脑子里有斑块和小血管老化，我以为老年人都这样。医生：那您的直系亲属里，有没有得过脑卒中或者高血压的？患者：我大哥前几年就是高血压没控制住，中风走的。医生：明白了。您平时的饮食偏咸还是偏淡？最近有没有过度疲劳或者情绪大起大落？患者：我口味重，做菜放盐多。今天打麻将连输了好几把，心里特别憋屈窝火，正急着翻本呢，就成这样了。,医生：您好，请您从最开始的不舒服说起，哪里最明显？患者：医生您好，主要是反复愣神、叫不应。十来天前突然发作一次，家人说我当时眼睛发直，叫我没反应，过了几十秒才缓过来，自己完全记不清。医生：这些表现是突然出现还是逐渐加重？大概从什么时候开始，最明显影响到什么活动？患者：家人说发作时叫我没反应，过后要缓一会儿才能正常交流。医生：我还想问发作细节：每次持续多久，能不能被叫醒，发作时有没有双眼上翻、口吐白沫、肢体僵硬或抽动？患者：最近熬夜后更容易发生，发作后头痛明显，有一次醒来后右手酸软，过一会儿才好。医生：我再问一下过去的身体情况：以前出现过这样的症状吗？有没有长期疾病、外伤、手术或正在服用的药物？患者：几年前头部受过外伤，当时缝过针，后来偶尔会有短暂发呆。医生：再了解一下家族情况。您的父母、兄弟姐妹或子女中，有没有人出现过类似症状，或有相关的长期疾病？患者：表哥小时候有过反复抽搐，长大后好像少了。医生：最后了解一下生活习惯。您平时作息、饮食、运动、吸烟饮酒情况怎么样？最近有没有劳累、熬夜、感染或情绪波动？患者：最近经常熬夜打游戏，睡眠不足，偶尔喝酒。
,,医生：您好，您这是怎么了，怎么满头大汗的？患者：医生，我刚才在楼下提一桶纯净水上楼，刚到三楼，突然觉得脑袋里“嗡”的一声，紧接着左半边身子就麻了，水桶直接砸脚上了，我现在说话都觉得嘴巴瓢。医生：这种情况不能大意。除了刚才说的，您最近几天有没有觉得头痛剧烈，或者看东西有重影，身边人觉得您性格变古怪了？患者：头痛刚刚提水的时候特别明显，像要炸开一样。看东西这几天确实有点迷糊，总觉得眼角那边被什么挡住了。医生：好的。那回忆一下，以前查出过血压高吗？或者医生有没有说过您有血管畸形或者淀粉样血管病？患者：血压高啊，高压常年160。至于血管畸形什么的，我从来没去查过脑子，不清楚。医生：了解。家族里，比如父母长辈，有没有人脑部血管出过问题或者偏瘫过？患者：我爷爷以前是偏瘫，在轮椅上坐了十年。医生：最后问问您的生活习惯。平时抽烟喝酒多吗？刚才提水是不是用了很大的猛力？患者：烟酒我都沾。刚才提水确实是一口长气憋着，猛地一使劲，可能就是那一下憋坏了。,医生：您好，您这次来看诊，主要是哪方面的问题？患者：医生您好，主要是夜间突然四肢抖动。半天前突然发作一次，家人说我当时眼睛发直，叫我没反应，过了几十秒才缓过来，自己完全记不清。医生：这些表现是突然出现还是逐渐加重？大概从什么时候开始，最明显影响到什么活动？患者：发作前不一定有感觉，有时只是突然断片，醒来后很困，头也胀。医生：发作前有没有心慌、头晕、闻到怪味、眼前闪光，发作时有没有舌咬伤、尿失禁，发作后是否困倦或头痛？患者：多数几十秒到两分钟，叫不醒，有时双眼上翻、嘴里有泡沫，过后会迷糊一阵。医生：接下来了解既往情况。您以前有没有类似发作或类似不适？平时有没有慢性病、住院史，或做过相关检查？患者：曾在外院做过脑电检查，说有异常放电，但后来没规律复查。医生：从家族史方面看，家里有没有人有类似发作，或者长期的神经系统、肌肉无力、脑血管方面问题？患者：表哥小时候有过反复抽搐，长大后好像少了。医生：最后了解一下生活习惯。您平时作息、饮食、运动、吸烟饮酒情况怎么样？最近有没有劳累、熬夜、感染或情绪波动？患者：工作倒班，作息乱，咖啡喝得多，压力大。
,,医生：您好，不要紧张，慢慢说今天哪里不舒服？患者：医生，我刚才正在厨房切菜准备做晚饭，突然右手就软了，菜刀“当啷”掉在菜板上，接着我就觉得右边腿也发沉，说话也变得大舌头了。医生：了解。除了这种突发的半身无力和说话不清，您这两天有没有觉得头有些剧痛，或者觉得眼前视力有缺损，容易发脾气？患者：头倒是不怎么痛，就是觉得很胀。脾气最近是挺大，刚还在厨房把孙子骂了一顿。医生：好的。那您以前有没有被确诊过高血压？或者体检有没有提示过脑部有淀粉样血管病之类的？患者：我有高血压，吃了几年药了。之前医生说我脑子里有点血管老化，我也没细问。医生：那您的直系亲属里有没有人发生过类似的情况？患者：我亲妹妹去年也是突然偏瘫，说是脑子里的血管出了问题。医生：明白了。您平时做菜放盐多吗？刚才发病前是不是有什么情绪上的起伏？患者：做菜确实喜欢多放盐。刚才就是因为孙子把酱油瓶打翻了，我气得不行，大声骂他，刚骂完就发病了。,医生：您好，今天主要因为什么不舒服来就诊？患者：医生您好，主要是抽搐后短暂嗜睡。3天前突然发作一次，家人说我当时眼睛发直，叫我没反应，过了几十秒才缓过来，自己完全记不清。医生：这些表现是突然出现还是逐渐加重？大概从什么时候开始，最明显影响到什么活动？患者：不是一直不舒服，而是反复突然出现，最近在睡眠差时更明显。医生：这些情况多在睡眠不足、发热、饮酒、情绪紧张后出现吗？发作后有没有短暂说不清话或一侧肢体没劲？患者：多数几十秒到两分钟，叫不醒，有时双眼上翻、嘴里有泡沫，过后会迷糊一阵。医生：之前身体状况怎么样？有没有类似症状、慢性病、外伤史，或体检提示过异常？患者：几年前头部受过外伤，当时缝过针，后来偶尔会有短暂发呆。医生：再了解一下家族情况。您的父母、兄弟姐妹或子女中，有没有人出现过类似症状，或有相关的长期疾病？患者：母亲说外婆曾经有过突然倒地抽动，但那时没查清楚。医生：平时生活习惯方面，是否经常久坐、熬夜、饮食偏咸偏油、饮酒吸烟？发作前有没有特别劳累或不适？患者：发作前一天参加聚会喝了酒，又连续熬夜到凌晨。
,,医生：您好，请坐，今天哪里感觉不舒服？患者：医生，我刚才在小区遛狗，那狗突然猛地一拽绳子，我用力往回一拉，突然间觉得脑袋里一阵剧痛，接着右边身子就麻了，连牵狗绳都抓不住。医生：这种情况很危急。除了头痛和半身发麻，这几天有没有觉得看东西有盲区，或者说话经常找不着词、脾气暴躁？患者：说话找不着词这事这两天确实有，经常话到嘴边忘了。脾气也大，刚才溜狗前还跟邻居吵了几句。医生：好的。那您既往有没有高血压？或者查出过脑血管的问题吗？患者：有高血压，一直靠吃降压药维持。脑部的问题倒是没查过。医生：您的父母或长辈里有没有人有过脑血管破裂或者偏瘫的？患者：我父亲五十多岁的时候突发脑溢血去世的。医生：明白了。您平时的饮食偏咸吗？刚才拉狗的时候是不是觉得血一下涌上头了？患者：平时吃饭挺咸的。刚才那一下确实是憋着一口气，猛地一使劲，就觉得头里“啪”的一声。,医生：您好，我先了解一下，最让您担心的症状是什么？患者：医生您好，主要是夜间突然四肢抖动。有时先觉得胃里往上冒一股怪感觉，接着就听不清别人说话，嘴角会动，过后记忆空一段。医生：我明白了。请您再具体说说，当时最早出现的症状是什么，后来又有什么变化？患者：不是一直不舒服，而是反复突然出现，最近在睡眠差时更明显。医生：我还想问发作细节：每次持续多久，能不能被叫醒，发作时有没有双眼上翻、口吐白沫、肢体僵硬或抽动？患者：发作前偶尔会闻到说不出的怪味，胸口发慌；有一次咬破舌头，醒后很困，半天缓不过来。平时不发作时基本正常，没有持续偏瘫。医生：关于既往史，您之前有没有因为神经、头部、肌肉无力或意识变化等问题就医？平时有什么基础病？患者：以前没有明确类似情况，但最近感冒发热后出现过一次明显抽动。医生：您的家人中有没有人年轻或年老后出现过相似表现，或者被反复要求做头部、神经方面检查？患者：家里没有人长期这样发作，父亲年轻时据说有过几次晕倒。医生：平时生活习惯方面，是否经常久坐、熬夜、饮食偏咸偏油、饮酒吸烟？发作前有没有特别劳累或不适？患者：工作倒班，作息乱，咖啡喝得多，压力大。
,,医生：您好，看您表情很痛苦，今天主要是什么症状？患者：医生，我在卫生间上厕所，有点便秘，我就使劲蹲了一下，结果突然觉得头痛得像要裂开一样，然后右手右脚就失去了知觉，费了好大劲才爬出来。医生：这种突发状况非常危险。除了头痛和手脚没知觉，这两天您有没有觉得某侧视力模糊，或者脾气比平时差很多？患者：这两天确实很容易生气，昨天还因为鸡毛蒜皮的事把碗摔了。眼睛看东西有时候觉得右边模模糊糊的。医生：好的。您之前确诊过高血压吗？或者有没有医生说您脑血管有异常？患者：有高血压，但我没有按时吃药。血管异常没查过。医生：您的父母兄弟里有没有高血压或者偏瘫的病史？患者：我爸是有高血压，后来也是中风偏瘫了。医生：了解。您平时的口味重吗？刚才上厕所是不是过度用力了？患者：平时喜欢吃咸辣的。刚才确实便秘憋得满脸通红，猛地一使劲就坏事了。,医生：您好，您这次来看诊，主要是哪方面的问题？患者：医生您好，主要是发作性口角抽动伴不能回忆。3天前突然发作一次，家人说我当时眼睛发直，叫我没反应，过了几十秒才缓过来，自己完全记不清。医生：这些表现是突然出现还是逐渐加重？大概从什么时候开始，最明显影响到什么活动？患者：每次都是一阵一阵的，持续几十秒到几分钟，过后自己记不清，最近发作次数变多。医生：这些情况多在睡眠不足、发热、饮酒、情绪紧张后出现吗？发作后有没有短暂说不清话或一侧肢体没劲？患者：发作前偶尔会闻到说不出的怪味，胸口发慌；有一次咬破舌头，醒后很困，半天缓不过来。医生：关于既往史，您之前有没有因为神经、头部、肌肉无力或意识变化等问题就医？平时有什么基础病？患者：小时候有过高热抽搐，长大后很少，最近这半年又开始反复。医生：您的家人中有没有人年轻或年老后出现过相似表现，或者被反复要求做头部、神经方面检查？患者：家里没有人长期这样发作，父亲年轻时据说有过几次晕倒。医生：平时生活习惯方面，是否经常久坐、熬夜、饮食偏咸偏油、饮酒吸烟？发作前有没有特别劳累或不适？患者：平时不太规律吃饭，最近为了赶考试睡得很少。
,,医生：您好，看您这么着急，今天是哪里不舒服？患者：大夫，我刚才在广场跳广场舞，正转着圈呢，突然觉得左边半个身子全麻了，直接摔倒在地上，现在说话也不清楚，舌头直打卷。医生：突发的半身麻木和口齿不清不能大意。除了这个，您有没有觉得头里面痛得厉害，或者最近看东西有一边像被遮住，性格脾气有变化吗？患者：头是有点痛。看东西昨天就觉得眼角那边黑乎乎的。脾气也急，刚才跳舞时还跟人因为占位置吵了一架。医生：好的。您以前有高血压病史吗？或者体检提示过脑部血管的问题？患者：有高血压，药吃完了几天没去买。脑血管没怎么查过。医生：那您的家族里，有没有长辈得过偏瘫或者高血压？患者：我母亲以前就是高血压引起的偏瘫。医生：明白了。您平时吃饭放盐多吗？刚才跳舞是不是运动量有些过大？患者：饭菜挺咸的。今天为了比赛，连着跳了两个小时没休息，确实有些累过头了。,医生：您好，今天主要因为什么不舒服来就诊？患者：医生您好，主要是发作性口角抽动伴不能回忆。1天前突然发作一次，家人说我当时眼睛发直，叫我没反应，过了几十秒才缓过来，自己完全记不清。医生：请您描述一下发作或加重时的样子，包括持续时间、部位和对日常活动的影响。患者：每次都是一阵一阵的，持续几十秒到几分钟，过后自己记不清，最近发作次数变多。医生：发作前有没有心慌、头晕、闻到怪味、眼前闪光，发作时有没有舌咬伤、尿失禁，发作后是否困倦或头痛？患者：发作前偶尔会闻到说不出的怪味，胸口发慌；有一次咬破舌头，醒后很困，半天缓不过来。发作间期能正常交流，只是担心再发。医生：接下来了解既往情况。您以前有没有类似发作或类似不适？平时有没有慢性病、住院史，或做过相关检查？患者：曾在外院做过脑电检查，说有异常放电，但后来没规律复查。医生：您的家人中有没有人年轻或年老后出现过相似表现，或者被反复要求做头部、神经方面检查？患者：母亲说外婆曾经有过突然倒地抽动，但那时没查清楚。医生：最后了解一下生活习惯。您平时作息、饮食、运动、吸烟饮酒情况怎么样？最近有没有劳累、熬夜、感染或情绪波动？患者：工作倒班，作息乱，咖啡喝得多，压力大。
,,医生：您好，慢慢说，今天是哪里突发了不舒服？患者：医生，我刚才正在训我家那个不听话的熊孩子，气得我跳着脚骂，突然就觉得脑袋后面剧痛，然后右手手里的衣架就掉地上了，整条右胳膊和右腿全软了。医生：突发的头痛伴随半身无力非常值得警惕。除了这些，您这几天有没有觉得脾气变得很反常，或者偶尔有一侧眼睛视力模糊？患者：脾气确实反常，这两天跟火药桶一样一点就着。视力倒没注意。医生：好的。您既往有没有高血压？或者查出过血管畸形之类的问题？患者：我是有高血压，不过觉得自己还年轻，没怎么按时吃药。血管畸形没听说过。医生：您的父母亲属中有没有患严重高血压或者中风的？患者：我爸就是因为严重的高血压，突发脑溢血没的。医生：最后问问，您平时的饮食偏咸吗？刚才发火的时候是不是感觉血压一下飙升了？患者：喜欢吃咸菜。刚才骂孩子的时候确实气得两眼发黑，感觉头都要炸了。,医生：您好，今天主要因为什么不舒服来就诊？患者：医生您好，主要是夜间突然四肢抖动。有时先觉得胃里往上冒一股怪感觉，接着就听不清别人说话，嘴角会动，过后记忆空一段。医生：这些表现是突然出现还是逐渐加重？大概从什么时候开始，最明显影响到什么活动？患者：不是一直不舒服，而是反复突然出现，最近在睡眠差时更明显。医生：这些情况多在睡眠不足、发热、饮酒、情绪紧张后出现吗？发作后有没有短暂说不清话或一侧肢体没劲？患者：最近熬夜后更容易发生，发作后头痛明显，有一次醒来后右手酸软，过一会儿才好。发作间期能正常交流，只是担心再发。医生：接下来了解既往情况。您以前有没有类似发作或类似不适？平时有没有慢性病、住院史，或做过相关检查？患者：几年前头部受过外伤，当时缝过针，后来偶尔会有短暂发呆。医生：您的家人中有没有人年轻或年老后出现过相似表现，或者被反复要求做头部、神经方面检查？患者：家里没有人长期这样发作，父亲年轻时据说有过几次晕倒。医生：最后了解一下生活习惯。您平时作息、饮食、运动、吸烟饮酒情况怎么样？最近有没有劳累、熬夜、感染或情绪波动？患者：发作前一天参加聚会喝了酒，又连续熬夜到凌晨。
,,医生：您好，看您脸色煞白，今天遇到什么突发情况了？患者：大夫，我在菜市场买菜，正拎着两大袋土豆准备回家，突然觉得左边胳膊剧烈一酸，一点力气都没了，袋子全掉地上了，左腿也跟着发软。医生：这情况不能耽误。除了半身无力，这两天有没有觉得头有些胀痛，或者发现自己看东西有一侧视野缺损，脾气也变得容易急躁？患者：头是有点胀。视野倒没觉得。不过脾气是真的急，刚才在菜场还跟小贩因为几毛钱吵得不可开交。医生：好的。您有高血压的病史吗？或者医生有没有提过您的脑血管有一些退化或者病变？患者：血压常年偏高，吃药也不规律。医生没提过脑血管退化。医生：那您的家族里，有没有人有过高血压或者偏瘫的病史？患者：我母亲以前高血压中风，在床上躺了七八年。医生：了解。您平时饮食是不是偏咸？刚才提重物是不是憋了一股气？患者：是爱吃咸的。刚才两袋土豆确实挺重，我猛地一提，就觉得头“嗡”了一下。,医生：您好，今天主要因为什么不舒服来就诊？患者：医生您好，主要是反复愣神、叫不应。最近反复出现发呆，正在说话会突然停住，手里的东西掉了，十几秒后又接着做事。医生：请您描述一下发作或加重时的样子，包括持续时间、部位和对日常活动的影响。患者：每次都是一阵一阵的，持续几十秒到几分钟，过后自己记不清，最近发作次数变多。医生：我还想问发作细节：每次持续多久，能不能被叫醒，发作时有没有双眼上翻、口吐白沫、肢体僵硬或抽动？患者：多数几十秒到两分钟，叫不醒，有时双眼上翻、嘴里有泡沫，过后会迷糊一阵。医生：关于既往史，您之前有没有因为神经、头部、肌肉无力或意识变化等问题就医？平时有什么基础病？患者：几年前头部受过外伤，当时缝过针，后来偶尔会有短暂发呆。医生：您的家人中有没有人年轻或年老后出现过相似表现，或者被反复要求做头部、神经方面检查？患者：兄弟姐妹没有类似情况，孩子目前也没有出现过。医生：最后了解一下生活习惯。您平时作息、饮食、运动、吸烟饮酒情况怎么样？最近有没有劳累、熬夜、感染或情绪波动？患者：平时不太规律吃饭，最近为了赶考试睡得很少。
,,医生：您好，看您是由家属送来的，今天主要是怎么了？患者：大夫，我在家里戴着老花镜看报纸，突然发现报纸右半边的字怎么也看不清，接着右边胳膊一软，报纸掉在地上，我想叫人，舌头也不听使唤了。医生：单侧视物不清加上肢体无力、言语困难，这很关键。除了这些，您这两天有没有觉得头隐隐作痛，或者家里人觉得您脾气变得暴躁？患者：头确实痛，像有人拿针在扎。我儿子说我这两天脾气大，像吃了火药。医生：好的。您以前有高血压病史吗？或者体检有没有提示过脑部有老年淀粉样血管病？患者：高血压有七八年了。前年体检是提过一句脑血管淀粉样什么病，但我没在意。医生：那您的直系亲属中，有没有人发生过偏瘫或者脑中风？患者：我大哥几年前就是脑中风瘫痪的。医生：最后了解下，您平时的饮食是否偏咸？今天看报纸有没有看到什么让您情绪激动的新闻？患者：我喜欢吃腌制食品。今天报纸上看了个气人的新闻，我正拍桌子骂呢，就发作了。,医生：您好，请您从最开始的不舒服说起，哪里最明显？患者：医生您好，主要是发作性口角抽动伴不能回忆。一周前突然发作一次，家人说我当时眼睛发直，叫我没反应，过了几十秒才缓过来，自己完全记不清。医生：我明白了。请您再具体说说，当时最早出现的症状是什么，后来又有什么变化？患者：每次都是一阵一阵的，持续几十秒到几分钟，过后自己记不清，最近发作次数变多。医生：我还想问发作细节：每次持续多久，能不能被叫醒，发作时有没有双眼上翻、口吐白沫、肢体僵硬或抽动？患者：最近熬夜后更容易发生，发作后头痛明显，有一次醒来后右手酸软，过一会儿才好。平时不发作时基本正常，没有持续偏瘫。医生：接下来了解既往情况。您以前有没有类似发作或类似不适？平时有没有慢性病、住院史，或做过相关检查？患者：曾在外院做过脑电检查，说有异常放电，但后来没规律复查。医生：家里直系亲属有没有发生过类似的肢体无力、抽搐、手抖、说话或走路异常等情况？患者：表哥小时候有过反复抽搐，长大后好像少了。医生：最后问一下，近期有没有旅行、腹泻或感冒，是否接触特殊环境？平常作息和运动规律吗？患者：平时不太规律吃饭，最近为了赶考试睡得很少。
,,医生：您好，看您说话有些费力，今天主要是哪里出问题了？患者：大夫，我今天在搞大扫除，踩在椅子上擦窗户，突然觉得右手一麻，抹布掉下去了，接着右腿也软了，赶紧抓着窗框才没摔下来，现在说话都漏风。医生：这种高处作业突发麻木无力很危险。除了这些，您这两天有没有觉得头涨痛，或者发现自己某侧视力模糊，情绪很容易失控？患者：头确实很胀痛。情绪也差，刚才擦窗户因为有点污渍擦不掉，我气得直跺脚。医生：好的。您以前有高血压吗？或者做过检查提示脑血管有异常吗？患者：高血压是老毛病了。脑血管倒没专门查过。医生：您的父母兄弟里，有没有高血压导致的中风或偏瘫？患者：我亲妹妹前几年因为高血压中风了。医生：最后问问，您平时的饮食偏咸吗？刚才擦窗户是不是一直仰着头又很累？患者：喜欢吃咸菜。刚才确实仰头擦了很久，脖子酸，心里也急躁得很。,医生：您好，我先了解一下，最让您担心的症状是什么？患者：医生您好，主要是夜间突然四肢抖动。半天前突然发作一次，家人说我当时眼睛发直，叫我没反应，过了几十秒才缓过来，自己完全记不清。医生：我明白了。请您再具体说说，当时最早出现的症状是什么，后来又有什么变化？患者：家人说发作时叫我没反应，过后要缓一会儿才能正常交流。医生：发作前有没有心慌、头晕、闻到怪味、眼前闪光，发作时有没有舌咬伤、尿失禁，发作后是否困倦或头痛？患者：多数几十秒到两分钟，叫不醒，有时双眼上翻、嘴里有泡沫，过后会迷糊一阵。平时不发作时基本正常，没有持续偏瘫。医生：接下来了解既往情况。您以前有没有类似发作或类似不适？平时有没有慢性病、住院史，或做过相关检查？患者：以前没有明确类似情况，但最近感冒发热后出现过一次明显抽动。医生：从家族史方面看，家里有没有人有类似发作，或者长期的神经系统、肌肉无力、脑血管方面问题？患者：表哥小时候有过反复抽搐，长大后好像少了。医生：我还想了解生活和诱因：最近睡眠、压力、饮食、饮酒、吸烟、运动，以及外出或特殊接触情况如何？患者：平时不太规律吃饭，最近为了赶考试睡得很少。
,,医生：您好，看您是被家属扶着来的，今天是哪里不舒服？患者：大夫，我刚才爬楼梯回家，爬到四楼觉得有点喘，刚停下来歇会儿，突然右半边身子像触了电一样发麻，然后就一点力气都没了，直接顺着楼梯滑下去了。医生：爬楼梯突发半身麻木无力很危险。除了这些，近期您有没有觉得头痛，或者看东西觉得某一边看不全，家里人觉得您脾气变得不可理喻？患者：头这两天偶尔阵痛。我老婆确实说我这几天总是无理取闹，动不动就发脾气。医生：好的。您以前有高血压吗？或者有没有医生说您脑部血管有异常？患者：高血压有，平时偶尔吃降压药。脑血管没查过。医生：您的父母或直系亲属里，有没有中风偏瘫的病史？患者：我母亲七十多岁突发脑梗偏瘫过。医生：了解。您平时饭菜偏咸吗？刚才爬楼梯是不是走得太急，加上情绪也不太好？患者：饭菜偏咸。刚才为了追一条流浪狗走得特别急，心里还挺生气的。,医生：您好，今天主要因为什么不舒服来就诊？患者：医生您好，主要是夜间突然四肢抖动。昨天夜里家人发现我四肢抖动、牙关咬紧，持续一两分钟，醒后特别困，头也疼。医生：好的。这个情况持续了多久？中间有没有完全缓解，还是一直存在或越来越明显？患者：每次都是一阵一阵的，持续几十秒到几分钟，过后自己记不清，最近发作次数变多。医生：发作前有没有心慌、头晕、闻到怪味、眼前闪光，发作时有没有舌咬伤、尿失禁，发作后是否困倦或头痛？患者：多数几十秒到两分钟，叫不醒，有时双眼上翻、嘴里有泡沫，过后会迷糊一阵。发作间期能正常交流，只是担心再发。医生：之前身体状况怎么样？有没有类似症状、慢性病、外伤史，或体检提示过异常？患者：小时候有过高热抽搐，长大后很少，最近这半年又开始反复。医生：家里直系亲属有没有发生过类似的肢体无力、抽搐、手抖、说话或走路异常等情况？患者：兄弟姐妹没有类似情况，孩子目前也没有出现过。医生：平时生活习惯方面，是否经常久坐、熬夜、饮食偏咸偏油、饮酒吸烟？发作前有没有特别劳累或不适？患者：平时不太规律吃饭，最近为了赶考试睡得很少。
,,医生：您好，不要慌，慢慢说今天出了什么事？患者：医生，我刚才在家里扫地，正弯着腰呢，突然觉得头痛得睁不开眼，然后想直起腰，左边胳膊和左腿却像面条一样软了，直接瘫在地上了。医生：弯腰突发的剧烈头痛和偏侧无力要引起警惕。除了这个，这两天有没有觉得左侧视力模糊，或者觉得脾气难以控制？患者：左眼这两天总觉得看东西蒙了一层雾。脾气确实很差，刚才扫地还嫌老伴把地弄脏了，把她吼了一通。医生：好的。您以前查出过高血压吗？或者体检有没有提示过脑部有微小血管病变或淀粉样血管病？患者：高血压一直有。去年体检说有轻微淀粉样血管病，我也没懂是啥意思。医生：您的家族里，有没有人有过偏瘫或者高血压的严重并发症？患者：我大哥前年就是高血压引发了中风。医生：最后了解下，您平时口味重吗？刚才弯腰是不是动作太猛，加上本身在生气？患者：口味比较重，菜里常加盐。刚才确实是一边发火一边猛地弯腰去扫。,医生：您好，您这次来看诊，主要是哪方面的问题？患者：医生您好，主要是发作性口角抽动伴不能回忆。有时先觉得胃里往上冒一股怪感觉，接着就听不清别人说话，嘴角会动，过后记忆空一段。医生：请您描述一下发作或加重时的样子，包括持续时间、部位和对日常活动的影响。患者：家人说发作时叫我没反应，过后要缓一会儿才能正常交流。医生：我还想问发作细节：每次持续多久，能不能被叫醒，发作时有没有双眼上翻、口吐白沫、肢体僵硬或抽动？患者：发作前偶尔会闻到说不出的怪味，胸口发慌；有一次咬破舌头，醒后很困，半天缓不过来。发作间期能正常交流，只是担心再发。医生：我再问一下过去的身体情况：以前出现过这样的症状吗？有没有长期疾病、外伤、手术或正在服用的药物？患者：以前没有明确类似情况，但最近感冒发热后出现过一次明显抽动。医生：再了解一下家族情况。您的父母、兄弟姐妹或子女中，有没有人出现过类似症状，或有相关的长期疾病？患者：表哥小时候有过反复抽搐，长大后好像少了。医生：最后问一下，近期有没有旅行、腹泻或感冒，是否接触特殊环境？平常作息和运动规律吗？患者：发作前一天参加聚会喝了酒，又连续熬夜到凌晨。
,,医生：您好，看您一直捂着头，今天是哪里突发异常了？患者：大夫，我在阳台晾衣服，正垫着脚挂衣架呢，突然觉得脑袋里像被雷劈了一样痛，然后右边半个身子全麻了，衣服全掉地上，话也说不清楚了。医生：突发的剧烈头痛伴随半身麻木和言语不清很典型。除了这些，最近有没有觉得视野有一边缺失，或者情绪变得非常容易暴躁？患者：最近看右边确实有点看不全。脾气很暴躁，刚才晾衣服时衣架老掉，我气得破口大骂。医生：好的。您有高血压病史吗？或者医生有没有说过您有血管异常？患者：有高血压，药经常忘了吃。血管异常没查过。医生：那您的父母亲属中有没有患严重高血压或者中风的？患者：我爸就是因为高血压突发偏瘫没的。医生：了解。您平时饮食偏咸吗？刚才垫脚挂衣服是不是憋着劲又很生气？患者：平时爱吃咸鸭蛋。刚才垫脚够不着，心里急躁，猛地一使劲就出事了。,医生：您好，今天主要因为什么不舒服来就诊？患者：医生您好，主要是发作性意识丧失。3天前突然发作一次，家人说我当时眼睛发直，叫我没反应，过了几十秒才缓过来，自己完全记不清。医生：我明白了。请您再具体说说，当时最早出现的症状是什么，后来又有什么变化？患者：发作前不一定有感觉，有时只是突然断片，醒来后很困，头也胀。医生：发作前有没有心慌、头晕、闻到怪味、眼前闪光，发作时有没有舌咬伤、尿失禁，发作后是否困倦或头痛？患者：最近熬夜后更容易发生，发作后头痛明显，有一次醒来后右手酸软，过一会儿才好。医生：接下来了解既往情况。您以前有没有类似发作或类似不适？平时有没有慢性病、住院史，或做过相关检查？患者：以前没有明确类似情况，但最近感冒发热后出现过一次明显抽动。医生：您的家人中有没有人年轻或年老后出现过相似表现，或者被反复要求做头部、神经方面检查？患者：母亲说外婆曾经有过突然倒地抽动，但那时没查清楚。医生：最后了解一下生活习惯。您平时作息、饮食、运动、吸烟饮酒情况怎么样？最近有没有劳累、熬夜、感染或情绪波动？患者：最近经常熬夜打游戏，睡眠不足，偶尔喝酒。
,,医生：您好，别着急，今天是哪里不舒服赶紧来医院了？患者：大夫，我刚才在公交站等车，车来了我正准备挤上去，突然觉得右半边身子一点力气都没了，直接被人群挤倒在地，现在说话舌头也发麻。医生：这种突发无力伴舌麻很危险。除了这些，您这两天有没有觉得头很痛，或者发现右侧视力模糊，情绪也特别容易失控？患者：头确实很痛。情绪也很差，刚才等车等了半天不来，心里早就窝了一团火。右眼看东西有点糊。医生：好的。您以前有高血压病史吗？或者做过检查提示脑血管有异常吗？患者：有高血压，一直靠吃降压药控制。脑血管没怎么查过。医生：您的父母兄弟里，有没有中风偏瘫的病史？患者：我亲二哥去年因为高血压中风了。医生：明白了。您平时吃饭放盐多吗？刚才挤公交是不是特别用力又很焦躁？患者：喜欢吃重口味。刚才车来了人多，我拼命往前挤，心里又急又气。,医生：您好，您这次来看诊，主要是哪方面的问题？患者：医生您好，主要是夜间突然四肢抖动。昨天夜里家人发现我四肢抖动、牙关咬紧，持续一两分钟，醒后特别困，头也疼。医生：好的。这个情况持续了多久？中间有没有完全缓解，还是一直存在或越来越明显？患者：发作前不一定有感觉，有时只是突然断片，醒来后很困，头也胀。医生：这些情况多在睡眠不足、发热、饮酒、情绪紧张后出现吗？发作后有没有短暂说不清话或一侧肢体没劲？患者：最近熬夜后更容易发生，发作后头痛明显，有一次醒来后右手酸软，过一会儿才好。平时不发作时基本正常，没有持续偏瘫。医生：接下来了解既往情况。您以前有没有类似发作或类似不适？平时有没有慢性病、住院史，或做过相关检查？患者：以前没有明确类似情况，但最近感冒发热后出现过一次明显抽动。医生：从家族史方面看，家里有没有人有类似发作，或者长期的神经系统、肌肉无力、脑血管方面问题？患者：家里没有人长期这样发作，父亲年轻时据说有过几次晕倒。医生：最后了解一下生活习惯。您平时作息、饮食、运动、吸烟饮酒情况怎么样？最近有没有劳累、熬夜、感染或情绪波动？患者：发作前一天参加聚会喝了酒，又连续熬夜到凌晨。
,,医生：您好，请坐，今天是遇到什么情况急着过来了？患者：医生，我刚才在楼道里跟楼上的邻居因为漏水的事大吵了一架，气得我脸红脖子粗，突然觉得头痛得要命，然后左半边身子就彻底软了，靠在墙上动不了。医生：情绪激动诱发的突发头痛和偏瘫非常关键。除了这个，发病前您有没有觉得左侧视力有盲区，或者这几天脾气一直都很大？患者：这几天脾气确实大，一点火星就着。左眼看东西有时候觉得被什么挡住了一点。医生：好的。您以前有高血压吗？或者体检有没有提示过脑部有老年淀粉样血管病？患者：高血压有六年了。体检报告上写过脑血管有淀粉样改变，让我别动怒。医生：您的直系亲属中，有没有人发生过突发的脑血管破裂或偏瘫？患者：我亲哥前两年就是生气脑出血走的。医生：明白了。您平时饮食是不是比较咸？刚才吵架是不是感觉血都冲到脑门了？患者：我是北方人口味重。刚才吵架确实感觉热血直往头上涌，头都要炸了。,医生：您好，今天主要因为什么不舒服来就诊？患者：医生您好，主要是发作性意识丧失。最近反复出现发呆，正在说话会突然停住，手里的东西掉了，十几秒后又接着做事。医生：请您描述一下发作或加重时的样子，包括持续时间、部位和对日常活动的影响。患者：家人说发作时叫我没反应，过后要缓一会儿才能正常交流。医生：发作前有没有心慌、头晕、闻到怪味、眼前闪光，发作时有没有舌咬伤、尿失禁，发作后是否困倦或头痛？患者：多数几十秒到两分钟，叫不醒，有时双眼上翻、嘴里有泡沫，过后会迷糊一阵。平时不发作时基本正常，没有持续偏瘫。医生：之前身体状况怎么样？有没有类似症状、慢性病、外伤史，或体检提示过异常？患者：小时候有过高热抽搐，长大后很少，最近这半年又开始反复。医生：再了解一下家族情况。您的父母、兄弟姐妹或子女中，有没有人出现过类似症状，或有相关的长期疾病？患者：兄弟姐妹没有类似情况，孩子目前也没有出现过。医生：我还想了解生活和诱因：最近睡眠、压力、饮食、饮酒、吸烟、运动，以及外出或特殊接触情况如何？患者：最近经常熬夜打游戏，睡眠不足，偶尔喝酒。
,,医生：您好，看您脸色不太对，今天主要是哪里不舒服？患者：大夫，我刚才在家里看喜剧节目，碰到一个特别好笑的段子，我仰头哈哈大笑，刚笑完突然觉得脑袋里一痛，右半边身子一麻，然后说话就大舌头了。医生：大笑后突发的头痛、偏身麻木和言语不清很危险。除了这些，这两天有没有觉得看东西视野缺损，或者家里人觉得您性格有变化？患者：看东西这两天偶尔觉得右边有点模糊。家里人说我最近喜怒无常的。医生：好的。您以前查出过高血压吗？或者有没有医生说您脑部血管有异常畸形？患者：高血压有几年了，没规律吃药。血管畸形没查过。医生：那您的家族长辈中，有没有人有过偏瘫或者脑溢血的情况？患者：我父亲以前就是突发脑溢血去世的。医生：最后问问，您平时饮食偏咸吗？刚才大笑是不是用力过猛了？患者：平时喜欢吃咸菜。刚才确实是笑得特别用力，感觉气都喘不上来了。,医生：您好，我先了解一下，最让您担心的症状是什么？患者：医生您好，主要是反复愣神、叫不应。有时先觉得胃里往上冒一股怪感觉，接着就听不清别人说话，嘴角会动，过后记忆空一段。医生：好的。这个情况持续了多久？中间有没有完全缓解，还是一直存在或越来越明显？患者：每次都是一阵一阵的，持续几十秒到几分钟，过后自己记不清，最近发作次数变多。医生：我还想问发作细节：每次持续多久，能不能被叫醒，发作时有没有双眼上翻、口吐白沫、肢体僵硬或抽动？患者：发作前偶尔会闻到说不出的怪味，胸口发慌；有一次咬破舌头，醒后很困，半天缓不过来。平时不发作时基本正常，没有持续偏瘫。医生：关于既往史，您之前有没有因为神经、头部、肌肉无力或意识变化等问题就医？平时有什么基础病？患者：曾在外院做过脑电检查，说有异常放电，但后来没规律复查。医生：您的家人中有没有人年轻或年老后出现过相似表现，或者被反复要求做头部、神经方面检查？患者：兄弟姐妹没有类似情况，孩子目前也没有出现过。医生：最后问一下，近期有没有旅行、腹泻或感冒，是否接触特殊环境？平常作息和运动规律吗？患者：平时不太规律吃饭，最近为了赶考试睡得很少。
,,医生：您好，别着急，今天是哪里突发异常了？患者：医生，我刚才弯腰想把小孙子抱起来，刚一使劲，突然头痛得像被大锤砸了一下，左边胳膊和腿瞬间就软了，直接瘫坐在地上。医生：用力搬重物突发的头痛和单侧无力要高度警惕。除了这个，这两天有没有觉得左眼看东西有一半看不清，或者脾气比平时暴躁？患者：左眼确实总觉得眼角那边黑乎乎的。脾气也很差，刚才抱孙子前还因为他调皮骂了他几句。医生：好的。您以前查出过高血压吗？或者体检有没有提示过脑部有淀粉样血管病？患者：高血压有十来年了。大夫提过脑部有淀粉样血管病改变。医生：您的家族里，有没有长辈得过偏瘫或者高血压的严重并发症？患者：我母亲以前就是高血压引起的偏瘫。医生：了解。您平时口味重吗？刚才抱孙子是不是憋着气猛地一用力？患者：平时爱吃咸腊肉。刚才孙子乱动，我确实是憋着一口气猛地使劲抱的。,医生：您好，我先了解一下，最让您担心的症状是什么？患者：医生您好，主要是发作性意识丧失。最近反复出现发呆，正在说话会突然停住，手里的东西掉了，十几秒后又接着做事。医生：请您描述一下发作或加重时的样子，包括持续时间、部位和对日常活动的影响。患者：每次都是一阵一阵的，持续几十秒到几分钟，过后自己记不清，最近发作次数变多。医生：我还想问发作细节：每次持续多久，能不能被叫醒，发作时有没有双眼上翻、口吐白沫、肢体僵硬或抽动？患者：发作前偶尔会闻到说不出的怪味，胸口发慌；有一次咬破舌头，醒后很困，半天缓不过来。平时不发作时基本正常，没有持续偏瘫。医生：接下来了解既往情况。您以前有没有类似发作或类似不适？平时有没有慢性病、住院史，或做过相关检查？患者：以前没有明确类似情况，但最近感冒发热后出现过一次明显抽动。医生：家里直系亲属有没有发生过类似的肢体无力、抽搐、手抖、说话或走路异常等情况？患者：兄弟姐妹没有类似情况，孩子目前也没有出现过。医生：平时生活习惯方面，是否经常久坐、熬夜、饮食偏咸偏油、饮酒吸烟？发作前有没有特别劳累或不适？患者：工作倒班，作息乱，咖啡喝得多，压力大。
,,医生：您好，请坐，今天是遇到什么突发状况了？患者：医生，我在案板上用力揉面团准备包饺子，揉着揉着突然感觉脑袋“嗡”的一声剧痛，接着左边胳膊就一点力气都没了，直接趴在面团上起不来了。医生：用力动作诱发的头痛和单侧无力需要立刻关注。除了这个，发病前您有没有觉得左侧视力有盲区，或者这几天脾气一直都很大？患者：这几天脾气确实很大，我老伴嫌我包饺子慢，我正窝着火呢。左眼看东西有时候觉得模模糊糊的。医生：好的。您以前有高血压吗？或者体检有没有提示过脑部有微小血管病变或淀粉样血管病？患者：高血压有五六年了。上次体检大夫说有什么老年淀粉样脑血管病。医生：您的直系亲属中，有没有人发生过突发的脑偏瘫？患者：我大哥几年前就是突发偏瘫在床上的。医生：最后了解下，您平时饮食是不是比较咸？刚才揉面是不是特别用力且心情烦躁？患者：我是北方人口味重。刚才一边揉面一边生老伴的气，用力特别猛。,医生：您好，我先了解一下，最让您担心的症状是什么？患者：医生您好，主要是反复愣神、叫不应。昨天夜里家人发现我四肢抖动、牙关咬紧，持续一两分钟，醒后特别困，头也疼。医生：请您描述一下发作或加重时的样子，包括持续时间、部位和对日常活动的影响。患者：家人说发作时叫我没反应，过后要缓一会儿才能正常交流。医生：发作前有没有心慌、头晕、闻到怪味、眼前闪光，发作时有没有舌咬伤、尿失禁，发作后是否困倦或头痛？患者：发作前偶尔会闻到说不出的怪味，胸口发慌；有一次咬破舌头，醒后很困，半天缓不过来。医生：之前身体状况怎么样？有没有类似症状、慢性病、外伤史，或体检提示过异常？患者：小时候有过高热抽搐，长大后很少，最近这半年又开始反复。医生：您的家人中有没有人年轻或年老后出现过相似表现，或者被反复要求做头部、神经方面检查？患者：母亲说外婆曾经有过突然倒地抽动，但那时没查清楚。医生：平时生活习惯方面，是否经常久坐、熬夜、饮食偏咸偏油、饮酒吸烟？发作前有没有特别劳累或不适？患者：发作前一天参加聚会喝了酒，又连续熬夜到凌晨。
,,医生：您好，别紧张，今天是哪里突发异常了？患者：医生，我早上在卫生间刮胡子，仰着脖子刮下巴，突然觉得脑袋里像被针狠狠扎了一下，紧接着左手剃须刀掉地上，左半边身子全软了。医生：仰头动作突发的剧烈头痛和偏身无力要高度警惕。除了这个，这两天有没有觉得左眼看东西有一半看不清，或者脾气比平时暴躁很多？患者：左眼确实总觉得眼角那边暗暗的。脾气也很差，今天早上还跟老婆吵了一架。医生：好的。您以前查出过高血压吗？或者体检有没有提示过脑部有淀粉样血管病？患者：高血压有十来年了。大夫提过脑部有老年淀粉样血管病变。医生：您的家族里，有没有长辈得过偏瘫或者高血压的严重并发症？患者：我父亲晚年就是脑出血偏瘫卧床的。医生：明白了。您平时口味重吗？刚才刮胡子仰脖子是不是用力过猛或者动作太僵硬？患者：平时爱吃咸腊肉。刚才脖子一直梗着，心里又生着气，就突然发作了。,医生：您好，我先了解一下，最让您担心的症状是什么？患者：医生您好，主要是夜间突然四肢抖动。最近反复出现发呆，正在说话会突然停住，手里的东西掉了，十几秒后又接着做事。医生：请您描述一下发作或加重时的样子，包括持续时间、部位和对日常活动的影响。患者：不是一直不舒服，而是反复突然出现，最近在睡眠差时更明显。医生：我还想问发作细节：每次持续多久，能不能被叫醒，发作时有没有双眼上翻、口吐白沫、肢体僵硬或抽动？患者：发作前偶尔会闻到说不出的怪味，胸口发慌；有一次咬破舌头，醒后很困，半天缓不过来。发作间期能正常交流，只是担心再发。医生：之前身体状况怎么样？有没有类似症状、慢性病、外伤史，或体检提示过异常？患者：小时候有过高热抽搐，长大后很少，最近这半年又开始反复。医生：从家族史方面看，家里有没有人有类似发作，或者长期的神经系统、肌肉无力、脑血管方面问题？患者：表哥小时候有过反复抽搐，长大后好像少了。医生：最后了解一下生活习惯。您平时作息、饮食、运动、吸烟饮酒情况怎么样？最近有没有劳累、熬夜、感染或情绪波动？患者：平时不太规律吃饭，最近为了赶考试睡得很少。
,,医生：您好，看您是由家属扶着来的，今天主要是怎么了？患者：大夫，我刚才在洗手间刷牙，正用力刷着呢，突然觉得右边脸颊和右胳膊发麻，牙刷掉水池里了，我看着镜子里的自己嘴巴都歪了。医生：突发的面部和单侧肢体麻木不能耽误。除了这些，您这两天有没有觉得头很痛，或者发现右侧视力模糊，情绪也特别容易失控？患者：头这两天偶尔阵痛。情绪也很差，刚才刷牙还因为挤牙膏的事骂了老伴一顿。医生：好的。您以前有高血压病史吗？或者做过检查提示脑血管有异常吗？患者：有高血压，一直靠吃降压药控制。脑血管没怎么查过。医生：您的父母兄弟里，有没有中风偏瘫的病史？患者：我亲二哥去年因为高血压中风偏瘫了。医生：最后了解下，您平时吃饭放盐多吗？刚才刷牙是不是因为生气动作特别猛？患者：喜欢吃重口味。刚才确实带着气，刷牙特别用力。,医生：您好，我先了解一下，最让您担心的症状是什么？患者：医生您好，主要是抽搐后短暂嗜睡。昨天夜里家人发现我四肢抖动、牙关咬紧，持续一两分钟，醒后特别困，头也疼。医生：请您描述一下发作或加重时的样子，包括持续时间、部位和对日常活动的影响。患者：家人说发作时叫我没反应，过后要缓一会儿才能正常交流。医生：我还想问发作细节：每次持续多久，能不能被叫醒，发作时有没有双眼上翻、口吐白沫、肢体僵硬或抽动？患者：多数几十秒到两分钟，叫不醒，有时双眼上翻、嘴里有泡沫，过后会迷糊一阵。平时不发作时基本正常，没有持续偏瘫。医生：我再问一下过去的身体情况：以前出现过这样的症状吗？有没有长期疾病、外伤、手术或正在服用的药物？患者：几年前头部受过外伤，当时缝过针，后来偶尔会有短暂发呆。医生：您的家人中有没有人年轻或年老后出现过相似表现，或者被反复要求做头部、神经方面检查？患者：表哥小时候有过反复抽搐，长大后好像少了。医生：最后问一下，近期有没有旅行、腹泻或感冒，是否接触特殊环境？平常作息和运动规律吗？患者：发作前一天参加聚会喝了酒，又连续熬夜到凌晨。
,,医生：您好，慢慢说，今天是怎么个情况让您赶紧来医院的？患者：医生，我刚才弯下腰去系鞋带，刚系好准备站起来，突然脑袋里“轰”的一声痛，然后左腿和左胳膊就没知觉了，直接一头栽倒在地上。医生：弯腰起身后突发头痛和单侧无力非常关键。除了这些，您这几天有没有觉得脾气变得很暴躁，或者偶尔有一侧眼睛视力模糊？患者：脾气确实反常，这两天跟火药桶一样一点就着。左眼看东西有时候觉得模模糊糊的。医生：好的。您既往有没有高血压？或者查出过脑部血管的淀粉样病变？患者：我是有高血压，不过觉得自己还年轻没怎么按时吃药。体检医生倒是提过淀粉样血管病。医生：您的父母亲属中有没有患严重高血压或者中风的？患者：我爸就是因为严重的高血压，引发中风没的。医生：明白了。您平时的饮食偏咸吗？刚才系鞋带起身是不是动作太快太猛了？患者：喜欢吃咸菜。刚才确实是猛地一下站起来，感觉血一下冲到头顶了。,医生：您好，我先了解一下，最让您担心的症状是什么？患者：医生您好，主要是发作性口角抽动伴不能回忆。最近反复出现发呆，正在说话会突然停住，手里的东西掉了，十几秒后又接着做事。医生：我明白了。请您再具体说说，当时最早出现的症状是什么，后来又有什么变化？患者：每次都是一阵一阵的，持续几十秒到几分钟，过后自己记不清，最近发作次数变多。医生：发作前有没有心慌、头晕、闻到怪味、眼前闪光，发作时有没有舌咬伤、尿失禁，发作后是否困倦或头痛？患者：多数几十秒到两分钟，叫不醒，有时双眼上翻、嘴里有泡沫，过后会迷糊一阵。平时不发作时基本正常，没有持续偏瘫。医生：关于既往史，您之前有没有因为神经、头部、肌肉无力或意识变化等问题就医？平时有什么基础病？患者：曾在外院做过脑电检查，说有异常放电，但后来没规律复查。医生：从家族史方面看，家里有没有人有类似发作，或者长期的神经系统、肌肉无力、脑血管方面问题？患者：兄弟姐妹没有类似情况，孩子目前也没有出现过。医生：最后了解一下生活习惯。您平时作息、饮食、运动、吸烟饮酒情况怎么样？最近有没有劳累、熬夜、感染或情绪波动？患者：最近经常熬夜打游戏，睡眠不足，偶尔喝酒。
,,医生：您好，请坐，今天是遇到什么突发状况了？患者：医生，我在厨房想拧开一个特别紧的罐头瓶盖，憋着一股劲猛地一拧，突然觉得右半边身子像触电一样发麻，然后就一点力气都没了，罐头也摔碎了。医生：憋气用力诱发的偏身麻木无力需要立刻关注。除了这个，发病前您有没有觉得头痛恶心，或者看东西觉得视野有一部分缺失，脾气反常？患者：头痛得厉害，直犯恶心。脾气这两天是一直很大。看东西右边偶尔有盲区。医生：好的。您以前有高血压病史吗？或者医生有没有提过您脑部有微小血管病变？患者：高血压有十几年了。大夫说过脑血管有病变，让我别做剧烈用力动作。医生：您的直系亲属中，有没有人发生过突发的脑偏瘫？患者：我大哥前年就是突发偏瘫在床上的。医生：最后问问，您平时饮食是不是比较咸？刚才拧罐头是不是感觉满脸通红憋着气？患者：我是北方人口味重。刚才真的是用尽了全力憋着一口长气拧的。,医生：您好，今天主要因为什么不舒服来就诊？患者：医生您好，主要是夜间突然四肢抖动。昨天夜里家人发现我四肢抖动、牙关咬紧，持续一两分钟，醒后特别困，头也疼。医生：请您描述一下发作或加重时的样子，包括持续时间、部位和对日常活动的影响。患者：家人说发作时叫我没反应，过后要缓一会儿才能正常交流。医生：这些情况多在睡眠不足、发热、饮酒、情绪紧张后出现吗？发作后有没有短暂说不清话或一侧肢体没劲？患者：多数几十秒到两分钟，叫不醒，有时双眼上翻、嘴里有泡沫，过后会迷糊一阵。医生：关于既往史，您之前有没有因为神经、头部、肌肉无力或意识变化等问题就医？平时有什么基础病？患者：几年前头部受过外伤，当时缝过针，后来偶尔会有短暂发呆。医生：从家族史方面看，家里有没有人有类似发作，或者长期的神经系统、肌肉无力、脑血管方面问题？患者：母亲说外婆曾经有过突然倒地抽动，但那时没查清楚。医生：平时生活习惯方面，是否经常久坐、熬夜、饮食偏咸偏油、饮酒吸烟？发作前有没有特别劳累或不适？患者：发作前一天参加聚会喝了酒，又连续熬夜到凌晨。
,,医生：您好，别紧张，今天是哪里突发异常了？患者：医生，我刚才在棋牌室打扑克，抓了一手好牌正激动呢，猛地一拍桌子，突然觉得右边胳膊一麻，然后嘴巴也不听使唤了，说话含含糊糊的。医生：情绪激动和猛烈动作引发的单侧麻木和言语不清很危险。除了这些，您这两天有没有觉得头有些胀痛，或者发现自己某侧视力模糊，性格改变？患者：头这会儿疼得像针扎。性格确实变了，家里人都说我最近容易暴怒。医生：好的。您既往有高血压病史吗？或者医生有没有说过您有血管异常？患者：血压高一直都有，药吃吃停停。血管异常没查过。医生：那您的父母亲属中有没有患严重高血压或者中风的？患者：我妈就是因为高血压引发中风，瘫痪了好几年。医生：明白了。您平时饮食偏咸吗？刚才打牌是不是情绪极度兴奋？患者：饭菜一直挺咸的。刚才拿到好牌确实太兴奋了，血直往头上涌。,医生：您好，我先了解一下，最让您担心的症状是什么？患者：医生您好，主要是发作性口角抽动伴不能回忆。昨天夜里家人发现我四肢抖动、牙关咬紧，持续一两分钟，醒后特别困，头也疼。医生：请您描述一下发作或加重时的样子，包括持续时间、部位和对日常活动的影响。患者：不是一直不舒服，而是反复突然出现，最近在睡眠差时更明显。医生：这些情况多在睡眠不足、发热、饮酒、情绪紧张后出现吗？发作后有没有短暂说不清话或一侧肢体没劲？患者：发作前偶尔会闻到说不出的怪味，胸口发慌；有一次咬破舌头，醒后很困，半天缓不过来。医生：之前身体状况怎么样？有没有类似症状、慢性病、外伤史，或体检提示过异常？患者：小时候有过高热抽搐，长大后很少，最近这半年又开始反复。医生：从家族史方面看，家里有没有人有类似发作，或者长期的神经系统、肌肉无力、脑血管方面问题？患者：母亲说外婆曾经有过突然倒地抽动，但那时没查清楚。医生：最后了解一下生活习惯。您平时作息、饮食、运动、吸烟饮酒情况怎么样？最近有没有劳累、熬夜、感染或情绪波动？患者：最近经常熬夜打游戏，睡眠不足，偶尔喝酒。
,,医生：您好，别慌，今天是怎么个突发情况让您来急诊的？患者：大夫，我刚才在火车站赶高铁，手里那个大行李箱死沉死沉的，我憋着一口气猛地往安检机上提，突然觉得后脑勺一阵撕裂般的痛，紧接着左半边身子就软成了泥，行李箱直接砸脚上了。医生：提重物突发的剧烈头痛和单侧偏瘫非常危险。除了这些，您这两天有没有觉得看东西视野有一部分发暗，或者家里人说您脾气变差了？患者：这两天看东西确实觉得左边眼角总是灰蒙蒙的。脾气也躁，刚才在进站口还因为排队的事把前面的人骂了一顿。医生：好的。您以前有高血压病史吗？或者体检有没有提示过脑部有淀粉样血管病？患者：高血压有五年多了，平时吃药不规律。体检医生是说过脑血管有啥淀粉样老化。医生：那您的直系亲属中，有没有人发生过突发的脑偏瘫或者脑出血？患者：我妈以前就是因为高血压脑出血偏瘫的。医生：明白了。您平时饮食是不是比较咸？刚才提箱子是不是感觉憋气把脸都憋红了？患者：我是北方人口味重，爱吃咸。刚才确实是死命憋着一口气提的，感觉血全冲到头顶了。,医生：您好，我先了解一下，最让您担心的症状是什么？患者：医生您好，主要是发作性口角抽动伴不能回忆。昨天夜里家人发现我四肢抖动、牙关咬紧，持续一两分钟，醒后特别困，头也疼。医生：这些表现是突然出现还是逐渐加重？大概从什么时候开始，最明显影响到什么活动？患者：不是一直不舒服，而是反复突然出现，最近在睡眠差时更明显。医生：发作前有没有心慌、头晕、闻到怪味、眼前闪光，发作时有没有舌咬伤、尿失禁，发作后是否困倦或头痛？患者：发作前偶尔会闻到说不出的怪味，胸口发慌；有一次咬破舌头，醒后很困，半天缓不过来。发作间期能正常交流，只是担心再发。医生：关于既往史，您之前有没有因为神经、头部、肌肉无力或意识变化等问题就医？平时有什么基础病？患者：以前没有明确类似情况，但最近感冒发热后出现过一次明显抽动。医生：再了解一下家族情况。您的父母、兄弟姐妹或子女中，有没有人出现过类似症状，或有相关的长期疾病？患者：表哥小时候有过反复抽搐，长大后好像少了。医生：平时生活习惯方面，是否经常久坐、熬夜、饮食偏咸偏油、饮酒吸烟？发作前有没有特别劳累或不适？患者：工作倒班，作息乱，咖啡喝得多，压力大。
,,医生：您好，看您捂着半边脸，今天是哪里感觉不对劲？患者：医生，我这两天重感冒，刚才在家里连着剧烈咳嗽了好几声，咳得脸红脖子粗的，突然脑袋里“轰”的一下剧痛，然后右边脸就木了，右手拿着的水杯也掉地上了，整条右胳膊一点力气都没有。医生：剧烈咳嗽诱发的头痛和单侧麻木要高度警惕。除了这个，这两天有没有觉得右眼看东西有重影，或者觉得脾气难以控制？患者：右眼看东西确实偶尔有重影，总要揉好几下。脾气这几天一直很坏，干什么都不顺心。医生：好的。您以前查出过高血压吗？或者做过检查提示脑部血管有异常吗？患者：高血压有十来年了。前年体检说有轻微的脑部血管病变。医生：您的家族里，有没有长辈得过偏瘫或者脑梗脑出血？患者：我父亲晚年就是因为脑出血卧床的。医生：了解。您平时口味重吗？刚才咳嗽是不是憋得特别厉害？患者：平时爱吃咸菜。刚才确实是连着咳，气都喘不上来，头特别胀。,医生：您好，我先了解一下，最让您担心的症状是什么？患者：医生您好，主要是发作性口角抽动伴不能回忆。3天前突然发作一次，家人说我当时眼睛发直，叫我没反应，过了几十秒才缓过来，自己完全记不清。医生：这些表现是突然出现还是逐渐加重？大概从什么时候开始，最明显影响到什么活动？患者：不是一直不舒服，而是反复突然出现，最近在睡眠差时更明显。医生：这些情况多在睡眠不足、发热、饮酒、情绪紧张后出现吗？发作后有没有短暂说不清话或一侧肢体没劲？患者：多数几十秒到两分钟，叫不醒，有时双眼上翻、嘴里有泡沫，过后会迷糊一阵。平时不发作时基本正常，没有持续偏瘫。医生：关于既往史，您之前有没有因为神经、头部、肌肉无力或意识变化等问题就医？平时有什么基础病？患者：曾在外院做过脑电检查，说有异常放电，但后来没规律复查。医生：您的家人中有没有人年轻或年老后出现过相似表现，或者被反复要求做头部、神经方面检查？患者：母亲说外婆曾经有过突然倒地抽动，但那时没查清楚。医生：平时生活习惯方面，是否经常久坐、熬夜、饮食偏咸偏油、饮酒吸烟？发作前有没有特别劳累或不适？患者：平时不太规律吃饭，最近为了赶考试睡得很少。
,,医生：您好，请坐，今天是遇到什么突发状况了？患者：大夫，我刚才接了个诈骗电话，骗子特别嚣张，我气得跟他对骂，正骂到兴头上，感觉脑门里面“啪”的一声响，接着左边半个身子全麻了，手机直接摔地上了，嘴巴也跟着歪了。医生：情绪极度激动引发的偏身麻木和头内异响很危险。除了这些，您发病前有没有觉得头痛恶心，或者看东西觉得视野有一部分缺失，这几天脾气也反常？患者：头这会儿痛得直恶心。刚才对骂的时候觉得左边眼睛看东西有些模糊。这几天脾气是一直很大。医生：好的。您以前有高血压病史吗？或者医生有没有提过您脑部有微小血管病变？患者：高血压有十几年了，没按时吃药。大夫说过脑血管有退化。医生：您的直系亲属中，有没有人发生过突发的脑偏瘫？患者：我大哥前年就是生气突发偏瘫在床上的。医生：最后问问，您平时饮食是不是比较咸？刚才对骂是不是感觉热血沸腾、青筋暴起？患者：喜欢吃重口味。刚才真的是气得浑身发抖，脑部充血。,医生：您好，今天主要因为什么不舒服来就诊？患者：医生您好，主要是发作性意识丧失。最近反复出现发呆，正在说话会突然停住，手里的东西掉了，十几秒后又接着做事。医生：请您描述一下发作或加重时的样子，包括持续时间、部位和对日常活动的影响。患者：每次都是一阵一阵的，持续几十秒到几分钟，过后自己记不清，最近发作次数变多。医生：我还想问发作细节：每次持续多久，能不能被叫醒，发作时有没有双眼上翻、口吐白沫、肢体僵硬或抽动？患者：最近熬夜后更容易发生，发作后头痛明显，有一次醒来后右手酸软，过一会儿才好。医生：之前身体状况怎么样？有没有类似症状、慢性病、外伤史，或体检提示过异常？患者：以前没有明确类似情况，但最近感冒发热后出现过一次明显抽动。医生：从家族史方面看，家里有没有人有类似发作，或者长期的神经系统、肌肉无力、脑血管方面问题？患者：兄弟姐妹没有类似情况，孩子目前也没有出现过。医生：平时生活习惯方面，是否经常久坐、熬夜、饮食偏咸偏油、饮酒吸烟？发作前有没有特别劳累或不适？患者：最近经常熬夜打游戏，睡眠不足，偶尔喝酒。
,,医生：您好，看您是由交警送过来的，路上出什么事了？患者：医生，我刚才开车在半路上爆胎了，我拿出扳手在路边死命拧那个生锈的螺丝，猛地一使劲，突然头痛欲裂，右边胳膊和右腿瞬间没知觉了，直接翻滚在马路边上。医生：屏气用力导致的头痛和单侧无力要立刻关注。除了这个，发病前有没有觉得右侧视力有盲区，或者这几天脾气一直都很大？患者：这几天脾气确实很大，刚才爆胎我还骂了半天娘。右眼看东西有时候觉得模模糊糊的。医生：好的。您以前有高血压吗？或者体检有没有提示过脑部有淀粉样血管病？患者：高血压有七八年了。上次体检大夫提过淀粉样脑血管病。医生：您的父母兄弟里，有没有中风偏瘫的病史？患者：我亲二哥因为高血压中风偏瘫了。医生：最后了解下，您平时的饮食偏咸吗？刚才拧螺丝是不是特别用力憋着气？患者：平时吃饭放盐多。刚才螺丝太紧，我整个人都压上去死命拧的。,医生：您好，您这次来看诊，主要是哪方面的问题？患者：医生您好，主要是抽搐后短暂嗜睡。2天前突然发作一次，家人说我当时眼睛发直，叫我没反应，过了几十秒才缓过来，自己完全记不清。医生：这些表现是突然出现还是逐渐加重？大概从什么时候开始，最明显影响到什么活动？患者：不是一直不舒服，而是反复突然出现，最近在睡眠差时更明显。医生：发作前有没有心慌、头晕、闻到怪味、眼前闪光，发作时有没有舌咬伤、尿失禁，发作后是否困倦或头痛？患者：发作前偶尔会闻到说不出的怪味，胸口发慌；有一次咬破舌头，醒后很困，半天缓不过来。发作间期能正常交流，只是担心再发。医生：关于既往史，您之前有没有因为神经、头部、肌肉无力或意识变化等问题就医？平时有什么基础病？患者：小时候有过高热抽搐，长大后很少，最近这半年又开始反复。医生：家里直系亲属有没有发生过类似的肢体无力、抽搐、手抖、说话或走路异常等情况？患者：表哥小时候有过反复抽搐，长大后好像少了。医生：最后了解一下生活习惯。您平时作息、饮食、运动、吸烟饮酒情况怎么样？最近有没有劳累、熬夜、感染或情绪波动？患者：平时不太规律吃饭，最近为了赶考试睡得很少。
,,医生：您好，慢慢说，今天是怎么个情况让您赶紧来医院的？患者：大夫，我刚才蹲在地上清理冰箱最下面那层，蹲了大概有十几分钟，擦完猛地一站起来，突然脑袋一阵剧烈眩晕和刺痛，然后左边身子就像不是我自己的一样，直接歪倒在冰箱门上了。医生：久蹲猛起后的剧烈头痛和偏身无力非常关键。除了这些，您这几天有没有觉得左眼看东西缺了一半，或者脾气变得很暴躁？患者：脾气确实反常，今天嫌家里太脏已经发了好几通火。左眼看东西有时候觉得眼角有黑影。医生：好的。您既往有没有高血压？或者查出过脑部血管的淀粉样病变？患者：我是有高血压，觉得没啥症状就不吃药。体检医生提过淀粉样血管病。医生：您的父母亲属中有没有患严重高血压或者中风的？患者：我爸就是因为严重的高血压，引发中风卧床的。医生：明白了。您平时的饮食偏咸吗？刚才站起来是不是感觉天旋地转的？患者：喜欢吃咸菜。刚才站起太猛了，眼前一黑就出事了。,医生：您好，您这次来看诊，主要是哪方面的问题？患者：医生您好，主要是夜间突然四肢抖动。最近反复出现发呆，正在说话会突然停住，手里的东西掉了，十几秒后又接着做事。医生：好的。这个情况持续了多久？中间有没有完全缓解，还是一直存在或越来越明显？患者：发作前不一定有感觉，有时只是突然断片，醒来后很困，头也胀。医生：发作前有没有心慌、头晕、闻到怪味、眼前闪光，发作时有没有舌咬伤、尿失禁，发作后是否困倦或头痛？患者：最近熬夜后更容易发生，发作后头痛明显，有一次醒来后右手酸软，过一会儿才好。医生：我再问一下过去的身体情况：以前出现过这样的症状吗？有没有长期疾病、外伤、手术或正在服用的药物？患者：曾在外院做过脑电检查，说有异常放电，但后来没规律复查。医生：您的家人中有没有人年轻或年老后出现过相似表现，或者被反复要求做头部、神经方面检查？患者：表哥小时候有过反复抽搐，长大后好像少了。医生：最后了解一下生活习惯。您平时作息、饮食、运动、吸烟饮酒情况怎么样？最近有没有劳累、熬夜、感染或情绪波动？患者：最近经常熬夜打游戏，睡眠不足，偶尔喝酒。
,,医生：您好，别紧张，今天主要是遇到了什么突发状况？患者：大夫，我刚才在饭店结账，发现老板多算了我一百块钱，我气得拍着吧台跟他大吵，正吼着呢，突然感觉头皮发紧一阵剧痛，然后左手就一点力气都没了，连手机都握不住，舌头也大了。医生：吵架情绪激动诱发的偏身无力和言语不清很危险。除了这些，您这两天有没有觉得左侧视力有些模糊，或者情绪特别容易失控？患者：头这两天偶尔就有隐痛。情绪也很差，最近老觉得心里烦躁。左眼看东西有点糊。医生：好的。您以前有高血压病史吗？或者做过检查提示脑血管有异常吗？患者：有高血压，一直靠吃降压药维持。脑血管没怎么专门查过。医生：那您的长辈中，有没有人有过偏瘫或者脑血管破裂的情况？患者：我父亲以前就是生气突发脑溢血去世的。医生：明白了。您平时吃饭放盐多吗？刚才在饭店是不是吃得很咸又喝了点酒？患者：今天确实吃的是重口味的江湖菜。刚才吵架气得我浑身直哆嗦。,医生：您好，您这次来看诊，主要是哪方面的问题？患者：医生您好，主要是发作性意识丧失。3天前突然发作一次，家人说我当时眼睛发直，叫我没反应，过了几十秒才缓过来，自己完全记不清。医生：我明白了。请您再具体说说，当时最早出现的症状是什么，后来又有什么变化？患者：不是一直不舒服，而是反复突然出现，最近在睡眠差时更明显。医生：这些情况多在睡眠不足、发热、饮酒、情绪紧张后出现吗？发作后有没有短暂说不清话或一侧肢体没劲？患者：最近熬夜后更容易发生，发作后头痛明显，有一次醒来后右手酸软，过一会儿才好。发作间期能正常交流，只是担心再发。医生：关于既往史，您之前有没有因为神经、头部、肌肉无力或意识变化等问题就医？平时有什么基础病？患者：几年前头部受过外伤，当时缝过针，后来偶尔会有短暂发呆。医生：家里直系亲属有没有发生过类似的肢体无力、抽搐、手抖、说话或走路异常等情况？患者：家里没有人长期这样发作，父亲年轻时据说有过几次晕倒。医生：最后了解一下生活习惯。您平时作息、饮食、运动、吸烟饮酒情况怎么样？最近有没有劳累、熬夜、感染或情绪波动？患者：工作倒班，作息乱，咖啡喝得多，压力大。
,,医生：您好，看您喘得这么厉害，今天是哪里不舒服？患者：医生，我刚才看公交车马上要开了，我百米冲刺拼命跑过去，刚一脚迈上车门，突然脑袋里像炸开一样疼，右边胳膊和腿瞬间软了，直接跪在车门台阶上了。医生：剧烈冲刺后突发头痛和单侧无力要立刻关注。除了这个，这两天有没有觉得看东西视野有盲区，或者脾气特别急躁？患者：脾气很急，刚才一边跑一边在心里骂那个司机不等人。看东西有时候觉得右边模模糊糊的。医生：好的。您以前查出过高血压吗？或者体检有没有提示过脑部有微小血管病变？患者：高血压有五年了，没规律吃药。大夫说过脑部有点淀粉样血管病。医生：您的直系亲属中，有没有人发生过突发的脑偏瘫？患者：我大哥几年前就是突发偏瘫在床上的。医生：最后问问，您平时饮食是不是比较咸？刚才跑步是不是心跳极快，感觉气血上涌？患者：我是北方人口味重。刚才确实跑得太猛了，心脏都要跳出来了。,医生：您好，请您从最开始的不舒服说起，哪里最明显？患者：医生您好，主要是发作性意识丧失。昨天夜里家人发现我四肢抖动、牙关咬紧，持续一两分钟，醒后特别困，头也疼。医生：这些表现是突然出现还是逐渐加重？大概从什么时候开始，最明显影响到什么活动？患者：每次都是一阵一阵的，持续几十秒到几分钟，过后自己记不清，最近发作次数变多。医生：发作前有没有心慌、头晕、闻到怪味、眼前闪光，发作时有没有舌咬伤、尿失禁，发作后是否困倦或头痛？患者：最近熬夜后更容易发生，发作后头痛明显，有一次醒来后右手酸软，过一会儿才好。医生：接下来了解既往情况。您以前有没有类似发作或类似不适？平时有没有慢性病、住院史，或做过相关检查？患者：小时候有过高热抽搐，长大后很少，最近这半年又开始反复。医生：再了解一下家族情况。您的父母、兄弟姐妹或子女中，有没有人出现过类似症状，或有相关的长期疾病？患者：家里没有人长期这样发作，父亲年轻时据说有过几次晕倒。医生：最后了解一下生活习惯。您平时作息、饮食、运动、吸烟饮酒情况怎么样？最近有没有劳累、熬夜、感染或情绪波动？患者：工作倒班，作息乱，咖啡喝得多，压力大。
,,医生：您好，别着急，今天是哪里突发异常了？患者：大夫，我家里养的猫突然窜出门了，我急得沿着楼梯追了两层楼，看到它刚想猛地扑过去抓，突然脑袋里“轰”的一声，右半个身子就麻了，重重摔在楼道里起不来了。医生：剧烈运动伴随急火攻心诱发的半身麻木很典型。除了这些，您这两天有没有觉得看东西有一边像被遮住，或者情绪容易失控？患者：看东西昨天就觉得眼角那边黑乎乎的。脾气也很差，最近这只猫到处尿，我正气得天天骂它。医生：好的。您既往有高血压病史吗？或者医生有没有说过您有血管异常或淀粉样病变？患者：血压高一直都有。体检大夫提过脑血管有淀粉样改变，让我别做剧烈运动。医生：那您的父母亲属中有没有患严重高血压或者中风的？患者：我妈就是因为高血压引发中风瘫痪的。医生：明白了。您平时饮食偏咸吗？刚才猛扑的时候是不是情绪又急又躁？患者：饭菜一直挺咸的。刚才真的是急火攻心，扑得太猛了。,医生：您好，我先了解一下，最让您担心的症状是什么？患者：医生您好，主要是抽搐后短暂嗜睡。一周前突然发作一次，家人说我当时眼睛发直，叫我没反应，过了几十秒才缓过来，自己完全记不清。医生：好的。这个情况持续了多久？中间有没有完全缓解，还是一直存在或越来越明显？患者：不是一直不舒服，而是反复突然出现，最近在睡眠差时更明显。医生：我还想问发作细节：每次持续多久，能不能被叫醒，发作时有没有双眼上翻、口吐白沫、肢体僵硬或抽动？患者：多数几十秒到两分钟，叫不醒，有时双眼上翻、嘴里有泡沫，过后会迷糊一阵。平时不发作时基本正常，没有持续偏瘫。医生：接下来了解既往情况。您以前有没有类似发作或类似不适？平时有没有慢性病、住院史，或做过相关检查？患者：几年前头部受过外伤，当时缝过针，后来偶尔会有短暂发呆。医生：家里直系亲属有没有发生过类似的肢体无力、抽搐、手抖、说话或走路异常等情况？患者：家里没有人长期这样发作，父亲年轻时据说有过几次晕倒。医生：我还想了解生活和诱因：最近睡眠、压力、饮食、饮酒、吸烟、运动，以及外出或特殊接触情况如何？患者：平时不太规律吃饭，最近为了赶考试睡得很少。
,,医生：您好，看您说话似乎有些费力，今天是遇到了什么麻烦？患者：大夫，我是在快递公司分拣包裹的。最近这四五天，我这腿是一天比一天没力气。开始只是脚趾头发麻，没当回事。后来爬楼梯觉得大腿像灌了铅一样。今天早上，我连床都下不来了，双腿完全瘫软。现在我的两只手也开始发麻，连个小纸盒都拿不住了。医生：从下肢向上肢蔓延的对称性瘫痪，情况比较危急。除了四肢无力和发麻，您自己按捏小腿肚，痛不痛？这两天有没有觉得心跳忽快忽慢，或者出莫名其妙的冷汗？患者：小腿肚子一按就钻心地疼。出冷汗也是，这几天晚上睡觉，我总是莫名其妙被冷汗冻醒，心跳也特别快，像刚跑完步一样。医生：肌肉压痛和植物神经功能紊乱，是很重要的伴随症状。您回忆一下，半个月前左右，有没有拉过肚子或者感冒过？患者：差不多半个月前，我得了急性肠胃炎，拉肚子拉了好几天，整个人都脱水了，去社区打了点滴才好。医生：这个急性肠胃炎的病史很关键。您的直系亲属里，有没有人得过容易突然瘫痪的疾病？或者有风湿免疫类疾病？患者：没有，我爸妈都在农村，身体很好，没得过这些病。医生：明白了。最后问问您平时的饮食，拉肚子之前是不是吃了什么不卫生的外卖，或者没煮熟的肉类？患者：那天太热了，我在路边摊买了一份凉拌鸡丝和生腌海鲜，吃完当晚肚子就绞痛，接着就开始拉水。,医生：您好，今天主要因为什么不舒服来就诊？患者：医生您好，主要是反复眼皮抬不起来。5年前开始右眼皮抬不起来，早上轻一些，下午和晚上明显，最近看东西还有重影。医生：我明白了。请您再具体说说，当时最早出现的症状是什么，后来又有什么变化？患者：发作时自己有些害怕，持续时间和程度不太固定，但最近次数或程度都比以前多。医生：除了眼皮和乏力，您有没有饮水呛咳、吞咽困难、咀嚼变慢、说话鼻音重，或者平躺时胸闷气短？患者：有，喝水偶尔会呛，吃肉嚼到后面很累，说话久了像没气，晚上比早上明显。没有明显麻木疼痛，主要是容易累。医生：我再问一下过去的身体情况：以前出现过这样的症状吗？有没有长期疾病、外伤、手术或正在服用的药物？患者：有甲状腺方面的小问题，平时没规律复查，没有长期服用特殊药物。医生：您的家人中有没有人年轻或年老后出现过相似表现，或者被反复要求做头部、神经方面检查？患者：家族里没有明确的神经肌肉方面疾病。医生：最后了解一下生活习惯。您平时作息、饮食、运动、吸烟饮酒情况怎么样？最近有没有劳累、熬夜、感染或情绪波动？患者：最近工作忙，经常熬夜，感冒后没休息好，症状更明显。
,,医生：您好，看您是由两位家属搀扶着挪进来的，双脚完全吃不住劲了吗？今天主要是怎么个情况？患者：大夫，我这病来得实在是太快太邪门了。我是一名带团的导游，四天前我正带游客在景区爬山，突然觉得两只脚的脚底板又木又刺，像踩在针尖上一样。我以为是走路太多脚磨破了，没当回事。结果昨天早上，这种麻木感爬到了膝盖，两条腿软得像面条，连路都走不直。今天更严重了，我刚才想起床去洗手间，结果两条腿往地上一放，直接整个人摊在那了，现在连手也开始发麻，拿不住导游旗了。医生：这种对称性的、从脚底向上蔓延的无力和麻木，我们需要立刻查清楚。除了手脚发软发麻，您自己按压一下小腿肚子的肌肉，有没有那种钻心的酸痛？或者最近有没有觉得脸上肉发僵，心跳总是忽快忽慢的？患者：您一说我还真发现了，我昨天晚上自己揉腿，那肌肉疼得我直冒冷汗，就像刚跑完马拉松后的那种肌肉撕裂感。而且这两天我老觉得心慌，心脏扑通扑通跳得没个节奏，脸上也木木的，想笑一下都觉得嘴角扯不动。医生：这些伴随的肌肉痛和心律不齐的表现非常重要。那我们往前倒推一两周，您有没有经历过严重的腹泻、肠胃炎，或者感冒发烧？近期有没有打过什么预防针？患者：有！大概十天前，我在带团回来的路上吃了一顿路边摊，当天晚上就上吐下泻，拉得整个人都虚脱了。我自己去药店买了点止泻药吃了，过两三天倒是好了。预防针倒是最近没打过。医生：这个腹泻的病史非常有参考价值。虽然这一般不直接遗传，但为了全面排查，您的直系亲属里，有没有人有过类似突然全身瘫痪、四肢无力的病史？患者：没有，家里人身体都挺好，我爸妈快七十了还在老家干农活呢，没听说过这种怪病。医生：了解。最后了解一下生活细节。在那次拉肚子之前，您带团在外面，有没有吃过一些没煮熟的海鲜、生肉，或者是直接喝了野外的泉水？患者：那天我带游客去吃农家乐，点了一盘生腌螃蟹，当时觉得味道鲜美就多吃了几只，估计就是那螃蟹不干净闹的。,医生：您好，我先了解一下，最让您担心的症状是什么？患者：医生您好，主要是咀嚼无力、吞咽费劲。我最近说话说久了声音会越来越小，吃饭嚼一会儿就累，休息后能缓一些。医生：请您描述一下发作或加重时的样子，包括持续时间、部位和对日常活动的影响。患者：开始时比较轻，我以为能缓过去，但这两天家里人也看出不对，日常吃饭、穿衣或走路都受影响。医生：近期有没有感染、发热、情绪紧张后加重？有没有出现呼吸费力或夜里憋醒？患者：确实是早上好些，下午重，休息后能缓一缓；有时看东西成两个，抬头久了脖子酸。医生：接下来了解既往情况。您以前有没有类似发作或类似不适？平时有没有慢性病、住院史，或做过相关检查？患者：以前没有这样眼皮下垂，最近在外院查过胸部片子，说前胸里面有个影子需要再看。医生：再了解一下家族情况。您的父母、兄弟姐妹或子女中，有没有人出现过类似症状，或有相关的长期疾病？患者：家里没有人出现过类似眼皮下垂、越活动越没劲的情况。医生：我还想了解生活和诱因：最近睡眠、压力、饮食、饮酒、吸烟、运动，以及外出或特殊接触情况如何？患者：平时运动少，喜欢长时间看电脑，下午眼睛特别累。
,,医生：您好，请坐。看您由家属扶着，今天是遇到了什么麻烦？患者：大夫，我是在快递公司负责分拣的。最近这四五天，我这腿是一天比一天没力气。开始只是脚尖发麻，我以为是站久了。后来爬楼梯觉得两条腿像灌了铅一样。今天早上，我连床都下不来了，双腿完全瘫软。现在我的两只手也开始发麻，连个快递面单都撕不下来。医生：这种从下肢向上肢蔓延的对称性瘫痪，情况比较危急。除了四肢无力和发麻，您这两天有没有觉得心跳忽快忽慢，或者出莫名其妙的冷汗？或者捏捏小腿肚觉得疼？患者：出冷汗太频繁了。这几天晚上睡觉，我总是莫名其妙被冷汗冻醒。小腿肚子也是一按就疼。心跳有时候特别快，像刚跑完步一样，搞得我坐立不安。医生：植物神经功能紊乱和肌肉压痛是重要的伴随症状。您回忆一下，半个月前左右，有没有拉过肚子或者感冒过？患者：差不多半个月前，我得了急性肠胃炎，拉肚子拉了好几天，整个人都脱水了，去诊所打了点滴才好。医生：这个急性肠胃炎的病史很关键。您的直系亲属里，有没有人得过容易突然瘫痪的疾病？或者有风湿免疫类疾病？患者：没有，我爸妈身体很好，没得过这些病。医生：明白了。最后问问您平时的饮食，拉肚子之前是不是吃了什么不卫生的东西，或者没煮熟的肉类？患者：那天太晚下班，我在路边摊吃了一份没完全烤熟的鸭腿，吃完当晚肚子就绞痛。,医生：您好，今天主要因为什么不舒服来就诊？患者：医生您好，主要是下午加重的肢体乏力。这段时间上楼、梳头都容易累，尤其下午明显，睡一觉后好一点。医生：这些表现是突然出现还是逐渐加重？大概从什么时候开始，最明显影响到什么活动？患者：发作时自己有些害怕，持续时间和程度不太固定，但最近次数或程度都比以前多。医生：近期有没有感染、发热、情绪紧张后加重？有没有出现呼吸费力或夜里憋醒？患者：感冒后明显加重，爬楼时胸口发闷，平躺还可以，但累的时候说话不清。休息后会好一些，但反复出现。医生：我再问一下过去的身体情况：以前出现过这样的症状吗？有没有长期疾病、外伤、手术或正在服用的药物？患者：几年前做过胸部检查提示纵隔有异常，但后来没继续查。医生：再了解一下家族情况。您的父母、兄弟姐妹或子女中，有没有人出现过类似症状，或有相关的长期疾病？患者：母亲有甲状腺问题，但没有我这种吞咽和眼睛症状。医生：最后问一下，近期有没有旅行、腹泻或感冒，是否接触特殊环境？平常作息和运动规律吗？患者：平时运动少，喜欢长时间看电脑，下午眼睛特别累。
,,医生：您好，看您是由两位同学背进来的，今天主要是怎么个情况？患者：大夫，我是一名大学生。三天前我正跑长跑呢，就觉得双脚脚掌发木。到了前天，小腿肚子开始发软，我连爬宿舍楼梯都费劲。今天早上我本来想去上课，结果发现两条腿彻底废了，一点力气都没有。连我想用手去拿书包，两只手也麻得跟针扎一样。医生：这种对称性的下肢瘫软逐渐向上肢发展的过程，非常危险。除了四肢的问题，您自己按压一下肌肉，觉得痛吗？另外，这两天有没有觉得呼吸变得很重，气不够用？患者：肌肉是真的疼，酸痛得要命。呼吸确实有点费劲，我现在稍微大声说几句话就得停下来喘几口。医生：肌肉压痛和呼吸肌受累的表现非常典型。您往前推算一下，大概一两周前，有没有拉过肚子或者感冒发烧过？患者：有，十二天前我在学校门口吃了一顿生腌，结果当天晚上就开始上吐下泻，拉得全是水。医生：这个胃肠道感染史非常重要。您的直系亲属里，有没有人发生过这种突然四肢不能动弹的情况？患者：没有，家里人身体都很健康。医生：明白了。最后问问您，拉肚子前吃的那顿生腌里，有没有吃过没熟透的海鲜？患者：那天太馋了，点了一份生腌血蚶和醉虾，那血蚶壳里全是血水，我吃了之后第二天就开始拉肚子了。,医生：您好，您这次来看诊，主要是哪方面的问题？患者：医生您好，主要是眼睑下垂伴视物重影。一开始只是眼睛睁不大，后来出现抬胳膊费劲，连续活动后更没力气。医生：我明白了。请您再具体说说，当时最早出现的症状是什么，后来又有什么变化？患者：中间有过短暂好一点的时候，但总体比刚开始重，尤其到晚上或活动后更明显。医生：除了眼皮和乏力，您有没有饮水呛咳、吞咽困难、咀嚼变慢、说话鼻音重，或者平躺时胸闷气短？患者：感冒后明显加重，爬楼时胸口发闷，平躺还可以，但累的时候说话不清。没有明显麻木疼痛，主要是容易累。医生：之前身体状况怎么样？有没有类似症状、慢性病、外伤史，或体检提示过异常？患者：曾因乏力去看过，休息后好转，就没有进一步处理。医生：您的家人中有没有人年轻或年老后出现过相似表现，或者被反复要求做头部、神经方面检查？患者：兄弟姐妹身体都还好，没听说过类似肌肉无力。医生：最后问一下，近期有没有旅行、腹泻或感冒，是否接触特殊环境？平常作息和运动规律吗？患者：平时运动少，喜欢长时间看电脑，下午眼睛特别累。
,,医生：您好，看您是被同事架着进来的，今天主要是哪里感觉不对劲？患者：医生，我是个银行柜员。平时坐在柜台里上班。但最近这几天我真是懵了。前几天下班的时候，就觉得脚底板和小腿发麻，没力气。昨天我连站起来接待客户都站不住了，腿软得直接跌在椅子上。今天两只手也开始发木，连点钞的力气都没了。医生：出现这种快速上行的对称性肢体无力和麻木，需要立刻警惕。除了手脚的问题，您最近有没有觉得呼吸比以前费力，胸口发闷？或者觉得脸上肌肉有些僵硬？患者：呼吸确实有点费力，现在稍微说几句话就觉得气喘不上来。脸部也有点僵，早上洗脸的时候觉得腮帮子木木的，不太听使唤。医生：呼吸肌受累是必须马上关注的危险信号。您往前倒推一两周，有没有得过重感冒，或者拉过肚子？患者：有，大概十天前，我得了一场重感冒，发烧到39度，浑身疼，咳嗽得很厉害，熬了一个星期才退烧。医生：这个上呼吸道感染的既往史很重要。您的家族里，比如父母，有没有人有过这种突发四肢不能动弹的病史？患者：没有，我家里人都没有这种神经系统的疾病。医生：了解了。最后了解一下您的生活状态，感冒前是不是工作压力太大，导致免疫力严重下降？患者：最近银行搞年底大冲刺，我每天神经高度紧绷，晚上经常失眠，身体一直处于极度疲劳和免疫力低下的状态。,医生：您好，您这次来看诊，主要是哪方面的问题？患者：医生您好，主要是反复眼皮抬不起来。我最近说话说久了声音会越来越小，吃饭嚼一会儿就累，休息后能缓一些。医生：请您描述一下发作或加重时的样子，包括持续时间、部位和对日常活动的影响。患者：中间有过短暂好一点的时候，但总体比刚开始重，尤其到晚上或活动后更明显。医生：近期有没有感染、发热、情绪紧张后加重？有没有出现呼吸费力或夜里憋醒？患者：确实是早上好些，下午重，休息后能缓一缓；有时看东西成两个，抬头久了脖子酸。休息后会好一些，但反复出现。医生：之前身体状况怎么样？有没有类似症状、慢性病、外伤史，或体检提示过异常？患者：有甲状腺方面的小问题，平时没规律复查，没有长期服用特殊药物。医生：家里直系亲属有没有发生过类似的肢体无力、抽搐、手抖、说话或走路异常等情况？患者：家里没有人出现过类似眼皮下垂、越活动越没劲的情况。医生：最后了解一下生活习惯。您平时作息、饮食、运动、吸烟饮酒情况怎么样？最近有没有劳累、熬夜、感染或情绪波动？患者：饮食还可以，但最近压力大、睡眠差，白天连续工作很久。
,,医生：您好，请坐。看您脸色不太好，今天是遇到了什么突发状况？患者：医生，我是一名幼儿园老师。这几天我简直要崩溃了。开始是脚底板发麻。紧接着小腿就开始没劲，昨天我领着孩子排队，腿一软直接跪在地上了。今天早上醒来，这种没力气的感觉已经爬到了大腿，连穿衣服都费劲，手也麻得连个粉笔都拿不住。医生：这种对称性的、自下而上的肢体无力伴随感觉异常，必须要高度重视。除了这些，您最近有没有觉得闭眼睛闭不紧？患者：嘴角漏水真的有！我今天早上刷牙，右边嘴角完全合不上，水漏了我一身。医生：面部肌肉无力是关键的信号。您回忆一下，在出现脚麻之前的两周左右，有没有得过感冒、发烧？或者最近接种过疫苗？患者：有。大概十天前，我去打了流感疫苗。打完之后过两天我就得了一次感冒。医生：疫苗接种史和感冒史这非常有参考意义。您的家族亲属中，有没有人有过这种突发的四肢瘫痪？患者：没有。医生：了解。最后了解一下您近期的生活状态，有没有因为什么事情极度劳累？患者：最近学校搞评估，我每天加班，真的累坏了。,医生：您好，您这次来看诊，主要是哪方面的问题？患者：医生您好，主要是反复眼皮抬不起来。我最近说话说久了声音会越来越小，吃饭嚼一会儿就累，休息后能缓一些。医生：我明白了。请您再具体说说，当时最早出现的症状是什么，后来又有什么变化？患者：发作时自己有些害怕，持续时间和程度不太固定，但最近次数或程度都比以前多。医生：我再确认一下，这种无力是否有晨轻暮重、活动后加重、休息后缓解的特点？有没有复视、抬头困难？患者：感冒后明显加重，爬楼时胸口发闷，平躺还可以，但累的时候说话不清。休息后会好一些，但反复出现。医生：接下来了解既往情况。您以前有没有类似发作或类似不适？平时有没有慢性病、住院史，或做过相关检查？患者：以前没有这样眼皮下垂，最近在外院查过胸部片子，说前胸里面有个影子需要再看。医生：家里直系亲属有没有发生过类似的肢体无力、抽搐、手抖、说话或走路异常等情况？患者：家里没有人出现过类似眼皮下垂、越活动越没劲的情况。医生：我还想了解生活和诱因：最近睡眠、压力、饮食、饮酒、吸烟、运动，以及外出或特殊接触情况如何？患者：平时运动少，喜欢长时间看电脑，下午眼睛特别累。
,,医生：您好，看您是由室友搀扶着进来的，今天主要是哪里感觉不对劲？患者：大夫，我是一名在校大学生。最近这四五天，我的两条腿就像是不属于我了一样。起初只是脚后跟发麻，后来蔓延到整个小腿和大腿。昨天去上课，我连爬楼梯都爬不动了，脚尖抬不起来，一直在地上拖着走。今天连双手都开始发木，穿衣服系鞋带都系不上。医生：年轻人出现这种对称性上行性的肢体无力和麻木，我们需要高度警惕。除了手脚发麻无力，您自己按压一下小腿肚，有没有觉得酸痛？另外，这两天有没有觉得呼吸变得很浅，喘不上气？患者：小腿肚子确实酸痛得很，像里面有根筋抽着一样。呼吸也觉得有些费力，这两天稍微活动一下就觉得氧气不够用，得大口喘气，心跳也特别快。医生：肌肉压痛和呼吸肌受累的早期表现非常关键。您往前倒推一两周，有没有经历过拉肚子，或者感冒发烧？患者：有，十二三天前，我拉肚子非常严重，一天拉了五六次水样便，校医给我开了点黄连素才好。医生：这个腹泻的既往史我记下了。您的长辈或者兄弟姐妹中，有没有人发生过突然偏瘫或者四肢瘫痪的情况？患者：都没有，我们家没有这种病史。医生：明白了。最后问问您，拉肚子前，您有没有在外面吃过没做熟的生肉或者海鲜？患者：那天宿舍聚餐，在学校后门吃了一顿生腌海鲜和半熟的烤串，吃完第二天我就闹肚子了。,医生：您好，我先了解一下，最让您担心的症状是什么？患者：医生您好，主要是下午加重的肢体乏力。一开始只是眼睛睁不大，后来出现抬胳膊费劲，连续活动后更没力气。医生：好的。这个情况持续了多久？中间有没有完全缓解，还是一直存在或越来越明显？患者：大概从2天前开始，最初不明显，后来越来越影响走路和做事，休息后也不一定完全好。医生：除了眼皮和乏力，您有没有饮水呛咳、吞咽困难、咀嚼变慢、说话鼻音重，或者平躺时胸闷气短？患者：有，喝水偶尔会呛，吃肉嚼到后面很累，说话久了像没气，晚上比早上明显。休息后会好一些，但反复出现。医生：我再问一下过去的身体情况：以前出现过这样的症状吗？有没有长期疾病、外伤、手术或正在服用的药物？患者：有甲状腺方面的小问题，平时没规律复查，没有长期服用特殊药物。医生：再了解一下家族情况。您的父母、兄弟姐妹或子女中，有没有人出现过类似症状，或有相关的长期疾病？患者：家里没有人出现过类似眼皮下垂、越活动越没劲的情况。医生：最后问一下，近期有没有旅行、腹泻或感冒，是否接触特殊环境？平常作息和运动规律吗？患者：最近工作忙，经常熬夜，感冒后没休息好，症状更明显。
,,医生：您好，看您是被同事背进来的，双腿完全无法站立了，今天主要是哪里感觉不对劲？患者：大夫，我是个开长途货车的司机。三天前我在服务区歇脚的时候，就觉得两只脚踩离合和油门的时候没感觉，脚底板发木。到了前天，小腿肚子开始发软，走路直打晃。今天早上我本来想从卧铺爬起来去开车，结果发现两条腿彻底废了，一点知觉和力气都没有。连我想用双手去拉车门，两只手也软绵绵的。医生：这种对称性的下肢瘫软逐渐向上肢发展的过程，非常危险。除了四肢的问题，您自己按压一下大腿和小腿的肌肉，会不会觉得很痛？另外，这两天有没有觉得心脏跳得很乱，或者明明不热却大汗淋漓的？患者：肌肉是真的疼，像被人用棍子狠狠敲过一样，酸痛得要命。出汗也是，昨天晚上我在驾驶室里，明明开了空调，我却莫名其妙地出了一身透汗，衣服全湿了。心脏有时候也突然跳得特别快，感觉心慌气短的。医生：肌肉压痛和植物神经功能紊乱，是非常典型的伴随表现。您往前推算一下，大概一两周前，有没有拉过肚子或者感冒发烧过？患者：有，十二天前我在国道旁边的一个小饭馆吃了一顿饭，结果当天晚上就开始上吐下泻，拉得全是水，去路边诊所挂了两瓶盐水才止住。医生：这个胃肠道感染史非常重要。您的直系亲属里，有没有人发生过这种突然四肢不能动弹的情况，或者有严重的自身免疫疾病？患者：没有，我爸妈都在农村种地，身体硬朗着呢，都没得过这种怪病。医生：明白了。最后问问您，半个月前拉肚子之前，在路边小饭馆吃的什么东西？是不是吃了没熟透的肉类？患者：那天太饿了，点了一份白切鸡和凉拌猪耳朵，那鸡肉骨头里还带着血，猪耳朵也有点腥味，我为了赶路将就着吃了，估计就是那顿饭吃出了问题。,医生：您好，您这次来看诊，主要是哪方面的问题？患者：医生您好，主要是眼睑下垂伴视物重影。一开始只是眼睛睁不大，后来出现抬胳膊费劲，连续活动后更没力气。医生：请您描述一下发作或加重时的样子，包括持续时间、部位和对日常活动的影响。患者：中间有过短暂好一点的时候，但总体比刚开始重，尤其到晚上或活动后更明显。医生：近期有没有感染、发热、情绪紧张后加重？有没有出现呼吸费力或夜里憋醒？患者：有，喝水偶尔会呛，吃肉嚼到后面很累，说话久了像没气，晚上比早上明显。休息后会好一些，但反复出现。医生：关于既往史，您之前有没有因为神经、头部、肌肉无力或意识变化等问题就医？平时有什么基础病？患者：有甲状腺方面的小问题，平时没规律复查，没有长期服用特殊药物。医生：从家族史方面看，家里有没有人有类似发作，或者长期的神经系统、肌肉无力、脑血管方面问题？患者：母亲有甲状腺问题，但没有我这种吞咽和眼睛症状。医生：平时生活习惯方面，是否经常久坐、熬夜、饮食偏咸偏油、饮酒吸烟？发作前有没有特别劳累或不适？患者：有时自己随便吃感冒药，最近加班多，午休少。
,,医生：您好，看您是由两位朋友架着进来的，双腿好像完全不能吃力，今天主要是怎么个情况？患者：大夫，我是一名户外俱乐部的徒步领队。大概三天前，我先是觉得两只脚的脚底板有些发麻，像穿了厚厚的不透气的湿袜子一样。我起初以为是徒步走多了累的。结果昨天早上，这种麻木感就蔓延到了小腿，而且两条腿开始发软。今天早上更夸张，我原本想自己下床，结果两条腿像面条一样软，根本站不住，直接瘫地上了。现在连两只手也开始发木，拿水杯都直哆嗦。医生：这种从双下肢开始、逐渐往上蔓延的对称性麻木和无力，我们必须要赶紧查清楚。除了手脚的感觉异常，您自己捏一捏小腿肚子的肌肉，有没有觉得酸痛？或者最近有没有觉得脸上的肌肉有些发僵，甚至出现心跳忽快忽慢、经常出虚汗的情况？患者：您这一说我还真有感觉。我昨天晚上自己按了按小腿肚子，确实有一阵阵的酸痛感，像刚跑完重装马拉松那种深层的疼。而且这两天我老是莫名其妙地出一身冷汗，有时候坐着不动，心脏也扑通扑通跳得飞快，过一会儿又自己慢下来了，脸也木木的。医生：这些伴随的肌肉压痛和自主神经表现很重要。那我们往前倒推大约一到两周的时间，您有没有经历过严重的拉肚子、闹肠胃炎，或者得过感冒发烧？近期有没有打过什么疫苗？患者：有的！大概十二三天前吧，我拉肚子拉得差点虚脱，一天跑了七八次厕所，当时还伴着低烧。我自己去药店买了点蒙脱石散和抗生素吃了，熬了三四天才好。疫苗倒是一年多没打过了。医生：明白了。虽然这一般不直接遗传，但为了全面评估，还是想了解下，您的直系亲属里，有没有人容易得一些自身免疫性的疾病，或者有过突然四肢瘫痪的情况？患者：没有，我爸妈身体都跟铁打的一样，一年到头连感冒都少有。家里亲戚也没听说谁得过什么奇怪的免疫系统疾病或突然瘫痪的病。医生：好的，最后问一下生活细节。在您半个月前拉肚子之前，您带队去野外的时候，有没有吃过什么不太干净的生肉、海鲜，或者喝过生水？患者：拉肚子前的一天，我正好带队去郊外水库边露营烧烤。当时大家图热闹，烤的鸡翅和猪肉串有些里面还带着血丝，我们也没讲究，蘸着调料就吃下去了，后来我们去的人里有好几个都闹了肚子。,医生：您好，今天主要因为什么不舒服来就诊？患者：医生您好，主要是说话久了声音变弱。一开始只是眼睛睁不大，后来出现抬胳膊费劲，连续活动后更没力气。医生：我明白了。请您再具体说说，当时最早出现的症状是什么，后来又有什么变化？患者：大概从3天前开始，最初不明显，后来越来越影响走路和做事，休息后也不一定完全好。医生：除了眼皮和乏力，您有没有饮水呛咳、吞咽困难、咀嚼变慢、说话鼻音重，或者平躺时胸闷气短？患者：感冒后明显加重，爬楼时胸口发闷，平躺还可以，但累的时候说话不清。医生：我再问一下过去的身体情况：以前出现过这样的症状吗？有没有长期疾病、外伤、手术或正在服用的药物？患者：以前没有这样眼皮下垂，最近在外院查过胸部片子，说前胸里面有个影子需要再看。医生：您的家人中有没有人年轻或年老后出现过相似表现，或者被反复要求做头部、神经方面检查？患者：兄弟姐妹身体都还好，没听说过类似肌肉无力。医生：我还想了解生活和诱因：最近睡眠、压力、饮食、饮酒、吸烟、运动，以及外出或特殊接触情况如何？患者：平时运动少，喜欢长时间看电脑，下午眼睛特别累。
,,医生：您好，看您说话似乎有些费力，今天是遇到了什么麻烦？患者：大夫，我是在理发店给人剪头发的理发师。最近这四五天，我这腿是一天比一天没力气。开始只是脚趾头发麻，没当回事。后来觉得大腿像灌了铅一样。今天早上，我连床都下不来了，双腿完全瘫软。现在我的两只手也开始发麻，连一把剪刀都拿不住了。医生：从下肢向上肢蔓延的对称性瘫痪，情况比较危急。除了四肢无力和发麻，您这两天有没有觉得心跳忽快忽慢，或者出莫名其妙的冷汗？患者：出冷汗太频繁了。这几天晚上睡觉，我总是莫名其妙被冷汗冻醒，心跳也特别快，像刚跑完步一样。医生：植物神经功能紊乱是很重要的伴随症状。您回忆一下，半个月前左右，有没有拉过肚子或者感冒过？患者：差不多半个月前，我得了急性肠胃炎，拉肚子拉了好几天，整个人都脱水了，去诊所打了点滴才好。医生：这个急性肠胃炎的病史很关键。您的直系亲属里，有没有人得过容易突然瘫痪的疾病？患者：没有，我爸妈身体很好，没得过这些病。医生：明白了。最后问问您平时的饮食，拉肚子之前是不是吃了什么不卫生的东西，或者没煮熟的肉类？患者：那天太晚下班，我在路边摊吃了一份没烤熟的烤鸭肠，吃完当晚肚子就绞痛。,医生：您好，我先了解一下，最让您担心的症状是什么？患者：医生您好，主要是咀嚼无力、吞咽费劲。这段时间上楼、梳头都容易累，尤其下午明显，睡一觉后好一点。医生：我明白了。请您再具体说说，当时最早出现的症状是什么，后来又有什么变化？患者：开始时比较轻，我以为能缓过去，但这两天家里人也看出不对，日常吃饭、穿衣或走路都受影响。医生：近期有没有感染、发热、情绪紧张后加重？有没有出现呼吸费力或夜里憋醒？患者：感冒后明显加重，爬楼时胸口发闷，平躺还可以，但累的时候说话不清。休息后会好一些，但反复出现。医生：关于既往史，您之前有没有因为神经、头部、肌肉无力或意识变化等问题就医？平时有什么基础病？患者：几年前做过胸部检查提示纵隔有异常，但后来没继续查。医生：从家族史方面看，家里有没有人有类似发作，或者长期的神经系统、肌肉无力、脑血管方面问题？患者：家族里没有明确的神经肌肉方面疾病。医生：我还想了解生活和诱因：最近睡眠、压力、饮食、饮酒、吸烟、运动，以及外出或特殊接触情况如何？患者：有时自己随便吃感冒药，最近加班多，午休少。
,,医生：您好，看您是被几个队友架着进来的，今天主要是哪里感觉不对劲？患者：医生，我是个篮球队的。最近这几天我真是懵了。前几天我打球的时候，就觉得脚底板和小腿发麻，没力气。昨天我连站起来抢篮板都站不住了，腿软得直接跌在地上。今天两只手也开始发麻。医生：年轻人出现这种快速上行的对称性肢体无力和麻木，需要立刻警惕。除了手脚的问题，您最近有没有觉得呼吸比以前费力，胸口发闷？患者：呼吸确实有点费力，现在稍微说几句话就觉得气喘不上来，总觉得氧气不够用。医生：呼吸肌受累是必须马上关注的危险信号。您往前倒推一两周，有没有得过重感冒，或者拉过肚子？患者：有，大概十天前，我得了一场重感冒，发烧到39度，浑身疼。医生：这个上呼吸道感染的既往史很重要。您的家族里，比如父母，有没有人有过这种突发四肢瘫痪的病史？患者：没有。医生：了解了。最后了解一下您的生活状态，感冒前是不是训练太猛了？或者吃的方面有什么问题？患者：最近为了比赛天天加练，身体一直处于极度疲劳的状态。感冒前那天还吃了顿路边没烤熟的肉串。,医生：您好，今天主要因为什么不舒服来就诊？患者：医生您好，主要是下午加重的肢体乏力。这段时间上楼、梳头都容易累，尤其下午明显，睡一觉后好一点。医生：请您描述一下发作或加重时的样子，包括持续时间、部位和对日常活动的影响。患者：发作时自己有些害怕，持续时间和程度不太固定，但最近次数或程度都比以前多。医生：近期有没有感染、发热、情绪紧张后加重？有没有出现呼吸费力或夜里憋醒？患者：感冒后明显加重，爬楼时胸口发闷，平躺还可以，但累的时候说话不清。休息后会好一些，但反复出现。医生：关于既往史，您之前有没有因为神经、头部、肌肉无力或意识变化等问题就医？平时有什么基础病？患者：几年前做过胸部检查提示纵隔有异常，但后来没继续查。医生：您的家人中有没有人年轻或年老后出现过相似表现，或者被反复要求做头部、神经方面检查？患者：家族里没有明确的神经肌肉方面疾病。医生：平时生活习惯方面，是否经常久坐、熬夜、饮食偏咸偏油、饮酒吸烟？发作前有没有特别劳累或不适？患者：饮食还可以，但最近压力大、睡眠差，白天连续工作很久。
,,医生：您好，看您说话似乎有些费力，今天是遇到了什么麻烦？患者：大夫，我是在快递网点分拣包裹的。最近这四五天，我这腿是一天比一天没力气。开始只是脚尖发麻，我以为是站久了累的。后来搬箱子觉得两条腿像灌了铅。今天早上，我连床都下不来了，双腿完全瘫软。现在我的两只手也开始发麻，连个胶带都撕不开了。医生：这种从下肢向上肢蔓延的对称性瘫痪，情况比较危急。除了四肢无力和发麻，您这两天有没有觉得心跳极快，或者出莫名其妙的冷汗？患者：出冷汗太频繁了。这几天晚上睡觉，我总是莫名其妙被冷汗冻醒，心跳也特别快，搞得我坐立不安。医生：植物神经功能紊乱是重要的伴随症状。您回忆一下，半个月前左右，有没有拉过肚子或者感冒发烧？患者：差不多半个月前，我吃了份变质的冷面，拉肚子拉了好几天。医生：这个急性肠胃炎的病史很关键。您的直系亲属里，有没有人得过容易突然瘫痪的疾病？患者：没有，家里人身体都很硬朗。医生：明白了。最后问问您，拉肚子前吃冷面的时候，有没有觉得面里的肉或者是配菜不新鲜？患者：那份冷面里的牛肉卷看着就发黑，我没当回事全吃了。,医生：您好，我先了解一下，最让您担心的症状是什么？患者：医生您好，主要是咀嚼无力、吞咽费劲。这段时间上楼、梳头都容易累，尤其下午明显，睡一觉后好一点。医生：这些表现是突然出现还是逐渐加重？大概从什么时候开始，最明显影响到什么活动？患者：开始时比较轻，我以为能缓过去，但这两天家里人也看出不对，日常吃饭、穿衣或走路都受影响。医生：我再确认一下，这种无力是否有晨轻暮重、活动后加重、休息后缓解的特点？有没有复视、抬头困难？患者：有，喝水偶尔会呛，吃肉嚼到后面很累，说话久了像没气，晚上比早上明显。没有明显麻木疼痛，主要是容易累。医生：关于既往史，您之前有没有因为神经、头部、肌肉无力或意识变化等问题就医？平时有什么基础病？患者：以前没有这样眼皮下垂，最近在外院查过胸部片子，说前胸里面有个影子需要再看。医生：从家族史方面看，家里有没有人有类似发作，或者长期的神经系统、肌肉无力、脑血管方面问题？患者：母亲有甲状腺问题，但没有我这种吞咽和眼睛症状。医生：最后问一下，近期有没有旅行、腹泻或感冒，是否接触特殊环境？平常作息和运动规律吗？患者：饮食还可以，但最近压力大、睡眠差，白天连续工作很久。
,,医生：您好，看您坐在轮椅上，眼神也有些焦虑，今天主要是哪里感觉不对劲？患者：医生，我是一名瑜伽教练。我平时的身体素质非常好，可是这三天我简直是从天堂掉到了地狱。起初只是脚趾头发麻，我以为是拉伸过度了。可昨天下午，我练下犬式的时候，双腿一点力气都没有，直接跪在瑜伽垫上了。今天早上，我发现自己腰部以下一点知觉都没了，双手也开始发麻，连绑头发的力气都没有。医生：这种快速进展的双侧、上行性无力和麻木，必须要查明原因。除了手脚瘫软发麻，您最近有没有发现自己脸两边不对称，比如刷牙的时候水顺着嘴角往下漏？或者觉得心脏跳得乱糟糟的？患者：嘴角漏水真的有！我今天早上刷牙，右边嘴角完全合不上。心脏这几天确实也不舒服，老觉得莫名其妙的心慌，还一阵阵出虚汗，脸上的肌肉也发僵。医生：双侧面神经受累和自主神经症状是非常典型的。您在出现这些症状前的一两周内，有没有接种过什么疫苗？或者得过严重的感冒、腹泻？患者：大概三周前，我去打了一针流感疫苗。打完之后过了一周，我确实得过一次急性肠胃炎，拉肚子拉了好几天。医生：疫苗接种史和腹泻史这非常有参考意义。您的家族亲属中，有没有人有过这种突发的四肢瘫痪，或者有自身免疫方面的疾病？患者：没有，家里人身体都非常棒。医生：了解。最后了解一下您近期的生活状态，有没有因为什么事情极度劳累？或者在饮食上有什么特殊的吗？患者：最近为了准备瑜伽大赛，我每天训练八个小时以上，还要严格控制饮食，只吃生食蔬菜沙拉和白水煮肉，身体抵抗力确实降得厉害。,医生：您好，您这次来看诊，主要是哪方面的问题？患者：医生您好，主要是说话久了声音变弱。半年前开始右眼皮抬不起来，早上轻一些，下午和晚上明显，最近看东西还有重影。医生：请您描述一下发作或加重时的样子，包括持续时间、部位和对日常活动的影响。患者：开始时比较轻，我以为能缓过去，但这两天家里人也看出不对，日常吃饭、穿衣或走路都受影响。医生：近期有没有感染、发热、情绪紧张后加重？有没有出现呼吸费力或夜里憋醒？患者：确实是早上好些，下午重，休息后能缓一缓；有时看东西成两个，抬头久了脖子酸。没有明显麻木疼痛，主要是容易累。医生：我再问一下过去的身体情况：以前出现过这样的症状吗？有没有长期疾病、外伤、手术或正在服用的药物？患者：曾因乏力去看过，休息后好转，就没有进一步处理。医生：从家族史方面看，家里有没有人有类似发作，或者长期的神经系统、肌肉无力、脑血管方面问题？患者：家里没有人出现过类似眼皮下垂、越活动越没劲的情况。医生：最后问一下，近期有没有旅行、腹泻或感冒，是否接触特殊环境？平常作息和运动规律吗？患者：最近工作忙，经常熬夜，感冒后没休息好，症状更明显。
,,医生：您好，看您是由同事用办公椅推着进来的，今天发生了什么事？患者：大夫，我是一名程序员。三天前我正写代码呢，就觉得双脚脚底板发木，像穿了一层厚厚的盔甲。到了前天，小腿肚子开始发软，我从工位站起来都费劲。今天早上我本来想打车来上班，结果发现两条腿彻底不听使唤了，根本踩不住地。连我想伸手去拿键盘，两只手也麻得跟针扎一样。医生：这种从脚开始、向上蔓延的对称性无力，是不能耽误的。除了四肢的问题，您自己按捏一下小腿肚，痛不痛？另外，最近有没有觉得呼吸比以前费力，胸口总觉得像压着块大石头？患者：小腿肚子一按就钻心地疼，像里面有根筋在跳着痛。呼吸确实有点费力，我现在稍微说几句话就得深吸一口气，总觉得氧气不够用，心跳也特别快。医生：肌肉压痛和呼吸肌受累的征兆是非常危险的。您往前倒推一两周，有没有经历过严重的拉肚子，或者感冒发烧？近期打过疫苗吗？患者：有！差不多两个星期前吧，我跟同事去吃了一次生腌，回来后拉肚子拉得差点虚脱，一天跑了快十次厕所。疫苗的话，上个月底我刚去接种了乙肝疫苗。医生：这个肠胃炎和疫苗接种史我记下了。您的长辈或者兄弟姐妹中，有没有人发生过突然偏瘫或者四肢瘫痪的情况？或者有严重的类风湿疾病？患者：没有，家里人都没有这种病史。医生：明白了。最后问问您，拉肚子前在那顿生腌里吃了什么？是不是有那种没有完全处理干净的禽类或者海产品？患者：那天我们吃的是那种潮汕生腌，有血蚶、生虾还有半生不熟的醉鸡。当时吃得挺爽，结果第二天大家都中招了，只是其他人好了，我却成了现在这样。,医生：您好，今天主要因为什么不舒服来就诊？患者：医生您好，主要是眼睑下垂伴视物重影。我最近说话说久了声音会越来越小，吃饭嚼一会儿就累，休息后能缓一些。医生：好的。这个情况持续了多久？中间有没有完全缓解，还是一直存在或越来越明显？患者：中间有过短暂好一点的时候，但总体比刚开始重，尤其到晚上或活动后更明显。医生：我再确认一下，这种无力是否有晨轻暮重、活动后加重、休息后缓解的特点？有没有复视、抬头困难？患者：有，喝水偶尔会呛，吃肉嚼到后面很累，说话久了像没气，晚上比早上明显。休息后会好一些，但反复出现。医生：接下来了解既往情况。您以前有没有类似发作或类似不适？平时有没有慢性病、住院史，或做过相关检查？患者：以前没有这样眼皮下垂，最近在外院查过胸部片子，说前胸里面有个影子需要再看。医生：再了解一下家族情况。您的父母、兄弟姐妹或子女中，有没有人出现过类似症状，或有相关的长期疾病？患者：家族里没有明确的神经肌肉方面疾病。医生：平时生活习惯方面，是否经常久坐、熬夜、饮食偏咸偏油、饮酒吸烟？发作前有没有特别劳累或不适？患者：最近工作忙，经常熬夜，感冒后没休息好，症状更明显。
,,医生：您好，看您是由女儿推着轮椅进来的，今天是怎么个情况让您赶紧来急诊的？患者：医生，我是在超市做收银员的。可是这几天，我这腿脚简直像被废了一样。开始只是觉得双脚发麻，像踩在棉花上。接着小腿也软了。今天早上，我发现自己腰部以下一点知觉都没了，双手也开始发麻，连扫码枪都拿不住了。医生：这种快速进展的双侧上行性感觉和运动障碍，我们必须要查明原因。除了手脚瘫软发麻，您最近有没有发现自己脸两边不对称，比如闭眼睛闭不严？或者喝水容易顺着嘴角漏？患者：我女儿今天早上就说我脸不对劲，她说我两边眼皮都耷拉着，使劲闭也闭不紧，早上喝水还顺着左边嘴角往下漏。医生：双侧面神经受累是非常典型的伴随表现。您在出现这些症状前的一个月内，有没有接种过什么疫苗？或者得过感冒、肠胃炎？患者：大概三个星期前，社区组织打流感疫苗，我就去打了一针。打完之后还轻微感冒了几天，流鼻涕打喷嚏的。医生：疫苗接种史和感冒史这非常有参考意义。您的家族亲属中，有没有人有过这种突发的四肢瘫痪，或者有自身免疫方面的疾病？患者：没有，家里老人都没听说过这种浑身不能动的病。医生：了解。最后了解一下您近期的生活状态，有没有因为什么事情极度劳累？患者：最近超市搞大促，我一个人连上了十天班，每天站十几个小时，累得我腰酸背痛，身体抵抗力确实差了。,医生：您好，我先了解一下，最让您担心的症状是什么？患者：医生您好，主要是说话久了声音变弱。我最近说话说久了声音会越来越小，吃饭嚼一会儿就累，休息后能缓一些。医生：我明白了。请您再具体说说，当时最早出现的症状是什么，后来又有什么变化？患者：大概从半个月前开始，最初不明显，后来越来越影响走路和做事，休息后也不一定完全好。医生：我再确认一下，这种无力是否有晨轻暮重、活动后加重、休息后缓解的特点？有没有复视、抬头困难？患者：有，喝水偶尔会呛，吃肉嚼到后面很累，说话久了像没气，晚上比早上明显。休息后会好一些，但反复出现。医生：之前身体状况怎么样？有没有类似症状、慢性病、外伤史，或体检提示过异常？患者：以前没有这样眼皮下垂，最近在外院查过胸部片子，说前胸里面有个影子需要再看。医生：再了解一下家族情况。您的父母、兄弟姐妹或子女中，有没有人出现过类似症状，或有相关的长期疾病？患者：家族里没有明确的神经肌肉方面疾病。医生：最后问一下，近期有没有旅行、腹泻或感冒，是否接触特殊环境？平常作息和运动规律吗？患者：饮食还可以，但最近压力大、睡眠差，白天连续工作很久。
,,医生：您好，看您说话似乎有些费力，今天是遇到了什么麻烦？患者：大夫，我是个外卖骑手。最近这四五天，我这腿是一天比一天没力气。开始只是脚尖发麻。后来送餐觉得两条腿像灌了铅。今天早上，我连床都下不来了，双腿完全瘫软。现在我的两只手也开始发麻。医生：这种从下肢向上肢蔓延的对称性瘫痪，情况比较危急。除了四肢无力和发麻，您捏捏腿肚子的肌肉觉得痛吗？患者：小腿肚子一捏就痛。心跳也特别快，像刚跑完步一样，喘不过气。医生：自主神经紊乱和肌肉痛是重要的伴随症状。您回忆一下，半个月前左右，有没有拉过肚子或者感冒发烧？患者：差不多半个月前，我吃了份变质的快餐，拉肚子拉了好几天。医生：这个急性肠胃炎的病史很关键。您的直系亲属里，有没有人得过容易突然瘫痪的疾病？患者：没有。医生：最后问问您，拉肚子前在那份快餐里吃的什么？是不是肉没熟？患者：那份鸡腿饭里的鸡肉，骨头缝里全是红血丝。,医生：您好，我先了解一下，最让您担心的症状是什么？患者：医生您好，主要是眼睑下垂伴视物重影。这段时间上楼、梳头都容易累，尤其下午明显，睡一觉后好一点。医生：这些表现是突然出现还是逐渐加重？大概从什么时候开始，最明显影响到什么活动？患者：大概从1个月前开始，最初不明显，后来越来越影响走路和做事，休息后也不一定完全好。医生：除了眼皮和乏力，您有没有饮水呛咳、吞咽困难、咀嚼变慢、说话鼻音重，或者平躺时胸闷气短？患者：确实是早上好些，下午重，休息后能缓一缓；有时看东西成两个，抬头久了脖子酸。没有明显麻木疼痛，主要是容易累。医生：之前身体状况怎么样？有没有类似症状、慢性病、外伤史，或体检提示过异常？患者：曾因乏力去看过，休息后好转，就没有进一步处理。医生：家里直系亲属有没有发生过类似的肢体无力、抽搐、手抖、说话或走路异常等情况？患者：家里没有人出现过类似眼皮下垂、越活动越没劲的情况。医生：最后了解一下生活习惯。您平时作息、饮食、运动、吸烟饮酒情况怎么样？最近有没有劳累、熬夜、感染或情绪波动？患者：有时自己随便吃感冒药，最近加班多，午休少。
,,医生：您好，看您是由队友搀扶着进来的，今天主要是哪里感觉不对劲？患者：大夫，我是个体校的田径运动员。最近这四五天，我的两条腿就像是不属于我了一样。起初只是脚后跟发麻，后来蔓延到整个小腿和大腿。昨天去训练，我连慢跑都跑不动了，脚尖抬不起来，一直在地上拖着走。今天连双手都开始发木，穿衣服系鞋带都系不上。医生：年轻人出现这种对称性上行性的肢体无力和麻木，我们需要高度警惕。除了手脚发麻无力，您自己按压一下小腿肚，有没有觉得酸痛？另外，这两天有没有觉得呼吸变得很浅，喘不上气？患者：小腿肚子确实酸痛得很，像里面有根筋抽着一样。呼吸也觉得有些费力，这两天稍微活动一下就觉得氧气不够用，得大口喘气。医生：肌肉压痛和呼吸肌受累的早期表现非常关键。您往前倒推一两周，有没有经历过拉肚子，或者感冒发烧？患者：有，十二三天前，我拉肚子非常严重，一天拉了五六次水样便，队医给我开了黄连素才好。医生：这个腹泻的既往史我记下了。您的长辈或者兄弟姐妹中，有没有人发生过突然偏瘫或者四肢瘫痪的情况？患者：都没有，我们家没有这种遗传病史。医生：明白了。最后问问您，拉肚子前，您有没有在外面吃过没做熟的生肉或者海鲜？患者：那天出去聚餐，吃了一顿生腌海鲜和半熟的牛排，吃完第二天我就闹肚子了。,医生：您好，今天主要因为什么不舒服来就诊？患者：医生您好，主要是咀嚼无力、吞咽费劲。一开始只是眼睛睁不大，后来出现抬胳膊费劲，连续活动后更没力气。医生：请您描述一下发作或加重时的样子，包括持续时间、部位和对日常活动的影响。患者：开始时比较轻，我以为能缓过去，但这两天家里人也看出不对，日常吃饭、穿衣或走路都受影响。医生：近期有没有感染、发热、情绪紧张后加重？有没有出现呼吸费力或夜里憋醒？患者：有，喝水偶尔会呛，吃肉嚼到后面很累，说话久了像没气，晚上比早上明显。医生：关于既往史，您之前有没有因为神经、头部、肌肉无力或意识变化等问题就医？平时有什么基础病？患者：以前没有这样眼皮下垂，最近在外院查过胸部片子，说前胸里面有个影子需要再看。医生：您的家人中有没有人年轻或年老后出现过相似表现，或者被反复要求做头部、神经方面检查？患者：家族里没有明确的神经肌肉方面疾病。医生：平时生活习惯方面，是否经常久坐、熬夜、饮食偏咸偏油、饮酒吸烟？发作前有没有特别劳累或不适？患者：最近工作忙，经常熬夜，感冒后没休息好，症状更明显。
,,医生：您好，看您是由家属搀扶着进来的，今天主要是哪里感觉不对劲？患者：大夫，我是一名在校大学生。最近这四五天，我的两条腿就像是不属于我了一样。起初只是脚后跟发麻，后来蔓延到整个小腿和大腿。昨天去上课，我连爬楼梯都爬不动了。今天连双手都开始发木，穿衣服系扣子都系不上。医生：年轻人出现这种对称性上行性的肢体无力和麻木，我们需要高度警惕。除了手脚发麻无力，您自己按压一下小腿肚，痛吗？另外，最近有没有觉得呼吸变得很浅？患者：小腿肚子确实酸痛得很。呼吸也觉得有些费力，这两天总觉得氧气不够用。医生：肌肉压痛和呼吸肌受累的早期表现非常关键。您往前倒推一两周，有没有经历过拉肚子，或者感冒发烧？患者：有，十二三天前，我拉肚子非常严重。医生：这个腹泻的既往史我记下了。您的长辈或者兄弟姐妹中，有没有人发生过四肢瘫痪的情况？患者：都没有。医生：最后问问您，拉肚子前，您有没有在外面吃过没做熟的肉类？患者：那天宿舍聚餐，吃了半熟的烤串，之后就闹肚子了。,医生：您好，请您从最开始的不舒服说起，哪里最明显？患者：医生您好，主要是下午加重的肢体乏力。这段时间上楼、梳头都容易累，尤其下午明显，睡一觉后好一点。医生：这些表现是突然出现还是逐渐加重？大概从什么时候开始，最明显影响到什么活动？患者：大概从2天前开始，最初不明显，后来越来越影响走路和做事，休息后也不一定完全好。医生：我再确认一下，这种无力是否有晨轻暮重、活动后加重、休息后缓解的特点？有没有复视、抬头困难？患者：确实是早上好些，下午重，休息后能缓一缓；有时看东西成两个，抬头久了脖子酸。休息后会好一些，但反复出现。医生：我再问一下过去的身体情况：以前出现过这样的症状吗？有没有长期疾病、外伤、手术或正在服用的药物？患者：有甲状腺方面的小问题，平时没规律复查，没有长期服用特殊药物。医生：家里直系亲属有没有发生过类似的肢体无力、抽搐、手抖、说话或走路异常等情况？患者：母亲有甲状腺问题，但没有我这种吞咽和眼睛症状。医生：我还想了解生活和诱因：最近睡眠、压力、饮食、饮酒、吸烟、运动，以及外出或特殊接触情况如何？患者：最近工作忙，经常熬夜，感冒后没休息好，症状更明显。
,,医生：您好，请坐。看您脸色不太好，今天是遇到了什么突发状况？患者：大夫，我是个建筑公司的监理。这几天我简直要疯了，开始是脚趾头发麻，我以为是工地的安全鞋太沉压的。紧接着小腿就开始没劲，昨天我在巡视工地的时候，腿一软差点从脚手架上掉下来。今天早上醒来，这种没力气的感觉已经爬到了大腿和腰，现在连我这双手都麻木得连个卷尺都拉不开了。医生：这种对称性的、自下而上的肢体无力伴随感觉异常，必须要高度重视。除了这些，您最近有没有觉得心脏跳得很快，或者明明不热却出一身虚汗？呼吸觉得费力吗？患者：出虚汗太严重了！这几天晚上睡觉，我总是莫名其妙出一身透汗。心脏也经常突然狂跳一阵，感觉心慌气短的。呼吸也觉得比平时费劲，胸口像压了块砖头。医生：植物神经受累和呼吸肌无力是非常关键的信号。您回忆一下，在出现脚麻之前的两周左右，有没有得过重感冒、发烧？或者最近有没有接种过流感疫苗之类的？患者：有。大概一周前，我为了赶进度淋了雨，当天晚上就发高烧了，烧到了39度多。我自己吃了点药，退了烧之后就开始觉得脚麻了。医生：这个雨后感冒发热的病史非常重要。那您的家族里，父母或者兄弟姐妹中，有没有人得过严重的免疫系统疾病？患者：我妈有类风湿性关节炎，手关节都变形了。我爸身体倒还可以。医生：了解了。最后了解一下您最近的生活状态。在那次感冒之前，您在工地上是不是劳动强度极大？吃的方面有没有什么不讲究的地方？患者：工地上伙食简单，那天晚上我们几个工友去附近的河里抓了点螃蟹，随便烤了烤就吃了，有的还没熟透，当时觉得有点腥但也咽下去了，估计就是那次伤了元气。,医生：您好，我先了解一下，最让您担心的症状是什么？患者：医生您好，主要是反复眼皮抬不起来。近一段时间前开始右眼皮抬不起来，早上轻一些，下午和晚上明显，最近看东西还有重影。医生：好的。这个情况持续了多久？中间有没有完全缓解，还是一直存在或越来越明显？患者：发作时自己有些害怕，持续时间和程度不太固定，但最近次数或程度都比以前多。医生：我再确认一下，这种无力是否有晨轻暮重、活动后加重、休息后缓解的特点？有没有复视、抬头困难？患者：有，喝水偶尔会呛，吃肉嚼到后面很累，说话久了像没气，晚上比早上明显。没有明显麻木疼痛，主要是容易累。医生：关于既往史，您之前有没有因为神经、头部、肌肉无力或意识变化等问题就医？平时有什么基础病？患者：以前没有这样眼皮下垂，最近在外院查过胸部片子，说前胸里面有个影子需要再看。医生：从家族史方面看，家里有没有人有类似发作，或者长期的神经系统、肌肉无力、脑血管方面问题？患者：家里没有人出现过类似眼皮下垂、越活动越没劲的情况。医生：平时生活习惯方面，是否经常久坐、熬夜、饮食偏咸偏油、饮酒吸烟？发作前有没有特别劳累或不适？患者：平时运动少，喜欢长时间看电脑，下午眼睛特别累。
,,医生：您好，请坐，看您说话似乎有些费力，今天是遇到了什么状况？患者：医生，我是个护士。这几天我的身体状况太反常了。最开始是觉得双脚脚掌发木，我以为是站久了静脉曲张。然后无力感顺着腿往上走，昨天在病房我连推医疗车的力气都没了。今天两只手也麻得跟针扎一样，连输液的针头都拿不稳了。医生：作为同行，您出现这种上行性对称性瘫痪和麻木，应该知道这不能掉以轻心。除了手脚，您这两天有没有觉得心脏跳得忽快忽慢，出虚汗？或者觉得面部肌肉不对称？患者：出虚汗很频繁！这几天晚上睡觉，总是突然惊醒出一身冷汗。心跳也特别快，胸口发闷。今天早上照镜子，发现右边眼皮有点耷拉，闭不严实。医生：自主神经受累和单侧面神经麻痹，这些线索很有价值。回忆一下，在您出现脚麻之前的一两周内，有没有得过肠胃炎，或者感冒发烧？近期打过疫苗吗？患者：大概两周前，科室里流感爆发，我被传染了，发烧到38.5度，浑身疼，吃了几天退烧药才好。疫苗最近没打。医生：好的，上呼吸道感染的病史很重要。您的家族里，比如父母，有没有人有过这种突发四肢不能动的病史？患者：没有，我父母身体都还可以，没得过这些免疫神经方面的病。医生：了解。最后问问您的生活状态，最近是不是因为科室缺人，经常上夜班极度疲劳？患者：这段时间科室好几个人请假，我连着上了四个夜班，几乎没怎么好好休息，身体早就超负荷了。,医生：您好，我先了解一下，最让您担心的症状是什么？患者：医生您好，主要是咀嚼无力、吞咽费劲。这段时间上楼、梳头都容易累，尤其下午明显，睡一觉后好一点。医生：我明白了。请您再具体说说，当时最早出现的症状是什么，后来又有什么变化？患者：大概从一周前开始，最初不明显，后来越来越影响走路和做事，休息后也不一定完全好。医生：除了眼皮和乏力，您有没有饮水呛咳、吞咽困难、咀嚼变慢、说话鼻音重，或者平躺时胸闷气短？患者：确实是早上好些，下午重，休息后能缓一缓；有时看东西成两个，抬头久了脖子酸。没有明显麻木疼痛，主要是容易累。医生：接下来了解既往情况。您以前有没有类似发作或类似不适？平时有没有慢性病、住院史，或做过相关检查？患者：几年前做过胸部检查提示纵隔有异常，但后来没继续查。医生：再了解一下家族情况。您的父母、兄弟姐妹或子女中，有没有人出现过类似症状，或有相关的长期疾病？患者：家里没有人出现过类似眼皮下垂、越活动越没劲的情况。医生：我还想了解生活和诱因：最近睡眠、压力、饮食、饮酒、吸烟、运动，以及外出或特殊接触情况如何？患者：饮食还可以，但最近压力大、睡眠差，白天连续工作很久。
,,医生：您好，看您是由家属背进来的，两条腿是一点劲儿都使不上了吗？能跟我说说这病是怎么开始的吗？患者：大夫，我这几天真是度日如年。我是在银行做大堂经理的，四天前站岗的时候，我先是觉得两只脚的脚后跟麻得厉害，像有小虫子在爬。我以为是高跟鞋穿久了。谁知道到了第二天，这麻木劲儿顺着小腿爬到了大腿，腿软得连楼梯都爬不动。今天早上我一觉醒来，想去够床头的手机，结果手也发木没力气，想起床结果直接瘫地上了。医生：这种对称性的、自下而上发展的麻木和无力，确实非常符合这种病的进展过程。除了手脚，您最近有没有觉得脖子或者脸上的肌肉发僵？或者捏一捏小腿肚子，有没有那种酸疼的感觉？患者：小腿肚子真的疼，就像刚爬完几千级台阶后的那种酸胀疼，碰都不敢碰。而且我今天早上照镜子，发现自己笑起来嘴角一边高一边低，右边眼皮也闭不严实，刷牙的时候水一直往外漏。医生：面部肌肉受累和肌肉压痛是很关键的伴随症状。您回忆一下，在出现脚麻之前的这一两周时间里，您有没有过拉肚子、肠胃炎，或者是感冒发烧？近期有没有打过疫苗？患者：有！大概十二天前，我跟闺蜜去吃了一次生腌海鲜，回来后上吐下泻折腾了好几天。疫苗的话，上个月为了出差接种了一针乙肝疫苗。医生：明白，这个胃肠道感染史非常重要。您的直系亲属里，有没有人有过类似的突然瘫痪，或者患有严重的自身免疫系统疾病？患者：没有，我爸妈身体都挺好的，家里亲戚也没听说谁得过这种突然走不了路的病。医生：了解了。最后了解一下生活细节。除了那次吃生腌海鲜，您最近工作压力大不大？有没有特别劳累的情况？患者：最近银行搞季度考核，我为了冲业绩连着加了两个星期的班，每天只睡四个小时，身体确实已经累到极限了。,医生：您好，请您从最开始的不舒服说起，哪里最明显？患者：医生您好，主要是咀嚼无力、吞咽费劲。这段时间上楼、梳头都容易累，尤其下午明显，睡一觉后好一点。医生：这些表现是突然出现还是逐渐加重？大概从什么时候开始，最明显影响到什么活动？患者：发作时自己有些害怕，持续时间和程度不太固定，但最近次数或程度都比以前多。医生：我再确认一下，这种无力是否有晨轻暮重、活动后加重、休息后缓解的特点？有没有复视、抬头困难？患者：确实是早上好些，下午重，休息后能缓一缓；有时看东西成两个，抬头久了脖子酸。休息后会好一些，但反复出现。医生：关于既往史，您之前有没有因为神经、头部、肌肉无力或意识变化等问题就医？平时有什么基础病？患者：几年前做过胸部检查提示纵隔有异常，但后来没继续查。医生：家里直系亲属有没有发生过类似的肢体无力、抽搐、手抖、说话或走路异常等情况？患者：母亲有甲状腺问题，但没有我这种吞咽和眼睛症状。医生：平时生活习惯方面，是否经常久坐、熬夜、饮食偏咸偏油、饮酒吸烟？发作前有没有特别劳累或不适？患者：最近工作忙，经常熬夜，感冒后没休息好，症状更明显。
,,医生：您好，看您是由家属搀扶着进来的，步伐不太稳，今天主要是遇到了什么状况？患者：大夫，我是一所小学的体育老师。这几天真是把我吓坏了。一开始只是觉得穿运动鞋的时候脚趾头麻麻的。过了两天，连站着吹哨子都站不住了，双腿直打软。今天早上彻底完了，两条腿一点知觉都没有，而且这麻木感已经爬到了胳膊上，连拿个排球的力气都没了。医生：这种感觉异常和对称性无力从下往上蔓延，是非常典型的病程。除了四肢的问题，您自己捏一捏腿肚子，觉得酸痛吗？另外，最近有没有发现自己脸两边不对称，喝水容易漏？患者：腿肚子非常疼。喝水也漏，今天早上喝口豆浆，右边嘴角完全兜不住，还从鼻子里呛出来一点。医生：肌肉压痛和面神经受累是非常关键的伴随症状。您在出现脚麻之前的半个月左右，有没有拉过肚子，或者得过感冒？患者：有！差不多两个星期前，我感冒烧了三天，浑身疼。医生：这个呼吸道感染史我记录下来了。那您的直系亲属里，有没有人得过容易突然瘫痪的疾病？患者：没有，家里亲戚都没听说谁得过这种突然瘫掉的病。医生：明白了。最后了解一下。感冒之前，您有没有极度劳累的情况？或者吃过什么不干净的东西？患者：那时候正赶上学校运动会，我连着忙了一个星期，每天起早贪黑的，身体抵抗力确实降得厉害。,医生：您好，请您从最开始的不舒服说起，哪里最明显？患者：医生您好，主要是下午加重的肢体乏力。这段时间上楼、梳头都容易累，尤其下午明显，睡一觉后好一点。医生：请您描述一下发作或加重时的样子，包括持续时间、部位和对日常活动的影响。患者：中间有过短暂好一点的时候，但总体比刚开始重，尤其到晚上或活动后更明显。医生：近期有没有感染、发热、情绪紧张后加重？有没有出现呼吸费力或夜里憋醒？患者：确实是早上好些，下午重，休息后能缓一缓；有时看东西成两个，抬头久了脖子酸。没有明显麻木疼痛，主要是容易累。医生：关于既往史，您之前有没有因为神经、头部、肌肉无力或意识变化等问题就医？平时有什么基础病？患者：曾因乏力去看过，休息后好转，就没有进一步处理。医生：再了解一下家族情况。您的父母、兄弟姐妹或子女中，有没有人出现过类似症状，或有相关的长期疾病？患者：家族里没有明确的神经肌肉方面疾病。医生：我还想了解生活和诱因：最近睡眠、压力、饮食、饮酒、吸烟、运动，以及外出或特殊接触情况如何？患者：最近工作忙，经常熬夜，感冒后没休息好，症状更明显。
,,医生：您好，看您是被几个朋友架着进来的，今天主要是哪里感觉不对劲？患者：医生，我是个健身教练，平时身体素质特别好。但最近这几天我真是懵了。前几天我深蹲的时候，就觉得脚底板和小腿发麻，没力气。昨天我连一个空杆都蹲不起来了，腿软得直接跪在地上。今天两只手也开始发木，连矿泉水瓶盖都拧不开了。医生：年轻人出现这种快速上行的对称性肢体无力和麻木，更需要立刻警惕。除了手脚的问题，您最近有没有觉得呼吸比以前费力，胸口发闷？或者觉得脸上肌肉有些僵硬？患者：呼吸确实有点费力，现在稍微说几句话就觉得气喘不上来。脸部也有点僵，早上洗脸的时候觉得腮帮子木木的，不太听使唤。医生：呼吸肌受累是必须马上关注的危险信号。您往前倒推一两周，有没有得过重感冒，或者拉过肚子？患者：有，大概十天前，我得了一场重感冒，发烧到39度，浑身关节痛，咳嗽得很厉害，熬了一个星期才退烧。医生：这个上呼吸道感染的既往史很重要。您的家族里，比如父母，有没有人有过这种突发四肢不能动弹的病史？患者：没有，我家里人都没有这种神经系统的疾病。医生：了解了。最后了解一下您的生活状态，感冒前是不是过度训练了，导致免疫力严重下降？患者：最近为了备战健美比赛，我每天在健身房超负荷训练八个小时，还严格断碳水，身体一直处于极度疲劳和免疫力低下的状态，感冒也是因为练完没穿衣服吹了风。,医生：您好，我先了解一下，最让您担心的症状是什么？患者：医生您好，主要是说话久了声音变弱。这段时间上楼、梳头都容易累，尤其下午明显，睡一觉后好一点。医生：好的。这个情况持续了多久？中间有没有完全缓解，还是一直存在或越来越明显？患者：中间有过短暂好一点的时候，但总体比刚开始重，尤其到晚上或活动后更明显。医生：近期有没有感染、发热、情绪紧张后加重？有没有出现呼吸费力或夜里憋醒？患者：有，喝水偶尔会呛，吃肉嚼到后面很累，说话久了像没气，晚上比早上明显。没有明显麻木疼痛，主要是容易累。医生：我再问一下过去的身体情况：以前出现过这样的症状吗？有没有长期疾病、外伤、手术或正在服用的药物？患者：曾因乏力去看过，休息后好转，就没有进一步处理。医生：您的家人中有没有人年轻或年老后出现过相似表现，或者被反复要求做头部、神经方面检查？患者：母亲有甲状腺问题，但没有我这种吞咽和眼睛症状。医生：最后了解一下生活习惯。您平时作息、饮食、运动、吸烟饮酒情况怎么样？最近有没有劳累、熬夜、感染或情绪波动？患者：最近工作忙，经常熬夜，感冒后没休息好，症状更明显。
,,医生：您好，脸色煞白，是被老伴推着轮椅进来的，今天是怎么个不舒服法？患者：大夫，我是一个农场主，平时天天干农活。最近这几天真是把我吓坏了。一开始只是觉得穿水鞋的时候脚趾头麻麻的。过了两天，连站在地里都站不住了，双腿直打软。今天早上彻底完了，两条腿一点知觉都没有，而且这麻木感已经爬到了胳膊上，连拿铁锹的力气都没了。医生：这种感觉异常和对称性无力从下往上蔓延，是非常典型的病程。除了四肢的问题，您自己捏一捏腿肚子，觉得酸痛吗？另外，最近有没有觉得吞咽东西有些困难？患者：腿肚子非常疼，像肌肉里面发炎了一样。吞咽也出了问题，今天早上喝口粥，咽不下去，还从鼻子里呛出来一点。医生：肌肉压痛和吞咽肌肉受累是非常关键的伴随症状。您在出现脚麻之前的半个月左右，有没有拉过肚子，或者得过感冒？患者：有！差不多两个星期前，我拉肚子拉得腿都软了，一天跑十几趟厕所，还伴着低烧。医生：这个胃肠道感染史我记录下来了。那您的直系亲属里，有没有人得过容易突然瘫痪的疾病，或者有严重的自身免疫疾病？患者：没有，我们家亲戚都没听说谁得过这种突然瘫掉的病。医生：明白了。最后了解一下生活细节，拉肚子之前，您在农场吃了什么特别的东西吗？比如没烤熟的野味？患者：那天几个朋友来农场玩，我们烤了只野鸡吃，那鸡肉有的地方还没完全烤熟，带着血丝，我吃了之后第二天就开始拉肚子了。,医生：您好，今天主要因为什么不舒服来就诊？患者：医生您好，主要是反复眼皮抬不起来。这段时间上楼、梳头都容易累，尤其下午明显，睡一觉后好一点。医生：我明白了。请您再具体说说，当时最早出现的症状是什么，后来又有什么变化？患者：发作时自己有些害怕，持续时间和程度不太固定，但最近次数或程度都比以前多。医生：近期有没有感染、发热、情绪紧张后加重？有没有出现呼吸费力或夜里憋醒？患者：有，喝水偶尔会呛，吃肉嚼到后面很累，说话久了像没气，晚上比早上明显。医生：接下来了解既往情况。您以前有没有类似发作或类似不适？平时有没有慢性病、住院史，或做过相关检查？患者：几年前做过胸部检查提示纵隔有异常，但后来没继续查。医生：从家族史方面看，家里有没有人有类似发作，或者长期的神经系统、肌肉无力、脑血管方面问题？患者：家里没有人出现过类似眼皮下垂、越活动越没劲的情况。医生：我还想了解生活和诱因：最近睡眠、压力、饮食、饮酒、吸烟、运动，以及外出或特殊接触情况如何？患者：最近工作忙，经常熬夜，感冒后没休息好，症状更明显。
,,医生：您好，请坐。看您脸色不太好，今天是遇到了什么突发状况？患者：医生，我是一名舞蹈指导。这几天我简直要崩溃了。开始是脚趾头发麻，我以为是穿舞鞋磨的。紧接着小腿就开始没劲，昨天我领着演员排练，腿一软直接跪在地上了。今天早上醒来，这种没力气的感觉已经爬到了大腿，连穿衣服都费劲。医生：这种对称性的、自下而上的肢体无力伴随感觉异常，必须要高度重视。除了这些，您最近有没有觉得闭眼睛闭不紧？或者刷牙漏水？患者：嘴角漏水真的有！我今天早上刷牙，右边嘴角完全合不上，而且我想笑也笑不出来。医生：面部肌肉无力是关键的信号。您回忆一下，在出现脚麻之前的两周左右，有没有得过感冒、发烧？或者最近接种过疫苗？患者：有。大概十天前，我去打了流感疫苗，打完之后过两天我就得了一次感冒，一直没好利索。医生：疫苗接种史和感冒史这非常有参考意义。您的家族亲属中，有没有人有过这种突发的四肢瘫痪？患者：没有。医生：了解。最后了解一下您近期的生活状态，有没有因为什么事情极度劳累？患者：最近要赶晚会节目，我每天熬通宵改舞步，真的累得骨头都散架了。,医生：您好，您这次来看诊，主要是哪方面的问题？患者：医生您好，主要是下午加重的肢体乏力。这段时间上楼、梳头都容易累，尤其下午明显，睡一觉后好一点。医生：好的。这个情况持续了多久？中间有没有完全缓解，还是一直存在或越来越明显？患者：开始时比较轻，我以为能缓过去，但这两天家里人也看出不对，日常吃饭、穿衣或走路都受影响。医生：我再确认一下，这种无力是否有晨轻暮重、活动后加重、休息后缓解的特点？有没有复视、抬头困难？患者：有，喝水偶尔会呛，吃肉嚼到后面很累，说话久了像没气，晚上比早上明显。休息后会好一些，但反复出现。医生：我再问一下过去的身体情况：以前出现过这样的症状吗？有没有长期疾病、外伤、手术或正在服用的药物？患者：几年前做过胸部检查提示纵隔有异常，但后来没继续查。医生：从家族史方面看，家里有没有人有类似发作，或者长期的神经系统、肌肉无力、脑血管方面问题？患者：家里没有人出现过类似眼皮下垂、越活动越没劲的情况。医生：最后了解一下生活习惯。您平时作息、饮食、运动、吸烟饮酒情况怎么样？最近有没有劳累、熬夜、感染或情绪波动？患者：有时自己随便吃感冒药，最近加班多，午休少。
,,医生：您好，请坐，看您手一直在抖，腿也伸不直，今天是遇到了什么身体上的麻烦？患者：医生，我是个写代码的程序员。最近这几天我真是见鬼了。开始是双手的手指尖和脚趾尖发麻，像戴了手套穿了袜子一样，触觉很迟钝。然后这股无力感就顺着脚往上爬。昨天我坐在电脑椅上，想站起来去倒杯水，发现两条腿根本支撑不住身体的重量。今天连敲键盘的手指头都软绵绵的，完全按不下去键了。医生：这种手套袜子样的感觉异常，伴随对称性的向上蔓延的无力，不能掉以轻心。除了这些，您有没有觉得脸上的表情有些不受控制，比如眼睛闭不紧？或者稍微活动一下就觉得呼吸急促？患者：眼睛真的闭不紧！昨天晚上洗脸，闭着眼睛水还是会流进眼睛里刺痛。今天早上发现自己连吹口哨都吹不响了，嘴唇没力气。呼吸也觉得比平时费劲，胸口像压了块石头，喘气很浅。医生：双侧面神经麻痹和呼吸肌受累，这需要立刻引起重视。您以前一两周内，有没有得过感冒、发烧，或者有腹泻的情况？近期打过疫苗吗？患者：大概半个月前，我得了一次挺严重的上呼吸道感染，发烧到39度，浑身疼，咳嗽了好几天，在家里躺了三天才去上班的。疫苗最近没打过。医生：呼吸道前驱感染史很有参考价值。您的家族长辈中，有没有人有过这种突发的神经肌肉瘫痪，或者有红斑狼疮等免疫病史？患者：家里人都没得过。我们家没有这种遗传病，我一直觉得我身体挺好的。医生：了解了。最后问问您的生活习惯，发病前是不是因为赶项目极度缺乏睡眠，抵抗力很差？患者：上个月公司冲刺新版本，我连续熬了三个星期的夜，每天凌晨四点睡，上午九点起，天天吃外卖，确实把身体熬坏了。,医生：您好，今天主要因为什么不舒服来就诊？患者：医生您好，主要是眼睑下垂伴视物重影。一开始只是眼睛睁不大，后来出现抬胳膊费劲，连续活动后更没力气。医生：请您描述一下发作或加重时的样子，包括持续时间、部位和对日常活动的影响。患者：开始时比较轻，我以为能缓过去，但这两天家里人也看出不对，日常吃饭、穿衣或走路都受影响。医生：近期有没有感染、发热、情绪紧张后加重？有没有出现呼吸费力或夜里憋醒？患者：有，喝水偶尔会呛，吃肉嚼到后面很累，说话久了像没气，晚上比早上明显。没有明显麻木疼痛，主要是容易累。医生：我再问一下过去的身体情况：以前出现过这样的症状吗？有没有长期疾病、外伤、手术或正在服用的药物？患者：有甲状腺方面的小问题，平时没规律复查，没有长期服用特殊药物。医生：再了解一下家族情况。您的父母、兄弟姐妹或子女中，有没有人出现过类似症状，或有相关的长期疾病？患者：家族里没有明确的神经肌肉方面疾病。医生：最后了解一下生活习惯。您平时作息、饮食、运动、吸烟饮酒情况怎么样？最近有没有劳累、熬夜、感染或情绪波动？患者：最近工作忙，经常熬夜，感冒后没休息好，症状更明显。
,,医生：您好，看您是由女儿推着轮椅进来的，今天是怎么个情况让您赶紧来急诊的？患者：医生，我平时是个全职家庭主妇。可是这几天，我这腿脚简直像被废了一样。开始只是觉得双脚发麻，像踩在棉花上。接着小腿也软了。今天早上，我发现自己腰部以下一点知觉都没了，双手也开始发麻，连拿菜刀的力气都没了。医生：这种快速进展的双侧上行性感觉和运动障碍，我们必须要查明原因。除了手脚瘫软发麻，您最近有没有发现自己脸两边不对称，比如闭眼睛闭不严？或者喝水容易顺着嘴角漏？患者：我女儿今天早上就说我脸不对劲，她说我两边眼皮都耷拉着，使劲闭也闭不紧，早上喝水还顺着左边嘴角往下漏。医生：双侧面神经受累是非常典型的伴随表现。您在出现这些症状前的一个月内，有没有接种过什么疫苗？或者得过感冒、肠胃炎？患者：大概三个星期前，社区组织打流感疫苗，我就去打了一针。打完之后还轻微感冒了几天，流鼻涕打喷嚏的。医生：疫苗接种史和感冒史这非常有参考意义。您的家族亲属中，有没有人有过这种突发的四肢瘫痪，或者有自身免疫方面的疾病？患者：没有，家里老人都没听说过这种浑身不能动的病。医生：了解。最后了解一下您近期的生活状态，有没有因为什么事情极度劳累？患者：最近家里刚换了大房子，我一个人包揽了所有搬家打扫的活，累得我腰酸背痛，身体抵抗力确实差了。,医生：您好，我先了解一下，最让您担心的症状是什么？患者：医生您好，主要是下午加重的肢体乏力。我最近说话说久了声音会越来越小，吃饭嚼一会儿就累，休息后能缓一些。医生：这些表现是突然出现还是逐渐加重？大概从什么时候开始，最明显影响到什么活动？患者：开始时比较轻，我以为能缓过去，但这两天家里人也看出不对，日常吃饭、穿衣或走路都受影响。医生：近期有没有感染、发热、情绪紧张后加重？有没有出现呼吸费力或夜里憋醒？患者：感冒后明显加重，爬楼时胸口发闷，平躺还可以，但累的时候说话不清。没有明显麻木疼痛，主要是容易累。医生：接下来了解既往情况。您以前有没有类似发作或类似不适？平时有没有慢性病、住院史，或做过相关检查？患者：有甲状腺方面的小问题，平时没规律复查，没有长期服用特殊药物。医生：您的家人中有没有人年轻或年老后出现过相似表现，或者被反复要求做头部、神经方面检查？患者：兄弟姐妹身体都还好，没听说过类似肌肉无力。医生：我还想了解生活和诱因：最近睡眠、压力、饮食、饮酒、吸烟、运动，以及外出或特殊接触情况如何？患者：平时运动少，喜欢长时间看电脑，下午眼睛特别累。
,,医生：您好，看您脸色苍白，是被家属搀扶着进来的，今天是哪里感觉不对劲？患者：医生，我是做销售的，天天要在外面跑客户。最近这四五天，我的两条腿就像是不属于我了一样。起初只是脚后跟发麻，后来蔓延到整个小腿和大腿。昨天去见客户，我走路一瘸一拐的，脚尖都抬不起来，一直在地上拖着走。今天连双手都开始发木，穿衣服系扣子都系不上。医生：这种对称性上行性的肢体无力和麻木，我们需要高度警惕。除了手脚发麻无力，您最近有没有觉得脸上肌肉有些僵硬，或者经常觉得心跳忽快忽慢，出莫名其妙的虚汗？患者：出虚汗太严重了！这几天晚上睡觉，我总是突然惊醒，身上全是冷汗，睡衣都湿透了。心脏也经常突然狂跳一阵，然后又觉得跳得很慢，胸口发闷。脸皮也觉得发紧，老伴说我笑起来嘴有点歪。医生：自主神经受累和轻度的面部异常，这些线索很有价值。回忆一下，在您出现脚麻之前的一两周内，有没有得过肠胃炎，或者感冒发烧？患者：大概两周前，我出差去外地，水土不服加上受凉，发烧到38度，还伴着严重的喉咙痛和咳嗽，断断续续拖了一个星期才好。医生：好的，上呼吸道感染的病史很重要。您的家族里，比如父母，有没有人有过这种突发四肢不能动的病史，或者有严重的自身免疫疾病？患者：没有，我父母身体都还可以，没得过这些免疫方面的病。医生：了解。最后问问您的生活状态，最近是不是因为出差奔波，身体极度疲劳，抵抗力严重下降？患者：这段时间为了签一个大单，我连续飞了四五个城市，天天睡酒店，应酬喝酒，几乎没怎么好好休息，身体早就超负荷了。,医生：您好，今天主要因为什么不舒服来就诊？患者：医生您好，主要是眼睑下垂伴视物重影。这段时间上楼、梳头都容易累，尤其下午明显，睡一觉后好一点。医生：我明白了。请您再具体说说，当时最早出现的症状是什么，后来又有什么变化？患者：开始时比较轻，我以为能缓过去，但这两天家里人也看出不对，日常吃饭、穿衣或走路都受影响。医生：近期有没有感染、发热、情绪紧张后加重？有没有出现呼吸费力或夜里憋醒？患者：有，喝水偶尔会呛，吃肉嚼到后面很累，说话久了像没气，晚上比早上明显。休息后会好一些，但反复出现。医生：我再问一下过去的身体情况：以前出现过这样的症状吗？有没有长期疾病、外伤、手术或正在服用的药物？患者：以前没有这样眼皮下垂，最近在外院查过胸部片子，说前胸里面有个影子需要再看。医生：从家族史方面看，家里有没有人有类似发作，或者长期的神经系统、肌肉无力、脑血管方面问题？患者：家里没有人出现过类似眼皮下垂、越活动越没劲的情况。医生：最后了解一下生活习惯。您平时作息、饮食、运动、吸烟饮酒情况怎么样？最近有没有劳累、熬夜、感染或情绪波动？患者：平时运动少，喜欢长时间看电脑，下午眼睛特别累。
,,医生：您好，请坐。看您神情很焦虑，今天是遇到了什么突发状况？患者：大夫，我是一名厨师。我现在的腿完全站不住了。三天前，我站在后厨切菜，就觉得两个脚底板针扎一样地麻。昨天上午，腿软得连炒菜的马步都扎不稳了。今天早上更可怕，我连从马桶上站起来的力气都没有了，两只手也软趴趴的，拿个大汤勺都端不平。医生：从双足开始发麻并迅速向上发展的对称性无力，是不能耽误的。除了四肢的问题，您自己按压一下小腿肚，有没有觉得酸痛？另外，这两天有没有觉得呼吸变得很浅，或者吃饭吞咽费劲？患者：小腿肚子确实酸痛得很，像里面有根筋抽着一样。呼吸也觉得有些费力，这两天在厨房总觉得氧气不够用，得大口喘气。吞咽倒是还好，就是觉得脸颊有点麻。医生：肌肉压痛和呼吸肌受累的早期表现非常关键。您往前倒推一两周，有没有经历过拉肚子，或者感冒发烧？患者：有，十二三天前，我拉肚子非常严重，一天拉了五六次水样便，吃了一盒黄连素才好。医生：这个腹泻的既往史我记下了。您的长辈或者兄弟姐妹中，有没有人发生过突然偏瘫或者四肢瘫痪的情况？或者有严重的类风湿疾病？患者：都没有，我们家没有这种遗传病史。医生：明白了。最后问问您，拉肚子前，您作为厨师有没有尝过什么没做熟的生肉或者生禽类？患者：那天后厨进了一批新白条鸡，我为了试火候，白斩鸡刚煮了一会儿我就切了一块尝尝，骨头那还带点血丝，吃完第二天我就闹肚子了。,医生：您好，今天主要因为什么不舒服来就诊？患者：医生您好，主要是咀嚼无力、吞咽费劲。我最近说话说久了声音会越来越小，吃饭嚼一会儿就累，休息后能缓一些。医生：好的。这个情况持续了多久？中间有没有完全缓解，还是一直存在或越来越明显？患者：发作时自己有些害怕，持续时间和程度不太固定，但最近次数或程度都比以前多。医生：近期有没有感染、发热、情绪紧张后加重？有没有出现呼吸费力或夜里憋醒？患者：有，喝水偶尔会呛，吃肉嚼到后面很累，说话久了像没气，晚上比早上明显。没有明显麻木疼痛，主要是容易累。医生：接下来了解既往情况。您以前有没有类似发作或类似不适？平时有没有慢性病、住院史，或做过相关检查？患者：曾因乏力去看过，休息后好转，就没有进一步处理。医生：您的家人中有没有人年轻或年老后出现过相似表现，或者被反复要求做头部、神经方面检查？患者：家族里没有明确的神经肌肉方面疾病。医生：平时生活习惯方面，是否经常久坐、熬夜、饮食偏咸偏油、饮酒吸烟？发作前有没有特别劳累或不适？患者：有时自己随便吃感冒药，最近加班多，午休少。
,,医生：您好，看您说话似乎有些费力，今天是遇到了什么麻烦？患者：大夫，我是在服装厂踩缝纫机的。最近这四五天，我这腿是一天比一天没力气。开始只是脚指头发麻，后来我连缝纫机踏板都踩不动了。今天早上，我连床都下不来了，双腿完全瘫软。现在我的两只手也开始发麻，连剪线头都费劲。医生：这种从下肢向上肢蔓延的对称性瘫痪，情况比较危急。除了四肢无力和发麻，您捏捏腿肚子的肌肉觉得痛吗？最近心跳快吗？患者：小腿肚子一捏就痛。心跳也特别快，像刚跑完步一样，喘不过气。医生：自主神经紊乱和肌肉痛是重要的伴随症状。您回忆一下，半个月前左右，有没有拉过肚子或者感冒发烧？患者：差不多半个月前，我吃了份变质的快餐，拉肚子拉了好几天。医生：这个急性肠胃炎的病史很关键。您的直系亲属里，有没有人得过容易突然瘫痪的疾病？患者：没有，家里人身体都很硬朗。医生：明白了。最后问问您，拉肚子前在那份快餐里吃的什么？是不是肉没熟？患者：那份鸡腿饭里的鸡肉，骨头缝里全是红血丝，我看没熟透就只吃了几口。,医生：您好，今天主要因为什么不舒服来就诊？患者：医生您好，主要是眼睑下垂伴视物重影。这段时间上楼、梳头都容易累，尤其下午明显，睡一觉后好一点。医生：这些表现是突然出现还是逐渐加重？大概从什么时候开始，最明显影响到什么活动？患者：发作时自己有些害怕，持续时间和程度不太固定，但最近次数或程度都比以前多。医生：我再确认一下，这种无力是否有晨轻暮重、活动后加重、休息后缓解的特点？有没有复视、抬头困难？患者：感冒后明显加重，爬楼时胸口发闷，平躺还可以，但累的时候说话不清。没有明显麻木疼痛，主要是容易累。医生：我再问一下过去的身体情况：以前出现过这样的症状吗？有没有长期疾病、外伤、手术或正在服用的药物？患者：曾因乏力去看过，休息后好转，就没有进一步处理。医生：从家族史方面看，家里有没有人有类似发作，或者长期的神经系统、肌肉无力、脑血管方面问题？患者：家族里没有明确的神经肌肉方面疾病。医生：最后了解一下生活习惯。您平时作息、饮食、运动、吸烟饮酒情况怎么样？最近有没有劳累、熬夜、感染或情绪波动？患者：有时自己随便吃感冒药，最近加班多，午休少。
,,医生：您好，看您是由室友搀扶着进来的，今天主要是哪里感觉不对劲？患者：大夫，我是一名在校大学生。最近这四五天，我的两条腿就像是不属于我了一样。起初只是脚后跟发麻，后来蔓延到整个小腿和大腿。昨天去上课，我连爬楼梯都爬不动了，脚尖抬不起来，一直在地上拖着走。今天连双手都开始发木，穿衣服系鞋带都系不上。医生：年轻人出现这种对称性上行性的肢体无力和麻木，我们需要高度警惕。除了手脚发麻无力，您自己按压一下小腿肚，有没有觉得酸痛？另外，这两天有没有觉得呼吸变得很浅，喘不上气？患者：小腿肚子确实酸痛得很，像里面有根筋抽着一样。呼吸也觉得有些费力，这两天稍微活动一下就觉得氧气不够用，得大口喘气。医生：肌肉压痛和呼吸肌受累的早期表现非常关键。您往前倒推一两周，有没有经历过拉肚子，或者感冒发烧？患者：有，十二三天前，我拉肚子非常严重，一天拉了五六次水样便，校医给我开了黄连素才好。医生：这个腹泻的既往史我记下了。您的长辈或者兄弟姐妹中，有没有人发生过突然偏瘫或者四肢瘫痪的情况？患者：都没有，我们家没有这种病史。医生：明白了。最后问问您，拉肚子前，您有没有在外面吃过没做熟的生肉或者海鲜？患者：那天宿舍聚餐，在学校后门吃了一顿生腌海鲜和半熟的烤串，吃完第二天我就闹肚子了。,医生：您好，今天主要因为什么不舒服来就诊？患者：医生您好，主要是说话久了声音变弱。半年前开始右眼皮抬不起来，早上轻一些，下午和晚上明显，最近看东西还有重影。医生：请您描述一下发作或加重时的样子，包括持续时间、部位和对日常活动的影响。患者：大概从2天前开始，最初不明显，后来越来越影响走路和做事，休息后也不一定完全好。医生：近期有没有感染、发热、情绪紧张后加重？有没有出现呼吸费力或夜里憋醒？患者：确实是早上好些，下午重，休息后能缓一缓；有时看东西成两个，抬头久了脖子酸。没有明显麻木疼痛，主要是容易累。医生：之前身体状况怎么样？有没有类似症状、慢性病、外伤史，或体检提示过异常？患者：几年前做过胸部检查提示纵隔有异常，但后来没继续查。医生：再了解一下家族情况。您的父母、兄弟姐妹或子女中，有没有人出现过类似症状，或有相关的长期疾病？患者：兄弟姐妹身体都还好，没听说过类似肌肉无力。医生：最后了解一下生活习惯。您平时作息、饮食、运动、吸烟饮酒情况怎么样？最近有没有劳累、熬夜、感染或情绪波动？患者：饮食还可以，但最近压力大、睡眠差，白天连续工作很久。
,,医生：您好，看您是由工友用轮椅推来的，今天是怎么个情况让您赶紧来医院的？患者：大夫，我是在建筑工地搭脚手架的。这几天腿脚太不听使唤了。前几天只是觉得两只脚踩在钢管上发麻，没平时灵活。昨天腿就开始发软，爬楼梯直打闪闪。今天早上我从工棚的架子床上下来，直接摔在地上，两条腿彻底不听使唤了。现在两只胳膊也抬不起来，连个安全帽都戴不上。医生：这种迅速进展的双下肢瘫软并向上肢发展的过程，非常危险。除了四肢的问题，您捏捏腿肚子的肌肉觉得痛吗？另外，最近有没有觉得吞咽东西有困难，或者喝水容易呛到？患者：腿肚子一捏就痛得钻心，像肌肉被撕裂了一样。吞东西确实有问题，今天早上喝口粥，结果咽不下去，还从鼻子里呛出来一点，差点没把我憋死。医生：肌肉深压痛和吞咽肌肉受累是非常关键的伴随症状。我们在时间上往前倒推一两周，您有没有闹过肚子，或者得过感冒？患者：有！差不多十天前吧，我拉肚子拉得腿都软了，一天跑十几趟厕所，工头还给我放了两天假休息。医生：这个胃肠道感染史我记录下来了。那您的直系亲属里，有没有人得过容易突然瘫痪的疾病，或者有类风湿之类的免疫系统疾病？患者：没有，我们老家亲戚大多都是干体力活的，没听说谁得过这种突然瘫掉的病。医生：明白了。最后了解一下生活细节，拉肚子之前，您在工地上吃了什么特别的东西吗？比如没烤熟的肉或者海鲜？患者：工地上伙食差，那天晚上我们几个工友去附近的野池塘抓了点小龙虾和螺蛳，随便在火上烤了烤就吃了，有的还没烤熟，第二天大家都拉肚子了，但就我一个人变成了现在这样。,医生：您好，我先了解一下，最让您担心的症状是什么？患者：医生您好，主要是反复眼皮抬不起来。这段时间上楼、梳头都容易累，尤其下午明显，睡一觉后好一点。医生：我明白了。请您再具体说说，当时最早出现的症状是什么，后来又有什么变化？患者：开始时比较轻，我以为能缓过去，但这两天家里人也看出不对，日常吃饭、穿衣或走路都受影响。医生：近期有没有感染、发热、情绪紧张后加重？有没有出现呼吸费力或夜里憋醒？患者：感冒后明显加重，爬楼时胸口发闷，平躺还可以，但累的时候说话不清。医生：之前身体状况怎么样？有没有类似症状、慢性病、外伤史，或体检提示过异常？患者：有甲状腺方面的小问题，平时没规律复查，没有长期服用特殊药物。医生：您的家人中有没有人年轻或年老后出现过相似表现，或者被反复要求做头部、神经方面检查？患者：兄弟姐妹身体都还好，没听说过类似肌肉无力。医生：我还想了解生活和诱因：最近睡眠、压力、饮食、饮酒、吸烟、运动，以及外出或特殊接触情况如何？患者：平时运动少，喜欢长时间看电脑，下午眼睛特别累。
,,医生：您好，看您是被工友架着进来的，双腿完全吃不住劲了？今天主要是怎么个情况？患者：大夫，我是个建筑工人。三四天前我正干活呢，就觉得双脚脚趾头又麻又凉。我以为是工地冷，没当回事。结果昨天晚上，这种麻木感爬到了腰上，两条腿软得像没骨头。今天早上我想爬起来上工，结果脚一着地整个人直接摔了个跟头。现在连两只手也开始发木，连安全帽扣都系不上了。医生：这种对称性的上行性无力和麻木，我们需要立刻查清楚。除了手脚的问题，您自己按压一下大腿和小腿的肌肉，有没有酸痛感？或者觉得心跳跳得很乱？患者：肌肉疼得厉害，像被钢筋砸过一样酸痛。心跳也乱，这两天我老觉得胸口闷，心脏跳得扑通扑通的，过一会又特别慢。医生：肌肉痛和自主神经的表现很重要。那我们往前倒推一两周，您有没有经历过严重的腹泻，或者感冒发烧？近期打过针吗？患者：有！大概一周前，我在工棚里睡着凉了，发了场高烧，还一直咳嗽流鼻涕，好几天才缓过来。针倒是最近没打过。医生：感冒发烧的病史记录下来了。您的直系亲属里，有没有人有过类似突然瘫痪、四肢无力的病史？患者：没有，家里人身体都壮得跟牛一样。医生：最后了解一下。在那次感冒之前，您在工地上有没有吃过一些不干净的生食，或者喝过没处理过的生水？患者：那时候天热，我经常直接喝工地上水龙头的生水。,医生：您好，我先了解一下，最让您担心的症状是什么？患者：医生您好，主要是反复眼皮抬不起来。2个月前开始右眼皮抬不起来，早上轻一些，下午和晚上明显，最近看东西还有重影。医生：好的。这个情况持续了多久？中间有没有完全缓解，还是一直存在或越来越明显？患者：中间有过短暂好一点的时候，但总体比刚开始重，尤其到晚上或活动后更明显。医生：近期有没有感染、发热、情绪紧张后加重？有没有出现呼吸费力或夜里憋醒？患者：感冒后明显加重，爬楼时胸口发闷，平躺还可以，但累的时候说话不清。医生：我再问一下过去的身体情况：以前出现过这样的症状吗？有没有长期疾病、外伤、手术或正在服用的药物？患者：以前没有这样眼皮下垂，最近在外院查过胸部片子，说前胸里面有个影子需要再看。医生：从家族史方面看，家里有没有人有类似发作，或者长期的神经系统、肌肉无力、脑血管方面问题？患者：家族里没有明确的神经肌肉方面疾病。医生：平时生活习惯方面，是否经常久坐、熬夜、饮食偏咸偏油、饮酒吸烟？发作前有没有特别劳累或不适？患者：平时运动少，喜欢长时间看电脑，下午眼睛特别累。
,,医生：您好，看您是由女儿推着轮椅进来的，今天是怎么个情况让您赶紧来急诊的？患者：医生，我平时是个退休的中学体育老师，身体一向好。可是这几天，我这腿脚简直像被废了一样。开始只是觉得双脚发麻，像踩在棉花上。接着小腿也软了。今天早上，我发现自己腰部以下一点知觉都没了，双手也开始发麻，连拿筷子的力气都没了。医生：这种快速进展的双侧上行性感觉和运动障碍，我们必须要查明原因。除了手脚瘫软发麻，您最近有没有发现自己脸两边不对称，比如闭眼睛闭不严？或者觉得心脏跳得乱糟糟的？患者：我女儿今天早上就说我脸不对劲，她说我两边眼皮都耷拉着，使劲闭也闭不紧，早上喝水还顺着左边嘴角往下漏。医生：双侧面神经受累是非常典型的。您在出现这些症状前的一个月内，有没有接种过什么疫苗？或者得过感冒、肠胃炎？患者：大概三个星期前，社区组织打流感疫苗，我就去打了一针。打完之后还轻微感冒了几天。医生：疫苗接种史和感冒史这非常有参考意义。您的家族亲属中，有没有人有过这种突发的四肢瘫痪，或者有自身免疫方面的疾病？患者：没有，家里老人都没听说过这种浑身不能动的病。医生：了解。最后了解一下您近期的生活状态，有没有因为什么事情极度劳累？患者：最近家里搬家，我一个人包揽了所有打包和搬运的活，累得腰酸背痛，抵抗力肯定差了。,医生：您好，您这次来看诊，主要是哪方面的问题？患者：医生您好，主要是眼睑下垂伴视物重影。我最近说话说久了声音会越来越小，吃饭嚼一会儿就累，休息后能缓一些。医生：请您描述一下发作或加重时的样子，包括持续时间、部位和对日常活动的影响。患者：开始时比较轻，我以为能缓过去，但这两天家里人也看出不对，日常吃饭、穿衣或走路都受影响。医生：我再确认一下，这种无力是否有晨轻暮重、活动后加重、休息后缓解的特点？有没有复视、抬头困难？患者：有，喝水偶尔会呛，吃肉嚼到后面很累，说话久了像没气，晚上比早上明显。医生：关于既往史，您之前有没有因为神经、头部、肌肉无力或意识变化等问题就医？平时有什么基础病？患者：几年前做过胸部检查提示纵隔有异常，但后来没继续查。医生：您的家人中有没有人年轻或年老后出现过相似表现，或者被反复要求做头部、神经方面检查？患者：母亲有甲状腺问题，但没有我这种吞咽和眼睛症状。医生：我还想了解生活和诱因：最近睡眠、压力、饮食、饮酒、吸烟、运动，以及外出或特殊接触情况如何？患者：饮食还可以，但最近压力大、睡眠差，白天连续工作很久。
,,医生：您好，看您是由两位工友架着进来的，今天主要是怎么个情况？患者：大夫，我是一个码头搬运工。四天前我正扛麻袋呢，就觉得双脚脚底板发木。到了前天，小腿肚子开始发软，走路直晃。今天早上我本来想出工，结果发现两条腿彻底废了，一点力气都没有。连我想用双手去抓货物，两只手也软绵绵的。医生：这种对称性的下肢瘫软逐渐向上肢发展的过程，非常危险。除了四肢的问题，您自己按压一下肌肉，觉得痛吗？另外，最近觉得气够用吗？患者：肌肉是真的疼。呼吸确实有点费劲，我现在稍微说几句话就得停下来喘几口，总觉得胸口闷闷的。医生：肌肉压痛和呼吸肌受累的表现非常典型。您往前推算一下，大概一两周前，有没有拉过肚子或者感冒发烧过？患者：有，十二天前我在路边吃了一顿烧烤，结果当天晚上就开始上吐下泻。医生：这个胃肠道感染史非常重要。您的直系亲属里，有没有人发生过这种突然瘫掉的情况？患者：没有。医生：最后问问您，拉肚子前那顿烧烤，有没有吃过没烤熟的肉类？患者：那天那烤鸡翅里面还没熟透，带着血呢，我肚子饿就全吃了。,医生：您好，请您从最开始的不舒服说起，哪里最明显？患者：医生您好，主要是眼睑下垂伴视物重影。1年多前开始右眼皮抬不起来，早上轻一些，下午和晚上明显，最近看东西还有重影。医生：好的。这个情况持续了多久？中间有没有完全缓解，还是一直存在或越来越明显？患者：大概从半天前开始，最初不明显，后来越来越影响走路和做事，休息后也不一定完全好。医生：近期有没有感染、发热、情绪紧张后加重？有没有出现呼吸费力或夜里憋醒？患者：确实是早上好些，下午重，休息后能缓一缓；有时看东西成两个，抬头久了脖子酸。医生：之前身体状况怎么样？有没有类似症状、慢性病、外伤史，或体检提示过异常？患者：几年前做过胸部检查提示纵隔有异常，但后来没继续查。医生：您的家人中有没有人年轻或年老后出现过相似表现，或者被反复要求做头部、神经方面检查？患者：家族里没有明确的神经肌肉方面疾病。医生：我还想了解生活和诱因：最近睡眠、压力、饮食、饮酒、吸烟、运动，以及外出或特殊接触情况如何？患者：有时自己随便吃感冒药，最近加班多，午休少。
,,医生：您好，脸色煞白，是被老伴推着轮椅进来的，今天是怎么个不舒服法？患者：大夫，我是一个农场主，平时天天干农活。最近这几天真是把我吓坏了。一开始只是觉得穿水鞋的时候脚趾头麻麻的。过了两天，连站在地里都站不住了，双腿直打软。今天早上彻底完了，两条腿一点知觉都没有，而且这麻木感已经爬到了胳膊上，连拿铁锹的力气都没了。医生：这种感觉异常和对称性无力从下往上蔓延，是非常典型的。除了四肢的问题，您自己捏一捏腿肚子，觉得酸痛吗？另外，最近有没有发现自己脸两边不对称，喝水容易漏？患者：腿肚子非常疼，像肌肉里面着了火。喝水也漏，今天早上喝口粥，右边嘴角完全兜不住，还从鼻子里呛出来一点。医生：肌肉压痛和面神经受累是非常关键的伴随症状。您在出现脚麻之前的半个月左右，有没有拉过肚子，或者得过感冒？患者：有！差不多两个星期前，我拉肚子拉得腿都软了，一天跑十几趟厕所，还伴着低烧。医生：这个胃肠道感染史我记录下来了。那您的直系亲属里，有没有人得过容易突然瘫痪的疾病？患者：没有，我们家亲戚没听说谁得过这种突然瘫掉的病。医生：明白了。最后了解一下生活细节，拉肚子之前，您在农场吃了什么特别的东西吗？比如没烤熟的野味？患者：那天几个朋友来农场玩，我们烤了只野鸭吃，那肉有的地方还没完全烤熟，带着血丝，我吃了之后第二天就开始拉肚子了。,医生：您好，我先了解一下，最让您担心的症状是什么？患者：医生您好，主要是说话久了声音变弱。一开始只是眼睛睁不大，后来出现抬胳膊费劲，连续活动后更没力气。医生：请您描述一下发作或加重时的样子，包括持续时间、部位和对日常活动的影响。患者：中间有过短暂好一点的时候，但总体比刚开始重，尤其到晚上或活动后更明显。医生：我再确认一下，这种无力是否有晨轻暮重、活动后加重、休息后缓解的特点？有没有复视、抬头困难？患者：感冒后明显加重，爬楼时胸口发闷，平躺还可以，但累的时候说话不清。没有明显麻木疼痛，主要是容易累。医生：接下来了解既往情况。您以前有没有类似发作或类似不适？平时有没有慢性病、住院史，或做过相关检查？患者：有甲状腺方面的小问题，平时没规律复查，没有长期服用特殊药物。医生：再了解一下家族情况。您的父母、兄弟姐妹或子女中，有没有人出现过类似症状，或有相关的长期疾病？患者：家里没有人出现过类似眼皮下垂、越活动越没劲的情况。医生：我还想了解生活和诱因：最近睡眠、压力、饮食、饮酒、吸烟、运动，以及外出或特殊接触情况如何？患者：最近工作忙，经常熬夜，感冒后没休息好，症状更明显。
,,医生：您好，请坐。看您脸色不太好，今天是遇到了什么突发状况？患者：医生，我是一名商场售货员。这几天我简直要崩溃了。开始是脚底板发麻，我以为是站久了静脉曲张。紧接着小腿就开始没劲，昨天我在店里给客人拿衣服，腿一软直接跪在地上了。今天早上醒来，这种没力气的感觉已经爬到了大腿，连穿裤子都费劲，手也麻得连个价签都贴不准。医生：这种对称性的、自下而上的肢体无力伴随感觉异常，必须要高度重视。除了这些，您最近有没有觉得闭眼睛闭不紧，或者刷牙的时候水会顺着一边嘴角流下来？患者：嘴角漏水真的有！我今天早上刷牙，右边嘴角完全合不上，水漏了我一身。而且我想笑的时候，发现脸跟木头人一样动不了，特别吓人。医生：面部肌肉无力是关键的信号。您回忆一下，在出现脚麻之前的两周左右，有没有得过重感冒、发烧？或者最近接种过疫苗？患者：有。大概十天前，我去社区打了流感疫苗。打完之后过两天我就得了一次热伤风，一直没好透，喉咙又疼又哑。医生：疫苗接种史和感冒史这非常有参考意义。您的家族亲属中，有没有人有过这种突发的四肢瘫痪？患者：没有，家里亲戚都没听说过这种病。医生：了解。最后了解一下您近期的生活状态，有没有因为什么事情极度劳累？患者：最近商场搞店庆，我每天站十几个小时，晚上回家还要带娃，真的累得骨头都散架了。,医生：您好，请您从最开始的不舒服说起，哪里最明显？患者：医生您好，主要是眼睑下垂伴视物重影。我最近说话说久了声音会越来越小，吃饭嚼一会儿就累，休息后能缓一些。医生：好的。这个情况持续了多久？中间有没有完全缓解，还是一直存在或越来越明显？患者：开始时比较轻，我以为能缓过去，但这两天家里人也看出不对，日常吃饭、穿衣或走路都受影响。医生：近期有没有感染、发热、情绪紧张后加重？有没有出现呼吸费力或夜里憋醒？患者：有，喝水偶尔会呛，吃肉嚼到后面很累，说话久了像没气，晚上比早上明显。医生：关于既往史，您之前有没有因为神经、头部、肌肉无力或意识变化等问题就医？平时有什么基础病？患者：有甲状腺方面的小问题，平时没规律复查，没有长期服用特殊药物。医生：您的家人中有没有人年轻或年老后出现过相似表现，或者被反复要求做头部、神经方面检查？患者：家里没有人出现过类似眼皮下垂、越活动越没劲的情况。医生：我还想了解生活和诱因：最近睡眠、压力、饮食、饮酒、吸烟、运动，以及外出或特殊接触情况如何？患者：最近工作忙，经常熬夜，感冒后没休息好，症状更明显。
,,医生：您好，请坐。看您这双手一直哆嗦，腿也伸不直，今天是遇到了什么突发状况？患者：医生，我是个装修木工。这几天我简直要疯了，开始是脚趾头发麻，我以为是干活累的压到了神经。紧接着小腿就开始没劲，昨天我在梯子上干活，腿一软差点从三米高的地方掉下来。今天早上醒来，这种没力气的感觉已经爬到了大腿和腰，现在连我这双拿惯了锯子的手都麻木得连个墨斗都捏不住了。医生：这种对称性的、自下而上的肢体无力伴随麻木感，必须要高度重视。除了这些，您最近有没有觉得闭眼睛闭不严实，或者喝水、吃东西的时候，嗓子眼不听使唤，容易呛到气管里？患者：眼睛倒还好，但喝水真的有问题！今天早上喝口茶，结果一大半都从嘴角漏出来了，还呛得我猛咳嗽，感觉喉咙那块的肌肉特别笨。我也想对着镜子笑，但发现半边脸像瘫了一样。医生：面部肌肉无力和吞咽呛咳是很关键的信号。您回忆一下，在出现脚麻之前的半周到两周左右，有没有得过重感冒、发烧？或者最近有没有接种过流感疫苗之类的？患者：有。大概一周前，我为了赶工期，淋着雨干了一整天活，当天晚上就发高烧了，烧到了39度多。我自己吃了点退烧药，退了烧之后就开始觉得脚麻了。医生：这个雨后感冒发热的病史非常重要。那您的家族里，父母或者亲兄弟姐妹中，有没有人得过严重的神经系统疾病，或者有风湿、类风湿这类免疫病的？患者：我妈有类风湿性关节炎，手关节都变形了。我爸身体倒还可以。医生：了解了。最后了解一下您最近的生活状态，是不是为了赶装修进度极度劳累，每天睡眠都不足？患者：最近有个商铺要开业，我连着通宵干了三个晚上，每天就靠抽烟和喝红牛强撑着，确实是把身体熬空了。,医生：您好，请您从最开始的不舒服说起，哪里最明显？患者：医生您好，主要是下午加重的肢体乏力。近一段时间前开始右眼皮抬不起来，早上轻一些，下午和晚上明显，最近看东西还有重影。医生：我明白了。请您再具体说说，当时最早出现的症状是什么，后来又有什么变化？患者：中间有过短暂好一点的时候，但总体比刚开始重，尤其到晚上或活动后更明显。医生：我再确认一下，这种无力是否有晨轻暮重、活动后加重、休息后缓解的特点？有没有复视、抬头困难？患者：确实是早上好些，下午重，休息后能缓一缓；有时看东西成两个，抬头久了脖子酸。休息后会好一些，但反复出现。医生：我再问一下过去的身体情况：以前出现过这样的症状吗？有没有长期疾病、外伤、手术或正在服用的药物？患者：有甲状腺方面的小问题，平时没规律复查，没有长期服用特殊药物。医生：您的家人中有没有人年轻或年老后出现过相似表现，或者被反复要求做头部、神经方面检查？患者：母亲有甲状腺问题，但没有我这种吞咽和眼睛症状。医生：平时生活习惯方面，是否经常久坐、熬夜、饮食偏咸偏油、饮酒吸烟？发作前有没有特别劳累或不适？患者：饮食还可以，但最近压力大、睡眠差，白天连续工作很久。
,,医生：您好，看您是由朋友背进来的，双腿完全无法站立了，今天主要是哪里感觉不对劲？患者：大夫，我是个长途客车司机。四天前我正开车呢，就觉得双脚踩刹车和油门的时候没感觉，脚底板发木。到了前天，小腿肚子开始发软，走路直打晃。今天早上我本来想出车，结果发现两条腿彻底废了，一点知觉和力气都没有。连我想用双手去抓方向盘，两只手也软绵绵的。医生：这种对称性的下肢瘫软逐渐向上肢发展的过程，非常危险。除了四肢的问题，您自己按压一下大腿和小腿的肌肉，会不会觉得很痛？另外，这两天有没有觉得呼吸变得很重，气不够用？患者：肌肉是真的疼，酸痛得要命。呼吸确实有点费劲，我现在稍微大声说几句话就得停下来喘几口，总觉得胸口闷闷的，气儿提不上来。医生：肌肉压痛和呼吸肌受累的表现非常典型。您往前推算一下，大概一两周前，有没有拉过肚子或者感冒发烧过？患者：有，十二天前我在高速服务区吃了一顿凉皮和熏鸡，结果当天晚上就开始上吐下泻，拉得全是水。医生：这个胃肠道感染史非常重要。您的直系亲属里，有没有人发生过这种突然四肢不能动弹的情况？患者：没有，家里人身体都很皮实，没听说过谁瘫痪过。医生：明白了。最后问问您，半个月前拉肚子之前，吃的那顿熏鸡有没有觉得肉质不太新鲜，或者没熟透？患者：那天太饿了没细看，现在想想那熏鸡肉确实有点粉，骨头缝里全是血。,医生：您好，请您从最开始的不舒服说起，哪里最明显？患者：医生您好，主要是反复眼皮抬不起来。这段时间上楼、梳头都容易累，尤其下午明显，睡一觉后好一点。医生：好的。这个情况持续了多久？中间有没有完全缓解，还是一直存在或越来越明显？患者：中间有过短暂好一点的时候，但总体比刚开始重，尤其到晚上或活动后更明显。医生：除了眼皮和乏力，您有没有饮水呛咳、吞咽困难、咀嚼变慢、说话鼻音重，或者平躺时胸闷气短？患者：确实是早上好些，下午重，休息后能缓一缓；有时看东西成两个，抬头久了脖子酸。没有明显麻木疼痛，主要是容易累。医生：我再问一下过去的身体情况：以前出现过这样的症状吗？有没有长期疾病、外伤、手术或正在服用的药物？患者：曾因乏力去看过，休息后好转，就没有进一步处理。医生：再了解一下家族情况。您的父母、兄弟姐妹或子女中，有没有人出现过类似症状，或有相关的长期疾病？患者：母亲有甲状腺问题，但没有我这种吞咽和眼睛症状。医生：最后了解一下生活习惯。您平时作息、饮食、运动、吸烟饮酒情况怎么样？最近有没有劳累、熬夜、感染或情绪波动？患者：平时运动少，喜欢长时间看电脑，下午眼睛特别累。
,,医生：您好，请坐，看您说话似乎有些费力，今天是遇到了什么状况？患者：医生，我是个航空公司的空乘。这几天我的身体状况太反常了。最开始是觉得双脚脚掌发木，我以为是航班站久了。然后无力感顺着腿往上走，昨天在客舱我连推餐车的力气都没了。今天两只手也麻得跟针扎一样，连给旅客递水的力气都不够了。医生：出现这种上行性对称性瘫痪和麻木，这不能掉以轻心。除了手脚，您这两天有没有觉得心脏跳得忽快忽慢，出虚汗？或者觉得面部肌肉不对称？患者：出虚汗很频繁！这几天晚上睡觉，总是突然惊醒出一身冷汗。心跳也特别快，胸口发闷。今天早上照镜子，发现右边眼皮有点耷拉，闭不严实。医生：自主神经受累和单侧面神经麻痹，这些线索很有价值。回忆一下，在您出现脚麻之前的一两周内，有没有得过肠胃炎，或者感冒发烧？近期打过疫苗吗？患者：大概两周前，航班上旅客传染流感，我中招了，发烧到38.5度，浑身疼，吃了几天药才好。疫苗最近没打。医生：好的，上呼吸道感染的病史很重要。您的家族里，比如父母，有没有人有过这种突发四肢不能动的病史？患者：没有，我父母身体都还可以，没得过这些病。医生：了解。最后问问您的生活状态，最近是不是经常飞红眼航班极度疲劳？患者：这段时间暑运，天天飞红眼航班，经常倒时差，几乎没怎么好好休息，身体早就超负荷了。,医生：您好，您这次来看诊，主要是哪方面的问题？患者：医生您好，主要是说话久了声音变弱。一开始只是眼睛睁不大，后来出现抬胳膊费劲，连续活动后更没力气。医生：好的。这个情况持续了多久？中间有没有完全缓解，还是一直存在或越来越明显？患者：发作时自己有些害怕，持续时间和程度不太固定，但最近次数或程度都比以前多。医生：近期有没有感染、发热、情绪紧张后加重？有没有出现呼吸费力或夜里憋醒？患者：有，喝水偶尔会呛，吃肉嚼到后面很累，说话久了像没气，晚上比早上明显。医生：我再问一下过去的身体情况：以前出现过这样的症状吗？有没有长期疾病、外伤、手术或正在服用的药物？患者：有甲状腺方面的小问题，平时没规律复查，没有长期服用特殊药物。医生：从家族史方面看，家里有没有人有类似发作，或者长期的神经系统、肌肉无力、脑血管方面问题？患者：家里没有人出现过类似眼皮下垂、越活动越没劲的情况。医生：平时生活习惯方面，是否经常久坐、熬夜、饮食偏咸偏油、饮酒吸烟？发作前有没有特别劳累或不适？患者：最近工作忙，经常熬夜，感冒后没休息好，症状更明显。
,,医生：您好，看您是由老伴推着轮椅进来的，今天是怎么个不舒服法？患者：大夫，我是一个退休工人。最近这几天真是把我吓坏了。一开始只是觉得穿布鞋的时候脚尖麻麻的。过了两天，连走路都站不住了，双腿直打软。今天早上彻底完了，两条腿一点知觉都没有，而且这麻木感已经爬到了胳膊上，连拿勺子的力气都没了。医生：这种感觉异常和对称性无力从下往上蔓延，是非常典型的。除了四肢的问题，您自己捏一捏腿肚子，觉得痛吗？另外，最近有没有发现自己脸两边不对称？患者：腿肚子非常疼。今天早上照镜子，发现左边眼皮耷拉，嘴巴歪到了右边。医生：肌肉压痛和面神经受累是非常关键的伴随症状。您在出现脚麻之前的半个月左右，有没有拉过肚子，或者得过感冒？患者：有！差不多两个星期前，我拉肚子拉得整个人都瘫了。医生：这个胃肠道感染史我记录下来了。那您的直系亲属里，有没有人有过这种突然四肢无力的情况？患者：没有，家里亲戚都没听说过这种浑身不能动的病。医生：了解。最后了解一下。拉肚子之前，您吃了什么不干净的东西吗？患者：那天路过个流动摊贩，买了个没烤透的肉夹馍吃。,医生：您好，您这次来看诊，主要是哪方面的问题？患者：医生您好，主要是眼睑下垂伴视物重影。这段时间上楼、梳头都容易累，尤其下午明显，睡一觉后好一点。医生：请您描述一下发作或加重时的样子，包括持续时间、部位和对日常活动的影响。患者：开始时比较轻，我以为能缓过去，但这两天家里人也看出不对，日常吃饭、穿衣或走路都受影响。医生：我再确认一下，这种无力是否有晨轻暮重、活动后加重、休息后缓解的特点？有没有复视、抬头困难？患者：确实是早上好些，下午重，休息后能缓一缓；有时看东西成两个，抬头久了脖子酸。医生：我再问一下过去的身体情况：以前出现过这样的症状吗？有没有长期疾病、外伤、手术或正在服用的药物？患者：几年前做过胸部检查提示纵隔有异常，但后来没继续查。医生：家里直系亲属有没有发生过类似的肢体无力、抽搐、手抖、说话或走路异常等情况？患者：家里没有人出现过类似眼皮下垂、越活动越没劲的情况。医生：最后了解一下生活习惯。您平时作息、饮食、运动、吸烟饮酒情况怎么样？最近有没有劳累、熬夜、感染或情绪波动？患者：有时自己随便吃感冒药，最近加班多，午休少。
,,医生：您好，看您是由女儿推着轮椅进来的，今天是怎么个情况让您赶紧来急诊的？患者：医生，我今年六十五了。可是这几天，我这腿脚简直像被废了一样。开始只是觉得双脚发麻，像踩在棉花上。接着小腿也软了。今天早上，我发现自己腰部以下一点知觉都没了，双手也开始发麻，连梳头都梳不了了。医生：这种快速进展的双侧上行性感觉和运动障碍，我们必须要查明原因。除了手脚瘫软发麻，您最近有没有发现自己闭眼睛闭不严？或者觉得心脏跳得乱糟糟的？患者：我女儿今天早上就说我脸不对劲，她说我右边眼皮有点耷，早上喝水还顺着左 边嘴角往下漏。医生：双侧面神经受累是非常典型的表现。您在出现这些症状前的一个月内，有没有接种过什么疫苗？或者得过感冒、肠胃炎？患者：大概三个星期前，社区组织打流感疫苗，我就去打了一针。医生：疫苗接种史非常有参考意义。您的家族亲属中，有没有人有过这种突发的四肢瘫痪？患者：没有，家里老人都走得早，没听说过这种浑身不能动的病。医生：了解。最后了解一下您近期的生活状态，有没有因为什么事情极度劳累？患者：最近帮儿女搬新家，我一个人忙前忙后打包了一大堆箱子，累得腰酸背痛，身体肯定虚了。,医生：您好，今天主要因为什么不舒服来就诊？患者：医生您好，主要是咀嚼无力、吞咽费劲。这段时间上楼、梳头都容易累，尤其下午明显，睡一觉后好一点。医生：请您描述一下发作或加重时的样子，包括持续时间、部位和对日常活动的影响。患者：大概从半天前开始，最初不明显，后来越来越影响走路和做事，休息后也不一定完全好。医生：近期有没有感染、发热、情绪紧张后加重？有没有出现呼吸费力或夜里憋醒？患者：感冒后明显加重，爬楼时胸口发闷，平躺还可以，但累的时候说话不清。医生：关于既往史，您之前有没有因为神经、头部、肌肉无力或意识变化等问题就医？平时有什么基础病？患者：有甲状腺方面的小问题，平时没规律复查，没有长期服用特殊药物。医生：再了解一下家族情况。您的父母、兄弟姐妹或子女中，有没有人出现过类似症状，或有相关的长期疾病？患者：家里没有人出现过类似眼皮下垂、越活动越没劲的情况。医生：平时生活习惯方面，是否经常久坐、熬夜、饮食偏咸偏油、饮酒吸烟？发作前有没有特别劳累或不适？患者：最近工作忙，经常熬夜，感冒后没休息好，症状更明显。
,,医生：您好，看您脸色煞白，是被老伴推着轮椅进来的，今天是怎么个不舒服法？患者：大夫，我是一所中学的老师。最近这几天真是把我吓坏了。一开始只是觉得穿皮鞋的时候脚趾头麻麻的，像过电一样。过了两天，连站着上课都站不住了，双腿直打软。今天早上彻底完了，两条腿一点知觉都没有，而且这麻木感已经爬到了胳膊上，连拿粉笔的力气都没了。医生：这种感觉异常和对称性无力从下往上蔓延，是非常典型的病程。除了四肢的问题，您自己捏一捏腿肚子，觉得酸痛吗？另外，最近有没有觉得吞咽东西有些困难，或者喝水容易呛咳？患者：腿肚子非常疼，像肌肉里面发炎了一样。吞咽也出了问题，今天早上喝口豆浆，咽不下去，还从鼻子里呛出来一点，咳嗽了半天。医生：肌肉压痛和吞咽肌肉受累是非常关键的伴随症状。您在出现脚麻之前的半个月左右，有没有拉过肚子，或者得过感冒？患者：有！差不多两个星期前，我拉肚子拉得腿都软了，一天跑十几趟厕所，还伴着低烧。医生：这个胃肠道感染史我记录下来了。那您的直系亲属里，有没有人得过容易突然瘫痪的疾病，或者有严重的自身免疫疾病？患者：没有，我们家亲戚都没听说谁得过这种突然瘫掉的病。医生：明白了。最后了解一下生活细节，拉肚子之前，您在外面吃了什么特别的东西吗？比如没烤熟的肉？患者：那天学校放假，我们几个老师去吃农家乐的烤全羊，那羊肉有的地方还没完全烤熟，带着血丝，我吃了之后第二天就开始拉肚子了。,医生：您好，今天主要因为什么不舒服来就诊？患者：医生您好，主要是反复眼皮抬不起来。我最近说话说久了声音会越来越小，吃饭嚼一会儿就累，休息后能缓一些。医生：这些表现是突然出现还是逐渐加重？大概从什么时候开始，最明显影响到什么活动？患者：大概从1个月前开始，最初不明显，后来越来越影响走路和做事，休息后也不一定完全好。医生：近期有没有感染、发热、情绪紧张后加重？有没有出现呼吸费力或夜里憋醒？患者：有，喝水偶尔会呛，吃肉嚼到后面很累，说话久了像没气，晚上比早上明显。休息后会好一些，但反复出现。医生：我再问一下过去的身体情况：以前出现过这样的症状吗？有没有长期疾病、外伤、手术或正在服用的药物？患者：曾因乏力去看过，休息后好转，就没有进一步处理。医生：家里直系亲属有没有发生过类似的肢体无力、抽搐、手抖、说话或走路异常等情况？患者：家族里没有明确的神经肌肉方面疾病。医生：最后问一下，近期有没有旅行、腹泻或感冒，是否接触特殊环境？平常作息和运动规律吗？患者：有时自己随便吃感冒药，最近加班多，午休少。
,,医生：您好，看您是由两位同事架着进来的，双腿好像完全使不上劲了，今天主要是哪里感觉不对劲？患者：大夫，我是一名程序员。三天前我正写代码呢，就觉得双脚脚底板发木，像穿了一层厚厚的盔甲。到了前天，小腿肚子开始发软，我从工位站起来都费劲。今天早上我本来想打车来上班，结果发现两条腿彻底不听使唤了，根本踩不住地。连我想伸手去拿键盘，两只手也麻得跟针扎一样。医生：这种从脚开始、向上蔓延的对称性无力，是不能耽误的。除了四肢的问题，您自己按捏一下小腿肚，痛不痛？另外，最近有没有觉得说话声音变了，或者喝水容易呛到？患者：小腿肚子一按就钻心地疼。说话确实也有点费劲，我老婆说我说话声音变得翁声瓮气的。今天早上喝粥的时候，还不小心从鼻子里呛出来一点，差点没憋死我。医生：肌肉压痛和吞咽肌肉受累的征兆是非常危险的。您往前倒推一两周，有没有经历过严重的拉肚子，或者感冒发烧？患者：有！差不多两个星期前吧，我跟同事去吃了一次烧烤，回来后拉肚子拉得差点虚脱。医生：这个肠胃炎病史我记下了。您的长辈或者兄弟姐妹中，有没有人发生过突然偏瘫或者四肢瘫痪的情况？或者有严重的类风湿疾病？患者：没有，家里人都没有这种病史。医生：明白了。最后问问您，拉肚子前在那顿烧烤里吃了什么？是不是有那种没有完全烤熟的禽类？患者：那天吃了不少烤鸡翅和鸡腿，我看那鸡骨头缝里全是血红血红的，没熟透，我强忍着吃下去了，结果第二天大家都闹肚子了，但就我一个人变成了现在这样。,医生：您好，今天主要因为什么不舒服来就诊？患者：医生您好，主要是反复眼皮抬不起来。一开始只是眼睛睁不大，后来出现抬胳膊费劲，连续活动后更没力气。医生：好的。这个情况持续了多久？中间有没有完全缓解，还是一直存在或越来越明显？患者：大概从半个月前开始，最初不明显，后来越来越影响走路和做事，休息后也不一定完全好。医生：除了眼皮和乏力，您有没有饮水呛咳、吞咽困难、咀嚼变慢、说话鼻音重，或者平躺时胸闷气短？患者：确实是早上好些，下午重，休息后能缓一缓；有时看东西成两个，抬头久了脖子酸。没有明显麻木疼痛，主要是容易累。医生：接下来了解既往情况。您以前有没有类似发作或类似不适？平时有没有慢性病、住院史，或做过相关检查？患者：以前没有这样眼皮下垂，最近在外院查过胸部片子，说前胸里面有个影子需要再看。医生：再了解一下家族情况。您的父母、兄弟姐妹或子女中，有没有人出现过类似症状，或有相关的长期疾病？患者：兄弟姐妹身体都还好，没听说过类似肌肉无力。医生：我还想了解生活和诱因：最近睡眠、压力、饮食、饮酒、吸烟、运动，以及外出或特殊接触情况如何？患者：最近工作忙，经常熬夜，感冒后没休息好，症状更明显。
,,医生：您好，看您是由女儿推着轮椅进来的，今天是怎么个情况让您赶紧来急诊的？患者：医生，我今年六十了，平时天天去广场跳舞。可是这几天，我这腿脚简直像被废了武功一样。开始只是觉得双脚发麻，像踩在棉花上。接着小腿也软了。今天早上，我发现自己腰部以下一点知觉都没了，双手也开始发麻，连梳头都梳不了了。医生：这种快速进展的双侧上行性感觉和运动障碍，我们必须要查明原因。除了手脚瘫软发麻，您最近有没有发现自己脸两边不对称，比如闭眼睛闭不严？或者觉得心脏跳得乱七八糟的？患者：我女儿今天早上就说我脸不对劲，她说我两边眼皮都耷拉着，使劲闭也闭不紧，早上喝豆浆还顺着嘴角往下漏。心脏这几天确实也不舒服，老觉得心慌，还一阵阵出虚汗。医生：双侧面神经受累和自主神经症状，这些都是非常典型的伴随表现。您在出现这些症状前的一个月内，有没有接种过什么疫苗？或者得过感冒、肠胃炎？患者：大概三个星期前，社区组织打流感疫苗，我就去打了一针。打完之后还轻微感冒了几天，流鼻涕打喷嚏的。医生：疫苗接种史和感冒史这非常有参考意义。您的家族亲属中，有没有人有过这种突发的四肢瘫痪，或者有自身免疫方面的疾病？患者：没有，家里老人都走得早，没听说过这种浑身不能动的病。医生：了解。最后了解一下您近期的生活状态，有没有因为什么事情极度劳累？患者：最近小孙子放假，我天天跟着他屁股后面跑，一天要走两万多步，晚上还要陪他睡觉，累得我腰酸背痛，身体抵抗力确实差了。,医生：您好，我先了解一下，最让您担心的症状是什么？患者：医生您好，主要是说话久了声音变弱。一开始只是眼睛睁不大，后来出现抬胳膊费劲，连续活动后更没力气。医生：这些表现是突然出现还是逐渐加重？大概从什么时候开始，最明显影响到什么活动？患者：大概从半天前开始，最初不明显，后来越来越影响走路和做事，休息后也不一定完全好。医生：除了眼皮和乏力，您有没有饮水呛咳、吞咽困难、咀嚼变慢、说话鼻音重，或者平躺时胸闷气短？患者：确实是早上好些，下午重，休息后能缓一缓；有时看东西成两个，抬头久了脖子酸。休息后会好一些，但反复出现。医生：我再问一下过去的身体情况：以前出现过这样的症状吗？有没有长期疾病、外伤、手术或正在服用的药物？患者：以前没有这样眼皮下垂，最近在外院查过胸部片子，说前胸里面有个影子需要再看。医生：从家族史方面看，家里有没有人有类似发作，或者长期的神经系统、肌肉无力、脑血管方面问题？患者：兄弟姐妹身体都还好，没听说过类似肌肉无力。医生：我还想了解生活和诱因：最近睡眠、压力、饮食、饮酒、吸烟、运动，以及外出或特殊接触情况如何？患者：平时运动少，喜欢长时间看电脑，下午眼睛特别累。
,,医生：您好，看您坐在轮椅上，今天主要是哪里不舒服来就诊的？患者：医生，我是个做私房菜的。我现在的腿完全站不住了。三天前，我站在厨房切菜，就觉得两个脚底板针扎一样地麻。昨天上午，腿软得连炒菜的马步都扎不稳了。今天早上更可怕，我连从马桶上站起来的力气都没有了，两只手也软趴趴的，拿个大汤勺都端不平。医生：从双足开始发麻并迅速向上发展的对称性无力，是不能耽误的。除了四肢的问题，您最近有没有觉得眼皮耷拉睁不开，或者看东西有重影？患者：有的，一到傍晚这眼皮就往下掉，得用手扒着。看切菜板上的菜，有时候会看成双影，糊在一起。医生：眼肌受累的表现非常典型。您往前倒推一两周，有没有经历过拉肚子，或者感冒发烧？患者：有，十二三天前，我拉肚子非常严重，一天拉了五六次，吃了一盒黄连素才好。医生：这个腹泻的既往史我记下了。您的长辈或者兄弟姐妹中，有没有人发生过突然偏瘫或者四肢瘫痪的情况？患者：都没有，我们家没有这种遗传病史。医生：明白了。最后问问您，拉肚子前，您有没有尝过什么没做熟的生肉或者生禽类？患者：那天后厨进了一批新鸡，我为了试火候，白斩鸡刚煮了一会儿我就切了一块尝尝，骨头那还带点血丝，吃完第二天我就闹肚子了。,医生：您好，今天主要因为什么不舒服来就诊？患者：医生您好，主要是反复眼皮抬不起来。我最近说话说久了声音会越来越小，吃饭嚼一会儿就累，休息后能缓一些。医生：请您描述一下发作或加重时的样子，包括持续时间、部位和对日常活动的影响。患者：大概从十来天前开始，最初不明显，后来越来越影响走路和做事，休息后也不一定完全好。医生：近期有没有感染、发热、情绪紧张后加重？有没有出现呼吸费力或夜里憋醒？患者：感冒后明显加重，爬楼时胸口发闷，平躺还可以，但累的时候说话不清。休息后会好一些，但反复出现。医生：之前身体状况怎么样？有没有类似症状、慢性病、外伤史，或体检提示过异常？患者：曾因乏力去看过，休息后好转，就没有进一步处理。医生：从家族史方面看，家里有没有人有类似发作，或者长期的神经系统、肌肉无力、脑血管方面问题？患者：兄弟姐妹身体都还好，没听说过类似肌肉无力。医生：我还想了解生活和诱因：最近睡眠、压力、饮食、饮酒、吸烟、运动，以及外出或特殊接触情况如何？患者：有时自己随便吃感冒药，最近加班多，午休少。
,,医生：您好，请坐，看您脸色不太好，今天是遇到了什么突发状况？患者：医生，我是个舞蹈演员，靠腿吃饭的。最近这三四天我简直要崩溃了。一开始只是觉得十个脚趾头有针扎一样的刺痛和发麻，我以为是练功鞋太紧了。紧接着小腿就开始没力气，昨天排练的时候，我连个最基本的踮脚尖动作都做不出来，直接摔在排练厅了。今天早上醒来，这种没力气的感觉已经爬到了大腿和腰部，连抬起手梳头都觉得两只胳膊发软。医生：这种对称性的、自下而上的肢体无力伴随感觉异常，是需要高度重视的。除了这些，您最近有没有觉得闭眼睛闭不紧，或者喝水漱口的时候，水会顺着一边嘴角流下来？有没有觉得呼吸有些费力？患者：嘴角漏水真的有！今天早上我刷牙漱口，水直接从右边嘴角漏出来了，我想对着镜子笑一下，发现脸像被冻住了一样，特别僵硬。呼吸的话，昨天晚上躺在床上确实觉得胸口有点闷，喘气不如以前顺畅。医生：面部肌肉受累和呼吸费力是非常关键的信号。您回忆一下，在出现脚麻之前的两周左右，有没有得过重感冒？或者最近有没有接种过流感疫苗之类的？患者：有。大概十天前，我去社区卫生服务中心打了一针流感疫苗。打完之后没两天，我就得了一次热伤风，喉咙痛、咳嗽，还发了低烧，一直没完全好利索。医生：这个疫苗接种史和呼吸道感染史非常重要。那您的家族里，父母或者兄弟姐妹中，有没有人得过严重的神经系统疾病，或者有风湿、类风湿这类免疫病的？患者：我亲姐姐有甲状腺炎，算是免疫方面的问题吧，但我父母身体都挺好的，没听说过谁瘫痪过。医生：了解了。最后了解一下您最近的生活状态，是不是为了演出极度劳累，导致身体抵抗力明显下降？患者：最近为了市里的大型晚会，我们每天在排练厅泡十几个小时，经常练到凌晨才回宿舍，每天只吃一顿饭，身体确实已经严重透支了。,医生：您好，我先了解一下，最让您担心的症状是什么？患者：医生您好，主要是咀嚼无力、吞咽费劲。5年前开始右眼皮抬不起来，早上轻一些，下午和晚上明显，最近看东西还有重影。医生：这些表现是突然出现还是逐渐加重？大概从什么时候开始，最明显影响到什么活动？患者：开始时比较轻，我以为能缓过去，但这两天家里人也看出不对，日常吃饭、穿衣或走路都受影响。医生：除了眼皮和乏力，您有没有饮水呛咳、吞咽困难、咀嚼变慢、说话鼻音重，或者平躺时胸闷气短？患者：有，喝水偶尔会呛，吃肉嚼到后面很累，说话久了像没气，晚上比早上明显。休息后会好一些，但反复出现。医生：关于既往史，您之前有没有因为神经、头部、肌肉无力或意识变化等问题就医？平时有什么基础病？患者：以前没有这样眼皮下垂，最近在外院查过胸部片子，说前胸里面有个影子需要再看。医生：家里直系亲属有没有发生过类似的肢体无力、抽搐、手抖、说话或走路异常等情况？患者：家族里没有明确的神经肌肉方面疾病。医生：平时生活习惯方面，是否经常久坐、熬夜、饮食偏咸偏油、饮酒吸烟？发作前有没有特别劳累或不适？患者：有时自己随便吃感冒药，最近加班多，午休少。
,,医生：您好，看您是由同事用办公椅推着进来的，今天发生了什么事？患者：大夫，我是一名客服。三天前我正坐着接电话呢，就觉得双脚脚底板发木，像踩在棉花上。到了前天，小腿肚子开始发软，今天早上我彻底下不了床了，双腿完全瘫软。现在我的两只手也麻得跟针扎一样，连个电话听筒都快拿不稳了。医生：这种从脚开始、向上蔓延的对称性无力，是不能耽误的。除了四肢的问题，您捏捏腿肚子的肌肉觉得痛吗？另外，最近有没有觉得呼吸费力？患者：小腿肚子一按就钻心地疼。呼吸也确实觉得有点费力，总觉得胸口闷得慌。医生：肌肉压痛和呼吸肌受累的征兆是非常危险的。您往前倒推一两周，有没有经历过严重的拉肚子，或者感冒发烧？患者：有！差不多两个星期前，我因为吃外卖拉肚子拉了好几天。医生：这个肠胃炎既往史我记下了。您的长辈或者兄弟姐妹中，有没有人发生过突然瘫痪的情况？患者：没有，家里人都没有这种病史。医生：明白了。最后问问您，拉肚子前在那份外卖里吃了什么？是不是肉没熟？患者：那份口水鸡里的鸡肉，我看那鸡骨头里全是红血丝。,医生：您好，您这次来看诊，主要是哪方面的问题？患者：医生您好，主要是反复眼皮抬不起来。一开始只是眼睛睁不大，后来出现抬胳膊费劲，连续活动后更没力气。医生：我明白了。请您再具体说说，当时最早出现的症状是什么，后来又有什么变化？患者：中间有过短暂好一点的时候，但总体比刚开始重，尤其到晚上或活动后更明显。医生：除了眼皮和乏力，您有没有饮水呛咳、吞咽困难、咀嚼变慢、说话鼻音重，或者平躺时胸闷气短？患者：感冒后明显加重，爬楼时胸口发闷，平躺还可以，但累的时候说话不清。休息后会好一些，但反复出现。医生：之前身体状况怎么样？有没有类似症状、慢性病、外伤史，或体检提示过异常？患者：曾因乏力去看过，休息后好转，就没有进一步处理。医生：再了解一下家族情况。您的父母、兄弟姐妹或子女中，有没有人出现过类似症状，或有相关的长期疾病？患者：母亲有甲状腺问题，但没有我这种吞咽和眼睛症状。医生：最后了解一下生活习惯。您平时作息、饮食、运动、吸烟饮酒情况怎么样？最近有没有劳累、熬夜、感染或情绪波动？患者：最近工作忙，经常熬夜，感冒后没休息好，症状更明显。
,,医生：您好，看您是由女儿推着轮椅进来的，今天是怎么个情况让您赶紧来急诊的？患者：医生，我这腿脚简直像被废了一样。开始只是觉得双脚发麻，像踩在棉花上。接着小腿也软了。今天早上，我发现自己腰部以下一点知觉都没了，双手也开始发麻。医生：这种快速进展的双侧上行性感觉和运动障碍，我们必须要查明原因。除了手脚瘫软发麻，您最近有没有发现自己脸两边不对称，比如闭眼睛闭不严？患者：我女儿今天早上就说我脸不对劲，右边眼皮有点耷，早上喝水还顺着左边嘴角往下漏。医生：双侧面神经受累是非常典型的伴随表现。您在出现这些症状前的一个月内，有没有接种过什么疫苗？或者得过感冒、肠胃炎？患者：大概三个星期前，社区组织打流感疫苗，我就去打了一针。医生：疫苗接种史非常有参考意义。您的家族亲属中，有没有人有过这种突发的四肢瘫痪？患者：没有。医生：了解。最后了解一下您近期的生活状态，有没有因为什么事情极度劳累？患者：最近帮孩子带娃，真的很累，腰酸背痛的。,医生：您好，请您从最开始的不舒服说起，哪里最明显？患者：医生您好，主要是反复眼皮抬不起来。我最近说话说久了声音会越来越小，吃饭嚼一会儿就累，休息后能缓一些。医生：这些表现是突然出现还是逐渐加重？大概从什么时候开始，最明显影响到什么活动？患者：开始时比较轻，我以为能缓过去，但这两天家里人也看出不对，日常吃饭、穿衣或走路都受影响。医生：我再确认一下，这种无力是否有晨轻暮重、活动后加重、休息后缓解的特点？有没有复视、抬头困难？患者：有，喝水偶尔会呛，吃肉嚼到后面很累，说话久了像没气，晚上比早上明显。没有明显麻木疼痛，主要是容易累。医生：之前身体状况怎么样？有没有类似症状、慢性病、外伤史，或体检提示过异常？患者：曾因乏力去看过，休息后好转，就没有进一步处理。医生：您的家人中有没有人年轻或年老后出现过相似表现，或者被反复要求做头部、神经方面检查？患者：母亲有甲状腺问题，但没有我这种吞咽和眼睛症状。医生：平时生活习惯方面，是否经常久坐、熬夜、饮食偏咸偏油、饮酒吸烟？发作前有没有特别劳累或不适？患者：饮食还可以，但最近压力大、睡眠差，白天连续工作很久。
,,医生：您好，看您说话似乎有些费力，今天是遇到了什么麻烦？患者：大夫，我是在写字楼片区送外卖的骑手。最近这四五天，我这腿是一天比一天没力气。开始只是脚尖发麻，我以为是骑车骑久了。后来爬楼梯送餐觉得大腿像灌了铅一样。今天早上，我连床都下不来了，双腿完全瘫软。现在我的两只手也开始发麻，连外卖盒都拎不住。医生：这种从下肢向上肢蔓延的对称性瘫痪，情况比较危急。除了四肢无力和发麻，您捏捏腿肚子的肌肉觉得痛吗？这两天有没有觉得心跳极快，或者出莫名其妙的冷汗？患者：小腿肚子一捏就痛。出冷汗也是，这几天晚上睡觉老被汗湿透。心跳也特别快，像刚爬完六楼一样，喘不过气。医生：植物神经功能紊乱和肌肉痛是重要的伴随症状。您回忆一下，半个月前左右，有没有拉过肚子或者感冒发烧？患者：差不多半个月前，我吃了份变质的快餐，拉肚子拉了好几天。医生：这个急性肠胃炎的病史很关键。您的直系亲属里，有没有人得过容易突然瘫痪的疾病？或者有风湿免疫类疾病？患者：没有，家里人身体都很皮实。医生：明白了。最后问问您，拉肚子前在那份快餐里吃的什么？是不是有那种没熟透的肉类？患者：那是一份白斩鸡饭，我看那鸡骨头里全是血红血红的，没熟透，我强忍着吃下去了。,医生：您好，您这次来看诊，主要是哪方面的问题？患者：医生您好，主要是说话久了声音变弱。一开始只是眼睛睁不大，后来出现抬胳膊费劲，连续活动后更没力气。医生：好的。这个情况持续了多久？中间有没有完全缓解，还是一直存在或越来越明显？患者：大概从2天前开始，最初不明显，后来越来越影响走路和做事，休息后也不一定完全好。医生：我再确认一下，这种无力是否有晨轻暮重、活动后加重、休息后缓解的特点？有没有复视、抬头困难？患者：有，喝水偶尔会呛，吃肉嚼到后面很累，说话久了像没气，晚上比早上明显。没有明显麻木疼痛，主要是容易累。医生：之前身体状况怎么样？有没有类似症状、慢性病、外伤史，或体检提示过异常？患者：以前没有这样眼皮下垂，最近在外院查过胸部片子，说前胸里面有个影子需要再看。医生：您的家人中有没有人年轻或年老后出现过相似表现，或者被反复要求做头部、神经方面检查？患者：母亲有甲状腺问题，但没有我这种吞咽和眼睛症状。医生：最后了解一下生活习惯。您平时作息、饮食、运动、吸烟饮酒情况怎么样？最近有没有劳累、熬夜、感染或情绪波动？患者：平时运动少，喜欢长时间看电脑，下午眼睛特别累。
,,医生：您好，别紧张，慢慢说今天是怎么个情况让您赶紧来医院的？患者：医生，我是个大学生，今天在宿舍里玩那种新出的VR虚拟现实游戏。那个游戏里有特别强烈的爆闪灯光，一闪一闪的。我戴着头盔看了一会儿，突然觉得脑袋里“嗡”的一声，然后就完全失去了意识。室友说我直接从电竞椅上栽倒在地上，四肢僵硬，不停地抽搐。大概过了一分多钟才停下来。医生：在强光频闪刺激下突发的全身抽搐非常典型。在您失去意识前，除了觉得刺眼，有没有觉得一阵强烈的恶心想吐？发作后现在感觉怎么样？患者：发作前确实觉得一阵翻江倒海的恶心，还有点心慌。现在感觉头痛得像要裂开，四肢肌肉酸痛得连抬手拿手机的力气都没有。医生：发作后的头痛和肌肉酸痛是常见现象。您以前大脑有没有受过外伤，比如出过车祸，或者小时候有过发高烧抽筋的经历？患者：听我妈说，我一岁半的时候出幼儿急疹，高烧到四十度，当时整个人烧得翻白眼抽过去一次。医生：这确实是个不可忽视的病史。您的直系亲属里，有没有人有过这种突发的抽搐，或者受不了闪光刺激的毛病？患者：我亲舅舅以前有过类似的情况，听说也是去迪厅看到闪光或者受惊吓就容易犯病。医生：明白了。最后问问，您平时是不是经常熬夜玩游戏？发病前是不是处于极度劳累的状态？患者：马上期末了，我连着通宵复习了两天，今天考完试为了放松才去玩VR游戏的，确实累到了极点。,医生：您好，您这次来看诊，主要是哪方面的问题？患者：医生您好，主要是手脚麻木向上发展。前几天还只是脚底麻，现在膝盖以下都木，走路发飘，今天连拧瓶盖都费劲。医生：我明白了。请您再具体说说，当时最早出现的症状是什么，后来又有什么变化？患者：大概从1天前开始，最初不明显，后来越来越影响走路和做事，休息后也不一定完全好。医生：除了麻木无力，您有没有呼吸费力、吞咽不顺、饮水呛咳、面部无力，或者心慌、出汗异常？患者：两边差不多，确实是从脚往上走，最近胸口有点闷，需要深呼吸，喝水偶尔觉得慢。医生：之前身体状况怎么样？有没有类似症状、慢性病、外伤史，或体检提示过异常？患者：发病前十来天拉过肚子，还有点低烧，自己吃药后好了。医生：您的家人中有没有人年轻或年老后出现过相似表现，或者被反复要求做头部、神经方面检查？患者：家族里没有明确神经系统方面疾病。医生：平时生活习惯方面，是否经常久坐、熬夜、饮食偏咸偏油、饮酒吸烟？发作前有没有特别劳累或不适？患者：平时久坐，运动少，近期压力大，但没有接触特殊化学品。
,,医生：您好，请坐，看您捂着头，今天是哪里感觉不对劲？患者：大夫，我昨天在KTV跟朋友唱歌，包厢里那种五颜六色的球灯转得特别快。我突然感觉听到了一阵奇怪的嗡嗡声，紧接着就人事不省了。朋友说我倒在沙发上，全身僵硬，然后开始剧烈抽筋，持续了一分多钟。我醒来发现自己不仅咬破了嘴唇，还尿裤子了，真的太丢人了。医生：在强光和嘈杂环境下突发抽搐伴随尿失禁，您不用觉得难为情，这都是发作时的表现。在听到嗡嗡声之前，您有没有看到什么幻觉，或者觉得极度恐惧？事后头痛吗？患者：发作前确实有一种说不上来的极度恐惧感。现在头痛得像要炸开一样，浑身没力气。医生：这种发作前的恐惧感是非常有定位价值的先兆。您以前有没有得过脑炎、脑膜炎？或者头部受过重伤？患者：上初中的时候得过病毒性脑炎，住了大半个月的院。医生：这确实是个相关的既往史。您的家族里，有没有人得过容易突然晕倒抽搐的疾病？患者：我大伯以前偶尔会有突然倒地抽风的情况。医生：明白了。最后问问您的生活细节，您发病前是不是在KTV喝了很多酒？或者最近极度劳累？患者：昨天确实喝了不少洋酒，加上最近工作连轴转没怎么休息，身体已经极度透支了。,医生：您好，请您从最开始的不舒服说起，哪里最明显？患者：医生您好，主要是感冒后出现双腿乏力。一开始是两条腿酸痛、乏力，上楼困难，后来双手也发麻，症状是慢慢往上发展的。医生：请您描述一下发作或加重时的样子，包括持续时间、部位和对日常活动的影响。患者：开始时比较轻，我以为能缓过去，但这两天家里人也看出不对，日常吃饭、穿衣或走路都受影响。医生：近期有没有感觉手脚反射变迟钝、走路踩不实，或者需要扶墙才能走？大小便有没有变化？患者：两边差不多，确实是从脚往上走，最近胸口有点闷，需要深呼吸，喝水偶尔觉得慢。没有明显发热了，头脑清楚，就是四肢越来越没力。医生：我再问一下过去的身体情况：以前出现过这样的症状吗？有没有长期疾病、外伤、手术或正在服用的药物？患者：发病前十来天拉过肚子，还有点低烧，自己吃药后好了。医生：再了解一下家族情况。您的父母、兄弟姐妹或子女中，有没有人出现过类似症状，或有相关的长期疾病？患者：家里没有人出现过这种从脚往上麻、四肢无力的情况。医生：最后问一下，近期有没有旅行、腹泻或感冒，是否接触特殊环境？平常作息和运动规律吗？患者：前阵子旅游吃了海鲜和路边摊，回来后肠胃不舒服，后来才出现腿软。
,,医生：您好，看您脸色不太对，今天主要是哪里感觉异常？患者：医生，我早上刚起床，坐在床边想穿袜子，突然感觉双臂像被电击了一下，猛地往上一甩，手里拿着的袜子直接飞了出去。我刚想站起来，结果全身肌肉猛地一抽，直接摔倒在地，失去了知觉。老婆说我倒在地上全身僵硬，抽搐了好一会儿。医生：这种早晨起床时突发的肌肉快速抽动（肌阵挛）接着全身抽搐，是非常典型的。在您失去知觉前，有没有看到眼前有闪光，或者闻到奇怪的味道？事后有没有觉得极度疲劳和肌肉痛？患者：没看到闪光和怪味。但醒来后真的是全身酸痛，骨头都快散架了，头痛得像要裂开，特别想睡觉。医生：好的，这些发作后的症状我记下了。您以前有没有得过脑炎？或者曾经有过严重的头部重击？患者：上高中的时候打篮球，被人撞倒后脑勺着地，当时昏迷了半个多小时，轻度脑震荡。医生：这个外伤史很重要。您的家族里，有没有人有过不明原因的突然抽搐或者晕厥？患者：我大伯以前有过这种毛病，听说是受了刺激后会倒在地上抽风。医生：了解。最后问问您的生活习惯，您昨晚是不是睡眠特别差？或者有大量饮酒的习惯？患者：昨晚朋友聚会喝了好多酒，凌晨才睡，今天一大早又被闹钟吵醒，强撑着起床，脑子昏昏沉沉的。,医生：您好，我先了解一下，最让您担心的症状是什么？患者：医生您好，主要是四肢麻木无力逐渐加重。最近走路不稳，双腿没力气，蹲下站起来困难，手也有针刺感。医生：请您描述一下发作或加重时的样子，包括持续时间、部位和对日常活动的影响。患者：中间有过短暂好一点的时候，但总体比刚开始重，尤其到晚上或活动后更明显。医生：除了麻木无力，您有没有呼吸费力、吞咽不顺、饮水呛咳、面部无力，或者心慌、出汗异常？患者：两边差不多，确实是从脚往上走，最近胸口有点闷，需要深呼吸，喝水偶尔觉得慢。现在没有明显大小便失禁，但走路越来越不稳。医生：关于既往史，您之前有没有因为神经、头部、肌肉无力或意识变化等问题就医？平时有什么基础病？患者：以前没有类似四肢对称无力，也没长期慢性病。医生：再了解一下家族情况。您的父母、兄弟姐妹或子女中，有没有人出现过类似症状，或有相关的长期疾病？患者：没有遗传病史，家里人多数只是普通高血压、糖尿病。医生：平时生活习惯方面，是否经常久坐、熬夜、饮食偏咸偏油、饮酒吸烟？发作前有没有特别劳累或不适？患者：发病前和朋友烧烤，吃过没完全熟的鸡肉，之后拉了几天肚子。
,,医生：您好，看您脸色煞白，今天主要是怎么个情况让您赶紧来急诊的？患者：医生，我刚才在浴室洗澡，热水刚冲到头上，我突然听到一阵极其刺耳的电锯声，但家里明明没人在装修。还没等我反应过来，我就人事不省了。我老婆听到动静跑进来，发现我赤身裸体倒在地上，全身僵硬，不停地抽搐。我现在觉得非常丢人，而且头痛得要命。医生：浴室这种环境突发意识丧失非常危险。在听到奇怪的声音之前，您有没有看到什么五颜六色的闪光，或者觉得肚子里翻江倒海的恶心？事后肌肉酸不酸？患者：没看到闪光，但当时确实觉得一阵恶心想吐。现在浑身肌肉酸痛得不想动弹，只想躺着休息。医生：这种发作前的幻听是非常有定位价值的先兆。您以前有没有得过脑膜炎，或者做过脑部CT提示有微小的钙化点？患者：我八岁的时候得过结核性脑膜炎，当时病情挺重，治了半年才好，医生说脑膜上可能会留点疤痕。医生：好的，这个颅内感染病史很关键。您的家族里，比如父母或者祖父母，有没有人得过容易突然晕倒抽搐的疾病？患者：没有，家里人都没有这种毛病。医生：最后问问您的生活细节，您发病前是不是长时间在密闭环境里待着？或者最近极度劳累？患者：最近连续加了一个星期的班，极度疲劳。今天也是觉得太累了想洗个很热的热水澡放松一下，浴室里雾气大得很闷，突然就出事了。,医生：您好，您这次来看诊，主要是哪方面的问题？患者：医生您好，主要是感冒后出现双腿乏力。前几天还只是脚底麻，现在膝盖以下都木，走路发飘，今天连拧瓶盖都费劲。医生：请您描述一下发作或加重时的样子，包括持续时间、部位和对日常活动的影响。患者：大概从十来天前开始，最初不明显，后来越来越影响走路和做事，休息后也不一定完全好。医生：我还要问一些细节：这种无力是不是两侧差不多？有没有从脚往上发展？有没有腰背痛或肢体疼痛？患者：大小便还可以，但出汗比平时多，心里发慌，家人说我笑起来脸有点僵。没有明显发热了，头脑清楚，就是四肢越来越没力。医生：我再问一下过去的身体情况：以前出现过这样的症状吗？有没有长期疾病、外伤、手术或正在服用的药物？患者：以前没有类似四肢对称无力，也没长期慢性病。医生：家里直系亲属有没有发生过类似的肢体无力、抽搐、手抖、说话或走路异常等情况？患者：家族里没有明确神经系统方面疾病。医生：最后问一下，近期有没有旅行、腹泻或感冒，是否接触特殊环境？平常作息和运动规律吗？患者：前阵子旅游吃了海鲜和路边摊，回来后肠胃不舒服，后来才出现腿软。
,,医生：您好，看您是由交警同志送过来的，路上发生什么事了？患者：医生，我现在心都在狂跳。我刚才开着车在快速路上，不知道怎么回事，突然就觉得脑子一片空白，失去了知觉。交警说我的车直接擦着护栏开出去了十几米才停下。等我被叫醒的时候，发现自己咬破了舌头，满嘴都是血，整个人像虚脱了一样，他们说我在车里抽搐了好一会儿。医生：驾驶时发生突发的意识丧失和抽搐，后果不堪设想。在您完全失去知觉前的那几秒钟，有没有觉得胃里很不舒服，有一股气往上翻？或者看到什么五颜六色的闪光？患者：有！我当时正看着前面的路，突然觉得胃里一阵恶心翻腾，像坐电梯突然下降那种失重感，接着就有一种强烈的恐惧感袭来，然后就断片了。医生：这种胃气上升和恐惧感是非常重要的先兆。您以前有没有查出过脑部有血管畸形，或者头部受过重伤？患者：三年前我从楼梯上滚下来过，当时诊断是硬膜下血肿，后来保守治疗吸收了，就没再复查。医生：明白了。您的家族里，比如您的长辈，有没有人有过不明原因的晕厥或者抽搐病史？患者：我爷爷以前有过这种毛病，突然就倒在地上不省人事，过一会儿又自己醒了。医生：最后问问，您平时的工作性质是不是经常需要熬夜？或者发病前有没有过度疲劳？患者：我是跑长途运输的，经常连夜开车，为了提神，我每天都要喝好几罐红牛，抽好几包烟，作息完全是颠倒的。,医生：您好，今天主要因为什么不舒服来就诊？患者：医生您好，主要是行走不稳伴肢体酸痛。前几天还只是脚底麻，现在膝盖以下都木，走路发飘，今天连拧瓶盖都费劲。医生：请您描述一下发作或加重时的样子，包括持续时间、部位和对日常活动的影响。患者：大概从半天前开始，最初不明显，后来越来越影响走路和做事，休息后也不一定完全好。医生：我还要问一些细节：这种无力是不是两侧差不多？有没有从脚往上发展？有没有腰背痛或肢体疼痛？患者：大小便还可以，但出汗比平时多，心里发慌，家人说我笑起来脸有点僵。现在没有明显大小便失禁，但走路越来越不稳。医生：关于既往史，您之前有没有因为神经、头部、肌肉无力或意识变化等问题就医？平时有什么基础病？患者：一个月前打过针后有点发热，之后一直乏力，最近明显加重。医生：家里直系亲属有没有发生过类似的肢体无力、抽搐、手抖、说话或走路异常等情况？患者：家里没有人出现过这种从脚往上麻、四肢无力的情况。医生：我还想了解生活和诱因：最近睡眠、压力、饮食、饮酒、吸烟、运动，以及外出或特殊接触情况如何？患者：最近出差劳累，睡眠少，感冒后仍继续上班，没有好好休息。
,,医生：您好，请坐，看您右手一直托着左胳膊，今天是哪里感觉不对劲？患者：大夫，我这左胳膊今天像中了邪一样。刚才在地铁上，我左手正握着扶手，大拇指和食指突然开始不受控制地猛烈抽动，接着整条左胳膊都开始剧烈甩动。我吓坏了，用右手死死抱住左胳膊都没用。大概抖了半分钟，我眼前一黑就倒在车厢里了。醒来的时候已经在救护车上了。医生：这种从局部手指开始抽动，然后蔓延到全身失去意识的情况，必须要立刻查明原因。在您失去意识倒下之前，有没有闻到过奇怪的金属味或烧焦味？或者现在醒来后，觉得这只左胳膊一点力气都没有，像瘫痪了一样？患者：怪味倒没有闻到。但我现在这左胳膊真的是一点劲都使不上，软绵绵的，连拿个手机都拿不稳。而且我现在头痛得厉害，像有人在里面拿锤子敲一样。医生：发作后的肢体短暂无力和头痛是很常见的后续反应。那您以前大脑有没有受过外伤，比如出过车祸，或者有过脑出血的情况？患者：五年前我因为高血压，有过一次极少量的脑出血，当时没做手术，保守治疗吸收了，医生说可能会留个小疤痕。医生：这确实是个不可忽视的既往史。您的直系亲属里，比如您的父母或者祖父母，有没有人有过这种突发的抽搐，或者有类似的神经系统病史？患者：没有，我们家亲戚身体都挺硬朗的，没听说谁有这种一抽一抽的怪病。医生：明白了。最后问问您平时的生活习惯，您平时是不是经常熬夜、不按时吃饭，导致极度疲劳？患者：最近为了赶一个工程进度，我已经连着熬了三个通宵了，吃饭也是饥一顿饱一顿的，确实疲劳到了极点。,医生：您好，请您从最开始的不舒服说起，哪里最明显？患者：医生您好，主要是四肢麻木无力逐渐加重。前几天还只是脚底麻，现在膝盖以下都木，走路发飘，今天连拧瓶盖都费劲。医生：请您描述一下发作或加重时的样子，包括持续时间、部位和对日常活动的影响。患者：开始时比较轻，我以为能缓过去，但这两天家里人也看出不对，日常吃饭、穿衣或走路都受影响。医生：除了麻木无力，您有没有呼吸费力、吞咽不顺、饮水呛咳、面部无力，或者心慌、出汗异常？患者：大小便还可以，但出汗比平时多，心里发慌，家人说我笑起来脸有点僵。现在没有明显大小便失禁，但走路越来越不稳。医生：关于既往史，您之前有没有因为神经、头部、肌肉无力或意识变化等问题就医？平时有什么基础病？患者：发病前十来天拉过肚子，还有点低烧，自己吃药后好了。医生：家里直系亲属有没有发生过类似的肢体无力、抽搐、手抖、说话或走路异常等情况？患者：父母和兄弟姐妹都没有类似病史，也没听说亲戚长期肢体无力。医生：平时生活习惯方面，是否经常久坐、熬夜、饮食偏咸偏油、饮酒吸烟？发作前有没有特别劳累或不适？患者：最近出差劳累，睡眠少，感冒后仍继续上班，没有好好休息。
,,医生：您好，看您是由同学陪着来的，今天发生了什么事？患者：医生，我是个大学生。今天在操场上看演出，舞台上的灯光闪得特别厉害。我看着看着，突然觉得一阵恶心，接着眼前一黑就什么都不知道了。同学说我直挺挺地往后倒，全身抽搐，嘴里吐着白沫，把大家都吓坏了。我醒来发现自己舌头咬破了，全是血。医生：在强光闪烁环境下突发意识丧失和抽搐，这是需要高度警惕的。在您倒下前，除了恶心，有没有觉得肚子里有气往上冲？事后是不是觉得特别困倦和肌肉酸痛？患者：倒下前确实觉得胃里有一股气往上冲，心里特别慌。现在觉得全身肌肉像刚跑完一万米一样酸痛，而且困得连眼睛都睁不开。医生：这种发作后的极度疲劳和肌肉痛很常见。回忆一下过去，您小的时候有没有受过头部外伤，或者因为高热发生过惊厥？患者：我妈说我三岁多的时候发高烧到四十度，曾经抽过去一次。医生：好的，颅内感染或高热惊厥的病史很重要。那您的父母或者兄弟姐妹中，有没有人也有过这种突然晕倒抽搐的情况？患者：我亲舅舅以前就有这个毛病，听说也是受不了闪光刺激。医生：了解了。最后了解一下您最近的生活状态，是不是天天熬夜看书打游戏？睡眠质量怎么样？患者：马上期末考试了，天天熬夜复习到凌晨三点，睡眠严重不足，今天看演出前已经觉得头晕乎乎的了。,医生：您好，今天主要因为什么不舒服来就诊？患者：医生您好，主要是行走不稳伴肢体酸痛。大概半天前先是双脚发麻，像踩棉花，后来小腿也没劲，这两天手指也开始麻，拿东西不稳。医生：我明白了。请您再具体说说，当时最早出现的症状是什么，后来又有什么变化？患者：发作时自己有些害怕，持续时间和程度不太固定，但最近次数或程度都比以前多。医生：我还要问一些细节：这种无力是不是两侧差不多？有没有从脚往上发展？有没有腰背痛或肢体疼痛？患者：有腰背酸痛和小腿疼，脚底踩不实，走路要扶着墙，双手也开始麻。没有明显发热了，头脑清楚，就是四肢越来越没力。医生：之前身体状况怎么样？有没有类似症状、慢性病、外伤史，或体检提示过异常？患者：两周前感冒过，咳嗽、发热几天，后来刚好就开始腿软。医生：家里直系亲属有没有发生过类似的肢体无力、抽搐、手抖、说话或走路异常等情况？患者：家族里没有明确神经系统方面疾病。医生：最后了解一下生活习惯。您平时作息、饮食、运动、吸烟饮酒情况怎么样？最近有没有劳累、熬夜、感染或情绪波动？患者：最近出差劳累，睡眠少，感冒后仍继续上班，没有好好休息。
,,医生：您好，看您捂着右边胳膊，今天是遇到了什么突发状况？患者：医生，我刚才在办公室开会的时候，右胳膊简直像疯了一样。我右手正拿着笔做记录，大拇指和食指突然开始不受控制地猛烈抽动，接着整条右胳膊都开始剧烈甩动，笔都被甩飞了。我吓坏了，用左手死死抱住右胳膊都没用。大概抖了半分钟，我眼前一黑就倒在会议室地上了。醒来的时候同事说我在地上抽搐吐白沫。医生：这种从局部手指开始抽动，然后蔓延到全身失去意识的情况，不能掉以轻心。在您倒下之前，有没有看到眼前有什么五颜六色的闪光？或者醒来后觉得这只右胳膊一点力气都没有？患者：闪光倒没看到。但我醒过来之后，这只右胳膊真的是软绵绵的，像面条一样抬不起来，现在过了大概半个多小时了才慢慢能动弹点。医生：这种发作后的肢体短暂无力是有定位意义的。您以前大脑有没有受过外伤？或者脑子里长过什么寄生虫、囊肿之类的？患者：十几年前我在老家吃过那种没烤熟的猪肉，后来得过脑囊虫病，当时吃了不少打虫药。医生说脑子里可能会留下几个小的钙化点。医生：好的，这个脑部寄生虫感染史很有参考价值。那您的兄弟姐妹或者长辈里，有没有人有类似的抽动或者突然倒地的毛病？患者：没有，家里亲戚都没听说过这种病。医生：了解了。最后了解下，您昨天晚上是不是长时间盯着电脑屏幕加班？或者最近睡眠极度匮乏？患者：最近有个大项目要交付，我已经连着熬了两个通宵写代码了，全靠喝红牛吊着精神，确实累到了极点。,医生：您好，今天主要因为什么不舒服来就诊？患者：医生您好，主要是感冒后出现双腿乏力。大概十来天前先是双脚发麻，像踩棉花，后来小腿也没劲，这两天手指也开始麻，拿东西不稳。医生：请您描述一下发作或加重时的样子，包括持续时间、部位和对日常活动的影响。患者：开始时比较轻，我以为能缓过去，但这两天家里人也看出不对，日常吃饭、穿衣或走路都受影响。医生：除了麻木无力，您有没有呼吸费力、吞咽不顺、饮水呛咳、面部无力，或者心慌、出汗异常？患者：大小便还可以，但出汗比平时多，心里发慌，家人说我笑起来脸有点僵。没有明显发热了，头脑清楚，就是四肢越来越没力。医生：关于既往史，您之前有没有因为神经、头部、肌肉无力或意识变化等问题就医？平时有什么基础病？患者：以前没有类似四肢对称无力，也没长期慢性病。医生：您的家人中有没有人年轻或年老后出现过相似表现，或者被反复要求做头部、神经方面检查？患者：父母和兄弟姐妹都没有类似病史，也没听说亲戚长期肢体无力。医生：平时生活习惯方面，是否经常久坐、熬夜、饮食偏咸偏油、饮酒吸烟？发作前有没有特别劳累或不适？患者：最近出差劳累，睡眠少，感冒后仍继续上班，没有好好休息。
,,医生：您好，请坐，今天是遇到了什么突发状况？患者：大夫，我昨天在超市排队结账，突然感觉眼前的一切变得特别不真实，好像整个世界都放慢了。接着我听到一种奇怪的“滴答滴答”的声音。理货员说我当时两眼发直，手里拿着的牛奶掉在地上砸破了，不管怎么叫我我都没反应，持续了快两分钟。医生：这种伴随幻听和发呆的意识障碍需要高度重视。除了听到奇怪的声音，您发作前有没有觉得胃里有股气往上冲？回过神来后是不是觉得特别困？患者：对！发作前确实觉得胃里一阵翻腾，像有一股气顶到嗓子眼。清醒后觉得特别疲倦，脑子像一团浆糊，恨不得马上躺下睡一觉。医生：这些症状很有定位价值。您小时候有没有因为高烧发生过惊厥？或者头部受过大伤？患者：我妈说我两岁多的时候因为肺炎高烧，抽风过两次。外伤倒是没有。医生：好的。那您的父母或者兄弟姐妹中，有没有人也有过这种突然发呆或者晕倒的情况？患者：我亲妹妹上中学的时候，也有过经常上课走神发呆的毛病，后来一直在吃药。医生：明白了。最后了解一下您最近的生活状态，是不是天天熬夜？有没有长时间盯着闪烁的屏幕？患者：最近迷上了一款手机游戏，天天熬夜玩到凌晨三四点，屏幕光一直闪，睡眠严重不足。,医生：您好，请您从最开始的不舒服说起，哪里最明显？患者：医生您好，主要是感冒后出现双腿乏力。最近走路不稳，双腿没力气，蹲下站起来困难，手也有针刺感。医生：好的。这个情况持续了多久？中间有没有完全缓解，还是一直存在或越来越明显？患者：中间有过短暂好一点的时候，但总体比刚开始重，尤其到晚上或活动后更明显。医生：我还要问一些细节：这种无力是不是两侧差不多？有没有从脚往上发展？有没有腰背痛或肢体疼痛？患者：有腰背酸痛和小腿疼，脚底踩不实，走路要扶着墙，双手也开始麻。没有明显发热了，头脑清楚，就是四肢越来越没力。医生：之前身体状况怎么样？有没有类似症状、慢性病、外伤史，或体检提示过异常？患者：发病前十来天拉过肚子，还有点低烧，自己吃药后好了。医生：再了解一下家族情况。您的父母、兄弟姐妹或子女中，有没有人出现过类似症状，或有相关的长期疾病？患者：家族里没有明确神经系统方面疾病。医生：平时生活习惯方面，是否经常久坐、熬夜、饮食偏咸偏油、饮酒吸烟？发作前有没有特别劳累或不适？患者：平时久坐，运动少，近期压力大，但没有接触特殊化学品。
,,医生：您好，看您是由家属搀扶进来的，今天发生了什么事？患者：医生，我现在觉得非常害怕。今天早上我在厨房煮粥，突然感觉胃里一阵翻腾，像有一股气往上冲。接着我老婆说，我两眼发直，右手不停地去抓空气，像是在找什么东西，嘴里还在不停地咀嚼、吞咽，其实我嘴里什么都没有。过了两三分钟我才清醒过来，但我自己完全不知道我干了什么，粥都煮糊了。医生：这种伴随无意识摸索和咀嚼动作的发作，是非常值得警惕的。在您发作前，除了胃里有气往上冲，有没有闻到奇怪的臭味？或者发作后觉得头特别痛，全身没力气？患者：我当时确实闻到了一股像臭鸡蛋一样的味道，我还以为是煤气漏了。清醒过来之后，我就觉得头痛欲裂，整个人像虚脱了一样，一点力气都没有。医生：好的，这些先兆症状很重要。您以前有没有过脑炎或者脑膜炎的病史？头部有没有受过重创？患者：十二岁的时候得过一次脑炎，当时高烧退不下来，在医院住了挺长一段时间。医生：这确实是个相关的既往史。您的家族里，有没有人有过类似的突然意识不清、做奇怪动作的病史？患者：我外婆以前老了的时候，偶尔会突然发呆，嘴里吧嗒吧嗒地响，但我们以为是老糊涂了。医生：了解了。最后问问您平时的生活习惯，最近是不是工作特别紧张，睡眠严重不足？患者：最近年底结账，我是财务，天天对着电脑算账到后半夜，每天只能睡三个小时，精神压力快到极限了。,医生：您好，请您从最开始的不舒服说起，哪里最明显？患者：医生您好，主要是感冒后出现双腿乏力。一开始是两条腿酸痛、乏力，上楼困难，后来双手也发麻，症状是慢慢往上发展的。医生：这些表现是突然出现还是逐渐加重？大概从什么时候开始，最明显影响到什么活动？患者：中间有过短暂好一点的时候，但总体比刚开始重，尤其到晚上或活动后更明显。医生：除了麻木无力，您有没有呼吸费力、吞咽不顺、饮水呛咳、面部无力，或者心慌、出汗异常？患者：两边差不多，确实是从脚往上走，最近胸口有点闷，需要深呼吸，喝水偶尔觉得慢。医生：关于既往史，您之前有没有因为神经、头部、肌肉无力或意识变化等问题就医？平时有什么基础病？患者：两周前感冒过，咳嗽、发热几天，后来刚好就开始腿软。医生：从家族史方面看，家里有没有人有类似发作，或者长期的神经系统、肌肉无力、脑血管方面问题？患者：家族里没有明确神经系统方面疾病。医生：最后了解一下生活习惯。您平时作息、饮食、运动、吸烟饮酒情况怎么样？最近有没有劳累、熬夜、感染或情绪波动？患者：发病前和朋友烧烤，吃过没完全熟的鸡肉，之后拉了几天肚子。
,,医生：您好，看您脸色煞白，下巴上还有擦伤，今天是遇到了什么突发状况？患者：大夫，我今天早上刚起床，坐在床边想穿袜子，突然感觉双臂像被高压电击了一下，猛地往上一甩，手里拿着的袜子直接飞了出去。我刚想站起来，结果双腿也是猛地一抽，整个人直接摔倒在地，下巴磕在柜角上，瞬间就失去了知觉。我老婆说我倒在地上全身僵硬，抽搐了好一会儿。医生：这种早晨起床时突发的肌肉快速抽动，紧接着全身抽搐，是非常典型的发作过程。在您失去知觉前，有没有闻到奇怪的臭味，或者看到五颜六色的闪光？事后有没有觉得极度疲劳和肌肉酸痛？患者：没看到闪光和怪味。但醒来后真的是全身酸痛，骨头都快散架了，头痛得像要炸开一样，而且困得连眼睛都睁不开。医生：好的，这些发作后的症状我记下了。您以前大脑有没有受过外伤？或者有没有长过什么脑部肿瘤？患者：上高中的时候打篮球，被人撞倒后脑勺着地，当时昏迷了半个多小时，医生说是轻度脑震荡，后来也没啥后遗症。医生：这个外伤史很重要。您的家族里，有没有人有过不明原因的突然抽搐或者晕倒？患者：我大伯以前有过这种毛病，听说是受了刺激后会倒在地上抽风吐白沫。医生：明白了。最后问问您的生活习惯，您昨晚是不是睡眠特别差？或者有大量饮酒的习惯？患者：昨晚朋友过生日，我喝了快半斤白酒，凌晨三点才睡，今天一大早又被闹钟吵醒，强撑着起床，脑子昏昏沉沉的。,医生：您好，您这次来看诊，主要是哪方面的问题？患者：医生您好，主要是行走不稳伴肢体酸痛。前几天还只是脚底麻，现在膝盖以下都木，走路发飘，今天连拧瓶盖都费劲。医生：我明白了。请您再具体说说，当时最早出现的症状是什么，后来又有什么变化？患者：开始时比较轻，我以为能缓过去，但这两天家里人也看出不对，日常吃饭、穿衣或走路都受影响。医生：除了麻木无力，您有没有呼吸费力、吞咽不顺、饮水呛咳、面部无力，或者心慌、出汗异常？患者：两边差不多，确实是从脚往上走，最近胸口有点闷，需要深呼吸，喝水偶尔觉得慢。没有明显发热了，头脑清楚，就是四肢越来越没力。医生：我再问一下过去的身体情况：以前出现过这样的症状吗？有没有长期疾病、外伤、手术或正在服用的药物？患者：两周前感冒过，咳嗽、发热几天，后来刚好就开始腿软。医生：家里直系亲属有没有发生过类似的肢体无力、抽搐、手抖、说话或走路异常等情况？患者：家族里没有明确神经系统方面疾病。医生：最后了解一下生活习惯。您平时作息、饮食、运动、吸烟饮酒情况怎么样？最近有没有劳累、熬夜、感染或情绪波动？患者：发病前和朋友烧烤，吃过没完全熟的鸡肉，之后拉了几天肚子。
,,医生：您好，别着急，慢慢说今天是怎么个情况让您赶紧来医院的？患者：大夫，我今天在开会的时候，看着手里的报表，突然觉得那些字变得特别大，而且扭曲变形。紧接着我闻到一股刺鼻的橡胶烧焦味。同事说我当时两眼发直，嘴里不停地发出“啧啧”的声音，双手还在不停地搓衣角。过了两三分钟我才恢复过来。医生：这种伴随视觉变形、幻嗅以及无意识小动作的发作，我们必须查明原因。您在清醒过来之后，有没有觉得头特别痛，或者完全不记得刚才发生了什么？患者：清醒过来后我完全不知道刚才发生了什么，同事告诉我我还不信。现在头痛得厉害，像有人在里面拿针扎一样。医生：这些先兆和发作后状态非常关键。您以前有没有做过脑部的手术？或者有过颅内感染的病史？患者：八年前我脑子里长过一个囊肿，做过微创手术抽掉过。脑炎没得过。医生：这确实是个非常重要的既往史。那您的家族里，有没有人有类似不明原因的发呆，或者做奇怪动作的病史？患者：没有，家里人都没有这种毛病。医生：明白了。最后问问您平时的生活习惯，最近是不是工作压力极大，经常熬夜？患者：最近为了赶项目进度，天天加班到半夜，每天靠喝浓咖啡强撑着，神经一直处于高度紧绷状态。,医生：您好，我先了解一下，最让您担心的症状是什么？患者：医生您好，主要是双下肢无力伴踩棉花感。前几天还只是脚底麻，现在膝盖以下都木，走路发飘，今天连拧瓶盖都费劲。医生：这些表现是突然出现还是逐渐加重？大概从什么时候开始，最明显影响到什么活动？患者：开始时比较轻，我以为能缓过去，但这两天家里人也看出不对，日常吃饭、穿衣或走路都受影响。医生：除了麻木无力，您有没有呼吸费力、吞咽不顺、饮水呛咳、面部无力，或者心慌、出汗异常？患者：有腰背酸痛和小腿疼，脚底踩不实，走路要扶着墙，双手也开始麻。没有明显发热了，头脑清楚，就是四肢越来越没力。医生：之前身体状况怎么样？有没有类似症状、慢性病、外伤史，或体检提示过异常？患者：一个月前打过针后有点发热，之后一直乏力，最近明显加重。医生：从家族史方面看，家里有没有人有类似发作，或者长期的神经系统、肌肉无力、脑血管方面问题？患者：家族里没有明确神经系统方面疾病。医生：我还想了解生活和诱因：最近睡眠、压力、饮食、饮酒、吸烟、运动，以及外出或特殊接触情况如何？患者：最近出差劳累，睡眠少，感冒后仍继续上班，没有好好休息。
,,医生：您好，请坐，看您一直揉着后脑勺，今天是怎么个不舒服法？患者：大夫，我今天真是从鬼门关走了一遭。我在马路上骑着自行车，正等红绿灯呢，突然感觉肚子里面有一股热气，像喷泉一样直接冲到了脑门上。紧接着我眼前一黑，就什么都不知道了。等我醒来的时候，人已经躺在马路边上了，路人说是看我突然连人带车倒在地上，全身抽筋，吓得他们赶紧打了120。我现在后脑勺摔了一个大包，疼得要命。医生：在马路上突发意识丧失和抽搐是非常危险的。除了倒下前的这股气上冲，您有没有闻到奇怪的味道，或者现在觉得全身肌肉酸痛、想一直睡觉？患者：没有怪味。但是那股气冲上来的感觉太可怕了，让人心里发慌。我现在确实觉得全身上下的肌肉都像被人拉扯过一样酸痛，而且困得连眼睛都睁不开，就想找张床睡个三天三夜。医生：这种发作后的极度疲劳和肌肉酸痛是典型的反应。回忆一下过去，您小的时候有没有得过脑炎？或者曾经有过高热惊厥？患者：我记得上初中的时候，得过一次病毒性脑膜炎，当时头痛得满地打滚，还做了腰椎穿刺，住院住了一个多月才好。医生：好的，颅内感染的病史很重要。那您的父母或者兄弟姐妹中，有没有人也有过类似的突然抽搐晕倒的情况？患者：我母亲年轻的时候，有一次在田里干活，也是突然就倒在地上抽筋了，但后来再也没犯过，不知道跟这个有没有关系。医生：了解了。最后了解一下，您昨天晚上是不是熬夜了？或者最近有没有大量喝酒、喝咖啡？患者：昨晚朋友聚会，我喝了大概半斤多的高度白酒，回到家已经凌晨三点了，今天早上又起得很早赶去上班，确实是又累又困。,医生：您好，我先了解一下，最让您担心的症状是什么？患者：医生您好，主要是感冒后出现双腿乏力。最近走路不稳，双腿没力气，蹲下站起来困难，手也有针刺感。医生：好的。这个情况持续了多久？中间有没有完全缓解，还是一直存在或越来越明显？患者：大概从1个月前开始，最初不明显，后来越来越影响走路和做事，休息后也不一定完全好。医生：除了麻木无力，您有没有呼吸费力、吞咽不顺、饮水呛咳、面部无力，或者心慌、出汗异常？患者：大小便还可以，但出汗比平时多，心里发慌，家人说我笑起来脸有点僵。医生：接下来了解既往情况。您以前有没有类似发作或类似不适？平时有没有慢性病、住院史，或做过相关检查？患者：一个月前打过针后有点发热，之后一直乏力，最近明显加重。医生：家里直系亲属有没有发生过类似的肢体无力、抽搐、手抖、说话或走路异常等情况？患者：家族里没有明确神经系统方面疾病。医生：最后了解一下生活习惯。您平时作息、饮食、运动、吸烟饮酒情况怎么样？最近有没有劳累、熬夜、感染或情绪波动？患者：平时久坐，运动少，近期压力大，但没有接触特殊化学品。
,,医生：您好，别紧张，慢慢说今天是怎么个情况让您赶紧来医院的？患者：大夫，我是个高中生，今天在教室上课的时候，我感觉周围的一切突然变得非常陌生，而且有一种极度的恐惧感，好像有什么可怕的事情要发生。紧接着我眼前一黑就什么都不知道了。同桌说我从椅子上滑了下去，四肢僵硬，不停地抽搐。大概过了一分多钟才停下来。医生：这种伴随极度恐惧感后突发的意识丧失和抽搐，确实很让人害怕。在失去意识前，除了恐惧，有没有闻到烧焦的橡胶味？醒来之后感觉怎么样？患者：发作前确实闻到了一股刺鼻的烧焦味，我还以为哪里电线短路了。现在醒过来感觉头痛得像要裂开一样，四肢肌肉酸痛得连拿笔的力气都没有。医生：发作后的头痛和肌肉酸痛是常见现象。您以前大脑有没有受过外伤，比如出过车祸，或者得过脑膜炎？患者：小学三年级的时候得过病毒性脑膜炎，当时头痛发烧，住了大半个月的院。医生：这确实是个不可忽视的病史。您的直系亲属里，有没有人有过这种突发的抽搐？患者：我亲叔叔以前有过类似的情况，听说是受了惊吓就容易犯病。医生：明白了。最后问问，您平时是不是经常熬夜玩手机？发病前是不是长时间没有休息？患者：最近马上要期末考试了，我天天晚上躲在被窝里用手机刷题到凌晨两三点，睡眠严重不足。,医生：您好，请您从最开始的不舒服说起，哪里最明显？患者：医生您好，主要是双下肢无力伴踩棉花感。大概1个月前先是双脚发麻，像踩棉花，后来小腿也没劲，这两天手指也开始麻，拿东西不稳。医生：好的。这个情况持续了多久？中间有没有完全缓解，还是一直存在或越来越明显？患者：中间有过短暂好一点的时候，但总体比刚开始重，尤其到晚上或活动后更明显。医生：近期有没有感觉手脚反射变迟钝、走路踩不实，或者需要扶墙才能走？大小便有没有变化？患者：大小便还可以，但出汗比平时多，心里发慌，家人说我笑起来脸有点僵。医生：我再问一下过去的身体情况：以前出现过这样的症状吗？有没有长期疾病、外伤、手术或正在服用的药物？患者：一个月前打过针后有点发热，之后一直乏力，最近明显加重。医生：再了解一下家族情况。您的父母、兄弟姐妹或子女中，有没有人出现过类似症状，或有相关的长期疾病？患者：家里没有人出现过这种从脚往上麻、四肢无力的情况。医生：我还想了解生活和诱因：最近睡眠、压力、饮食、饮酒、吸烟、运动，以及外出或特殊接触情况如何？患者：平时久坐，运动少，近期压力大，但没有接触特殊化学品。
,,医生：您好，看您是由朋友搀扶着进来的，今天发生了什么事？患者：医生，我在KTV里出了大丑。包厢里那种五颜六色的球灯转得特别快，一闪一闪的。我看着看着，突然觉得一阵强烈的恶心，接着眼前一黑就什么都不知道了。朋友说我直挺挺地往后倒在沙发上，全身抽筋，嘴里吐着白沫。我醒来发现自己不仅舌头咬破了，还把茶几给踢翻了。医生：在强光闪烁环境下突发意识丧失和全身抽搐，这是我们需要高度警惕的情况。在您倒下前，除了恶心，有没有觉得肚子里有气往上冲？事后是不是觉得特别困倦？患者：倒下前确实觉得胃里有一股气往上冲，心里慌得要命。现在觉得全身肌肉像刚跑完一万米一样酸痛，而且困得眼睛都睁不开，就想睡一觉。医生：这种发作后的极度疲劳和肌肉痛很典型。回忆一下过去，您小的时候有没有受过头部外伤，或者因为高热发生过惊厥？患者：我妈说我三岁多的时候发高烧到四十度，曾经抽过去一次，嘴唇都紫了。医生：好的，高热惊厥的病史很重要。那您的父母或者兄弟姐妹中，有没有人也有过这种受不了闪光刺激就突然晕倒抽搐的情况？患者：我亲舅舅以前就有这个毛病，也是在舞厅里灯光一闪就容易倒地抽风。医生：了解了。最后了解一下您最近的生活状态，是不是天天熬夜，或者昨天在KTV喝了大量的酒？患者：昨天确实喝了不少洋酒，加上最近工作连轴转，已经好几天没睡过一个囫囵觉了。,医生：您好，您这次来看诊，主要是哪方面的问题？患者：医生您好，主要是手脚麻木向上发展。前几天还只是脚底麻，现在膝盖以下都木，走路发飘，今天连拧瓶盖都费劲。医生：我明白了。请您再具体说说，当时最早出现的症状是什么，后来又有什么变化？患者：大概从1天前开始，最初不明显，后来越来越影响走路和做事，休息后也不一定完全好。医生：除了麻木无力，您有没有呼吸费力、吞咽不顺、饮水呛咳、面部无力，或者心慌、出汗异常？患者：两边差不多，确实是从脚往上走，最近胸口有点闷，需要深呼吸，喝水偶尔觉得慢。没有明显发热了，头脑清楚，就是四肢越来越没力。医生：关于既往史，您之前有没有因为神经、头部、肌肉无力或意识变化等问题就医？平时有什么基础病？患者：两周前感冒过，咳嗽、发热几天，后来刚好就开始腿软。医生：您的家人中有没有人年轻或年老后出现过相似表现，或者被反复要求做头部、神经方面检查？患者：家族里没有明确神经系统方面疾病。医生：最后了解一下生活习惯。您平时作息、饮食、运动、吸烟饮酒情况怎么样？最近有没有劳累、熬夜、感染或情绪波动？患者：发病前和朋友烧烤，吃过没完全熟的鸡肉，之后拉了几天肚子。
,,医生：您好，别着急，慢慢说今天是怎么个情况让您来医院的？患者：大夫，我今天在公司开会，看着大屏幕上的PPT，突然觉得那些字变得特别大，而且扭曲变形。紧接着我闻到一股刺鼻的橡胶烧焦味。同事说我当时两眼发直，嘴里不停地发出“啧啧”的声音，双手还在不停地搓衣角。过了两三分钟我才恢复过来。医生：这种伴随视觉变形、幻嗅以及无意识小动作的发作，我们必须查明原因。您在清醒过来之后，有没有觉得头特别痛，或者完全不记得刚才发生了什么？患者：清醒过来后我完全不知道刚才发生了什么，同事告诉我我还不信。现在头痛得厉害，像有人在里面拿针扎一样。医生：这些先兆和发作后状态非常关键。您以前有没有做过脑部的手术？或者有过颅内感染的病史？患者：八年前我脑子里长过一个囊肿，做过微创手术抽掉过。脑炎没得过。医生：这确实是个非常重要的既往史。那您的家族里，有没有人有类似不明原因的发呆，或者做奇怪动作的病史？患者：没有，家里人都没有这种毛病，我是头一个。医生：明白了。最后问问您平时的生活习惯，最近是不是工作压力极大，经常熬夜，睡眠被严重打乱？患者：最近为了赶项目进度，天天加班到半夜，每天靠喝浓咖啡强撑着，神经一直处于高度紧绷状态，根本没睡过几个好觉。,医生：您好，今天主要因为什么不舒服来就诊？患者：医生您好，主要是双下肢无力伴踩棉花感。最近走路不稳，双腿没力气，蹲下站起来困难，手也有针刺感。医生：请您描述一下发作或加重时的样子，包括持续时间、部位和对日常活动的影响。患者：发作时自己有些害怕，持续时间和程度不太固定，但最近次数或程度都比以前多。医生：除了麻木无力，您有没有呼吸费力、吞咽不顺、饮水呛咳、面部无力，或者心慌、出汗异常？患者：有腰背酸痛和小腿疼，脚底踩不实，走路要扶着墙，双手也开始麻。医生：之前身体状况怎么样？有没有类似症状、慢性病、外伤史，或体检提示过异常？患者：一个月前打过针后有点发热，之后一直乏力，最近明显加重。医生：从家族史方面看，家里有没有人有类似发作，或者长期的神经系统、肌肉无力、脑血管方面问题？患者：没有遗传病史，家里人多数只是普通高血压、糖尿病。医生：我还想了解生活和诱因：最近睡眠、压力、饮食、饮酒、吸烟、运动，以及外出或特殊接触情况如何？患者：最近出差劳累，睡眠少，感冒后仍继续上班，没有好好休息。
,,医生：您好，别紧张，慢慢说今天是怎么个情况让您赶紧来医院的？患者：大夫，我昨天在看一场演唱会，现场那个频闪灯光闪得特别刺眼。我看着看着，突然觉得脑袋里“嗡”的一声，然后就完全失去了意识。我朋友说我从座位上滑了下去，四肢僵硬，不停地抽搐，大概过了一分多钟才停下来。医生：这种在强光闪烁环境下突发的全身抽搐非常典型。在您失去意识前，除了觉得刺眼，有没有觉得胃里有一股热气往上涌？发作后现在感觉怎么样？患者：发作前确实觉得胃里一阵翻腾，像有一股气顶到了嗓子眼，心里特别慌。现在感觉头痛得像要裂开，四肢肌肉酸痛得连抬手的力气都没有。医生：发作后的头痛和肌肉酸痛是常见现象。您以前大脑有没有受过外伤，比如出过车祸，或者做过开颅手术？患者：五年前出过车祸，头撞在挡风玻璃上，当时有轻度脑挫伤，住了十几天院。手术没做过。医生：这确实是个不可忽视的病史。您的直系亲属里，有没有人有过这种突发的抽搐，或者受不了闪光刺激的毛病？患者：我亲叔叔以前有过类似的情况，听说也是看到闪光或者受惊吓就容易犯病。医生：明白了。最后问问，您平时是不是经常熬夜看手机屏幕？发病前是不是处于极度劳累的状态？患者：我是个视频剪辑师，天天对着电脑屏幕剪片子到半夜。昨天看演唱会前，我已经连续通宵赶项目两天了，确实累到了极点。,医生：您好，今天主要因为什么不舒服来就诊？患者：医生您好，主要是行走不稳伴肢体酸痛。大概十来天前先是双脚发麻，像踩棉花，后来小腿也没劲，这两天手指也开始麻，拿东西不稳。医生：好的。这个情况持续了多久？中间有没有完全缓解，还是一直存在或越来越明显？患者：大概从十来天前开始，最初不明显，后来越来越影响走路和做事，休息后也不一定完全好。医生：近期有没有感觉手脚反射变迟钝、走路踩不实，或者需要扶墙才能走？大小便有没有变化？患者：大小便还可以，但出汗比平时多，心里发慌，家人说我笑起来脸有点僵。医生：接下来了解既往情况。您以前有没有类似发作或类似不适？平时有没有慢性病、住院史，或做过相关检查？患者：以前没有类似四肢对称无力，也没长期慢性病。医生：从家族史方面看，家里有没有人有类似发作，或者长期的神经系统、肌肉无力、脑血管方面问题？患者：没有遗传病史，家里人多数只是普通高血压、糖尿病。医生：最后问一下，近期有没有旅行、腹泻或感冒，是否接触特殊环境？平常作息和运动规律吗？患者：前阵子旅游吃了海鲜和路边摊，回来后肠胃不舒服，后来才出现腿软。
,,医生：您好，看您是由老伴推着轮椅进来的，今天发生了什么可怕的事吗？患者：大夫，我昨天夜里真是差点没命了。我老伴说，我睡到半夜，突然发出一声像野兽一样的怪叫，然后在床上挺直了身子，全身剧烈抽筋，双手双脚把床板砸得咚咚响，嘴里全是白沫子。我今天早上醒来，发现自己不但把舌头边上咬下来一块肉，而且还把床单给尿湿了！这让我这张老脸往哪搁啊。医生：夜间睡眠中突发的全身抽搐，伴随尿失禁和舌咬伤，是非常典型的表现，您不需要觉得丢人。在您发作前，或者平时白天，有没有觉得眼前出现过锯齿状的闪光点，或者突然闻到过臭味？患者：您要是不提我都忘了，前天下午我看报纸的时候，确实觉得眼睛边缘有一圈像锯齿一样的彩光在闪，晃得我眼花。医生：这种视觉现象很重要。我们往前倒退看看，您以前有没有查出过脑血管的微小畸形，或者得过脑囊虫病？患者：二十多年前，我在老家确实得过脑囊虫病，当时吃了不少打虫药。后来大夫拍片子说脑子里留下了几个小的钙化点。医生：这绝对是一个关键的既往史。您的家族里，有没有人也有过这种睡梦中突然抽搐，或者白天突然摔倒抽风的情况？患者：没有，家里长辈都没听说过这种病。医生：明白了。最后问问您的生活习惯，您平时是不是每天都要大量喝酒？昨天晚上是不是喝得醉醺醺的才睡觉的？患者：我这人没啥爱好，就是顿顿离不开酒，昨天晚上跟几个老伙计聚餐，喝了快八两白酒，醉得连衣服都没脱就倒头睡了。,医生：您好，我先了解一下，最让您担心的症状是什么？患者：医生您好，主要是双下肢无力伴踩棉花感。大概十来天前先是双脚发麻，像踩棉花，后来小腿也没劲，这两天手指也开始麻，拿东西不稳。医生：请您描述一下发作或加重时的样子，包括持续时间、部位和对日常活动的影响。患者：大概从十来天前开始，最初不明显，后来越来越影响走路和做事，休息后也不一定完全好。医生：除了麻木无力，您有没有呼吸费力、吞咽不顺、饮水呛咳、面部无力，或者心慌、出汗异常？患者：两边差不多，确实是从脚往上走，最近胸口有点闷，需要深呼吸，喝水偶尔觉得慢。没有明显发热了，头脑清楚，就是四肢越来越没力。医生：我再问一下过去的身体情况：以前出现过这样的症状吗？有没有长期疾病、外伤、手术或正在服用的药物？患者：以前没有类似四肢对称无力，也没长期慢性病。医生：家里直系亲属有没有发生过类似的肢体无力、抽搐、手抖、说话或走路异常等情况？患者：父母和兄弟姐妹都没有类似病史，也没听说亲戚长期肢体无力。医生：最后了解一下生活习惯。您平时作息、饮食、运动、吸烟饮酒情况怎么样？最近有没有劳累、熬夜、感染或情绪波动？患者：发病前和朋友烧烤，吃过没完全熟的鸡肉，之后拉了几天肚子。
,,医生：您好，看您脸色煞白，今天主要是怎么个情况让您赶紧来急诊的？患者：医生，我刚才在浴室洗澡，热水刚冲到头上，我突然听到一阵极其刺耳的火车鸣笛声，但楼下根本没有铁轨。还没等我反应过来，我就人事不省了。我老婆听到动静跑进来，发现我赤身裸体倒在地上，全身僵硬，不停地抽搐。我现在觉得头痛得要命，骨头都快散架了。医生：浴室这种环境突发意识丧失非常危险。在听到奇怪的声音之前，您有没有看到什么五颜六色的闪光，或者觉得肚子里翻江倒海的恶心？事后肌肉酸不酸？患者：没看到闪光，但当时确实觉得一阵恶心想吐。现在浑身肌肉酸痛得不想动弹，只想躺着休息。医生：这种发作前的幻听是非常有定位价值的先兆。您以前有没有得过脑膜炎，或者做过脑部微创手术？患者：我八岁的时候得过结核性脑膜炎，当时病情挺重，治了半年才好，医生说脑膜上可能会留点瘢痕。医生：好的，这个颅内感染病史很关键。您的家族里，比如父母或者祖父母，有没有人得过容易突然晕倒抽搐的疾病？患者：没有，家里人都没有这种毛病。医生：最后问问您的生活细节，您发病前是不是长时间在密闭环境里待着？或者最近极度劳累、睡眠不足？患者：最近连续加了一个星期的班，每天只睡三个小时，极度疲劳。今天也是觉得太累了想洗个很热的热水澡放松一下，浴室里雾气大得很闷，突然就出事了。,医生：您好，请您从最开始的不舒服说起，哪里最明显？患者：医生您好，主要是四肢麻木无力逐渐加重。一开始是两条腿酸痛、乏力，上楼困难，后来双手也发麻，症状是慢慢往上发展的。医生：这些表现是突然出现还是逐渐加重？大概从什么时候开始，最明显影响到什么活动？患者：发作时自己有些害怕，持续时间和程度不太固定，但最近次数或程度都比以前多。医生：除了麻木无力，您有没有呼吸费力、吞咽不顺、饮水呛咳、面部无力，或者心慌、出汗异常？患者：大小便还可以，但出汗比平时多，心里发慌，家人说我笑起来脸有点僵。没有明显发热了，头脑清楚，就是四肢越来越没力。医生：我再问一下过去的身体情况：以前出现过这样的症状吗？有没有长期疾病、外伤、手术或正在服用的药物？患者：发病前十来天拉过肚子，还有点低烧，自己吃药后好了。医生：再了解一下家族情况。您的父母、兄弟姐妹或子女中，有没有人出现过类似症状，或有相关的长期疾病？患者：家里没有人出现过这种从脚往上麻、四肢无力的情况。医生：平时生活习惯方面，是否经常久坐、熬夜、饮食偏咸偏油、饮酒吸烟？发作前有没有特别劳累或不适？患者：前阵子旅游吃了海鲜和路边摊，回来后肠胃不舒服，后来才出现腿软。
,,医生：您好，请坐，看您神情有些恍惚，今天是遇到了什么突发状况？患者：大夫，我今天和相亲对象在咖啡厅喝咖啡，聊得正好的时候，我突然觉得眼前的场景有一种诡异的熟悉感，就好像这辈子早就经历过这个画面一样。然后相亲对象说，我突然两眼发直，不说话了，手里拿着勺子不停地敲咖啡杯的边缘，嘴里还吧嗒吧嗒作响。过了快两分钟我才回过神，但我完全不记得刚才发生了什么，非常丢人。医生：这种强烈的似曾相识感伴随无意识小动作和短暂意识中断，我们需要做详细检查。回过神来之后，有没有觉得极度的疲惫，或者头蒙蒙的痛？患者：对，缓过来之后就觉得头重脚轻的，脑子里像塞了团棉花，特别想找个地方躺下睡觉，浑身都没力气。医生：这种发作后的疲劳感是非常关键的描述。您以前大脑有没有查出过微小的血管畸形？或者受过严重的撞击？患者：五年前我出过一场车祸，头重重撞在挡风玻璃上，当时医生说有轻微脑挫伤，治好后我就没再复查过。医生：这个外伤史很重要。您的直系亲属里，有没有人有类似不明原因发呆，或者确诊过脑部异常放电的？患者：我亲妹妹以前经常突然发愣，后来去医院查说是脑电波异常，一直在吃药。医生：明白了。您最近是不是经常熬夜，或者有大量喝浓茶、咖啡提神的习惯？患者：最近为了准备一个重要的项目竞标，天天熬夜写方案到凌晨三四点，每天靠好几杯浓咖啡撑着，刚才又喝了一大杯冰美式。,医生：您好，您这次来看诊，主要是哪方面的问题？患者：医生您好，主要是感冒后出现双腿乏力。一开始是两条腿酸痛、乏力，上楼困难，后来双手也发麻，症状是慢慢往上发展的。医生：我明白了。请您再具体说说，当时最早出现的症状是什么，后来又有什么变化？患者：发作时自己有些害怕，持续时间和程度不太固定，但最近次数或程度都比以前多。医生：近期有没有感觉手脚反射变迟钝、走路踩不实，或者需要扶墙才能走？大小便有没有变化？患者：两边差不多，确实是从脚往上走，最近胸口有点闷，需要深呼吸，喝水偶尔觉得慢。现在没有明显大小便失禁，但走路越来越不稳。医生：之前身体状况怎么样？有没有类似症状、慢性病、外伤史，或体检提示过异常？患者：一个月前打过针后有点发热，之后一直乏力，最近明显加重。医生：家里直系亲属有没有发生过类似的肢体无力、抽搐、手抖、说话或走路异常等情况？患者：家族里没有明确神经系统方面疾病。医生：我还想了解生活和诱因：最近睡眠、压力、饮食、饮酒、吸烟、运动，以及外出或特殊接触情况如何？患者：发病前和朋友烧烤，吃过没完全熟的鸡肉，之后拉了几天肚子。
,,医生：您好，看您是由交警同志送过来的，路上发生什么事了？患者：医生，我现在手都在抖。我刚才开着车在高速上，不知道怎么回事，突然就觉得脑子一片空白，失去了知觉。交警说我的车直接擦着中央护栏开出去了几十米才停下。等我被叫醒的时候，发现自己咬破了舌头，满嘴都是血，他们说我在车里抽搐了好一会儿。医生：驾驶时发生突发的意识丧失和抽搐，后果不堪设想。在您完全失去知觉前的那几秒钟，有没有觉得闻到了什么奇怪的死老鼠味？或者看到什么五颜六色的光斑？患者：没有闻到怪味。但我当时正看着前面的路，突然觉得胃里一阵恶心翻腾，像坐电梯突然下降那种失重感，接着就有一种极度强烈的恐惧感袭来，好像有什么大灾难要发生，然后就断片了。医生：这种胃气上升和恐惧感是非常重要的发作先兆。您以前有没有查出过脑部有血管异常，或者小时候得过脑炎？患者：小学三年级的时候得过病毒性脑炎，当时头痛发烧，住了大半个月的院。医生：明白了。您的家族里，比如您的长辈，有没有人有过不明原因的晕厥或者抽搐病史？患者：我爷爷以前有过这种毛病，突然就倒在地上不省人事，过一会儿又自己醒了，家里人说是羊角风。医生：最后问问，您平时的工作性质是不是经常需要熬夜？或者发病前有没有过度疲劳、大量抽烟？患者：我是跑长途货运的，经常连夜开车，为了提神，我每天都要抽两三包烟，喝好几罐功能饮料，今天也是熬了一个通宵在开车。,医生：您好，请您从最开始的不舒服说起，哪里最明显？患者：医生您好，主要是感冒后出现双腿乏力。大概1个月前先是双脚发麻，像踩棉花，后来小腿也没劲，这两天手指也开始麻，拿东西不稳。医生：好的。这个情况持续了多久？中间有没有完全缓解，还是一直存在或越来越明显？患者：开始时比较轻，我以为能缓过去，但这两天家里人也看出不对，日常吃饭、穿衣或走路都受影响。医生：我还要问一些细节：这种无力是不是两侧差不多？有没有从脚往上发展？有没有腰背痛或肢体疼痛？患者：有腰背酸痛和小腿疼，脚底踩不实，走路要扶着墙，双手也开始麻。医生：接下来了解既往情况。您以前有没有类似发作或类似不适？平时有没有慢性病、住院史，或做过相关检查？患者：以前没有类似四肢对称无力，也没长期慢性病。医生：您的家人中有没有人年轻或年老后出现过相似表现，或者被反复要求做头部、神经方面检查？患者：家族里没有明确神经系统方面疾病。医生：我还想了解生活和诱因：最近睡眠、压力、饮食、饮酒、吸烟、运动，以及外出或特殊接触情况如何？患者：最近出差劳累，睡眠少，感冒后仍继续上班，没有好好休息。
,,医生：您好，看您脸上还有些擦伤，家属也很着急，今天主要是发生了什么突发状况？患者：大夫，我今天真是太失态了。我上午去参加一个好朋友的婚礼，本来大家都在安静地看仪式，我突然就不受控制地大笑起来，笑得特别诡异、特别大声，我自己心里其实根本不想笑，但就是停不下来。朋友们都震惊地看着我，接着我就觉得眼前一黑，直挺挺地摔在了酒桌旁，把盘子都砸碎了。我老婆说我在地上全身抽筋，持续了一分多钟。医生：这种在清醒状态下突发的不受控制的“痴笑”，紧接着失去意识和抽搐，是非常典型的发作过程。在您大笑和倒下之前，有没有闻到过类似烧焦橡胶的怪味？或者现在醒来后，觉得头特别痛，全身没力气？患者：怪味倒没闻到。但我现在真的是头痛欲裂，像戴了个紧箍咒一样，而且全身肌肉酸痛得连抬手的力气都没有，特别想找张床睡一觉。医生：发作后的头痛和极度疲劳是常见的后续反应。回忆一下过去，您小的时候有没有因为发高烧导致过严重的惊厥抽搐？或者大脑有没有受过比较严重的外伤？患者：听我妈说，我两岁多的时候出过一次急疹，高烧到四十度，当时整个人烧得翻白眼抽筋，在医院抢救了一整夜。医生：好的，这个高热惊厥病史非常有参考价值。那您的兄弟姐妹或者长辈里，有没有人也有过这种突然大笑、发呆或者倒地抽搐的毛病？患者：我有个堂姐，听说小时候也有过经常突然走神发愣的毛病，后来一直在吃药。医生：了解了。最后了解下您最近的生活状态，昨天晚上是不是因为要参加婚礼兴奋得没睡好？或者最近经常大量饮酒？患者：这几天我一直在帮这个朋友筹备婚礼，连着熬了三个通宵对流程，每天只睡两个小时，今天早上还空腹喝了两大杯浓黑咖啡提神，确实疲劳到了极点。,医生：您好，今天主要因为什么不舒服来就诊？患者：医生您好，主要是手脚麻木向上发展。一开始是两条腿酸痛、乏力，上楼困难，后来双手也发麻，症状是慢慢往上发展的。医生：这些表现是突然出现还是逐渐加重？大概从什么时候开始，最明显影响到什么活动？患者：发作时自己有些害怕，持续时间和程度不太固定，但最近次数或程度都比以前多。医生：我还要问一些细节：这种无力是不是两侧差不多？有没有从脚往上发展？有没有腰背痛或肢体疼痛？患者：大小便还可以，但出汗比平时多，心里发慌，家人说我笑起来脸有点僵。没有明显发热了，头脑清楚，就是四肢越来越没力。医生：关于既往史，您之前有没有因为神经、头部、肌肉无力或意识变化等问题就医？平时有什么基础病？患者：以前没有类似四肢对称无力，也没长期慢性病。医生：家里直系亲属有没有发生过类似的肢体无力、抽搐、手抖、说话或走路异常等情况？患者：家族里没有明确神经系统方面疾病。医生：最后问一下，近期有没有旅行、腹泻或感冒，是否接触特殊环境？平常作息和运动规律吗？患者：前阵子旅游吃了海鲜和路边摊，回来后肠胃不舒服，后来才出现腿软。
,,医生：您好，看您是由同事陪着来的，今天主要是遇到了什么突发状况？患者：大夫，我是个中学老师，今天上午在讲台上讲课，简直丢死人了。我同事说，我讲着讲着突然就不说话了，两眼发直，死死地盯着黑板，手里的粉笔也掉地上了。不管学生怎么叫我，我都没反应。大概过了十几秒，我突然又回过神来，但我完全不知道刚才发生了什么，只觉得脑子一片空白，连刚才讲到哪一页都忘了。这是我这个月第二次出现这种情况了。医生：这种突发的愣神和意识中断确实不能掉以轻心。除了这种发呆，您在发作前后，有没有感觉到一种强烈的似曾相识感，就好像眼前的场景以前一模一样地经历过？或者事后觉得非常疲倦想睡觉？患者：对！我每次发作前，都会突然觉得眼前的教室、学生，甚至光线，都有一种极度强烈的熟悉感，明明是新课，却觉得以前绝对经历过。然后回过神来之后，我就觉得特别困，头有些昏昏沉沉的，只想趴在讲台上睡一觉。医生：这种似曾相识感是非常重要的信息。您以前有没有得过脑膜炎、脑炎之类的颅内感染？或者做过脑部的手术？患者：没做过手术。不过我十岁那年得过一次病毒性脑炎，当时住院住了一个多月，还做了腰穿，后来说是治好了，我也没再觉得有什么后遗症。医生：好的，这个病史我会重点记录。那您的父母或者兄弟姐妹中，有没有人也有过这种突然发呆，或者莫名其妙晕倒抽搐的毛病？患者：我亲妹妹上小学的时候，上课也经常走神发呆，当时以为她不认真听讲，后来带她去看了医生，一直吃着药呢。医生：了解了。最后了解一下您最近的生活状态，是不是工作压力特别大，情绪非常焦虑？有没有喝浓茶或咖啡熬夜的习惯？患者：最近带毕业班，升学压力特别大，我每天晚上都得喝两杯浓咖啡熬夜批改试卷，经常整宿整宿睡不着觉，精神一直绷得很紧。,医生：您好，我先了解一下，最让您担心的症状是什么？患者：医生您好，主要是行走不稳伴肢体酸痛。一开始是两条腿酸痛、乏力，上楼困难，后来双手也发麻，症状是慢慢往上发展的。医生：这些表现是突然出现还是逐渐加重？大概从什么时候开始，最明显影响到什么活动？患者：大概从半个月前开始，最初不明显，后来越来越影响走路和做事，休息后也不一定完全好。医生：除了麻木无力，您有没有呼吸费力、吞咽不顺、饮水呛咳、面部无力，或者心慌、出汗异常？患者：两边差不多，确实是从脚往上走，最近胸口有点闷，需要深呼吸，喝水偶尔觉得慢。现在没有明显大小便失禁，但走路越来越不稳。医生：接下来了解既往情况。您以前有没有类似发作或类似不适？平时有没有慢性病、住院史，或做过相关检查？患者：以前没有类似四肢对称无力，也没长期慢性病。医生：家里直系亲属有没有发生过类似的肢体无力、抽搐、手抖、说话或走路异常等情况？患者：没有遗传病史，家里人多数只是普通高血压、糖尿病。医生：平时生活习惯方面，是否经常久坐、熬夜、饮食偏咸偏油、饮酒吸烟？发作前有没有特别劳累或不适？患者：前阵子旅游吃了海鲜和路边摊，回来后肠胃不舒服，后来才出现腿软。
,,医生：您好，请坐，看您神情有些郁闷，今天是哪里感觉不对劲？患者：大夫，我今天和女朋友在餐厅吃饭，吃到一半，我突然觉得眼前的场景有一种诡异的熟悉感，就好像以前在梦里一模一样地发生过。然后我女朋友说，我突然两眼发直，不说话了，手里拿着筷子不停地敲碗边缘。过了快两分钟我才回过神，但我完全不记得刚才发生了什么。医生：这种强烈的似曾相识感伴随无意识小动作和短暂意识中断，我们需要做详细检查。回过神来之后，有没有觉得极度的疲惫，或者头蒙蒙的痛？患者：对，缓过来之后就觉得头重脚轻的，脑子里像塞了团棉花，特别想找个地方躺下睡觉。医生：这种发作后的疲劳感是非常关键的描述。您以前大脑有没有查出过微小的血管畸形？或者受过严重的撞击？患者：五年前我出过一场车祸，头重重撞在挡风玻璃上，当时医生说有轻微脑挫伤。医生：这个外伤史很重要。您的直系亲属里，有没有人有类似不明原因发呆，或者确诊过脑部异常放电的？患者：我亲妹妹以前经常突然发愣，后来去医院查说是脑电波异常，一直在吃药。医生：明白了。您最近是不是经常熬夜，或者有大量喝咖啡提神的习惯？患者：最近为了准备一个重要的竞标，天天熬夜写方案，每天靠好几杯浓咖啡撑着，神经崩得很紧。,医生：您好，我先了解一下，最让您担心的症状是什么？患者：医生您好，主要是感冒后出现双腿乏力。最近走路不稳，双腿没力气，蹲下站起来困难，手也有针刺感。医生：请您描述一下发作或加重时的样子，包括持续时间、部位和对日常活动的影响。患者：开始时比较轻，我以为能缓过去，但这两天家里人也看出不对，日常吃饭、穿衣或走路都受影响。医生：我还要问一些细节：这种无力是不是两侧差不多？有没有从脚往上发展？有没有腰背痛或肢体疼痛？患者：两边差不多，确实是从脚往上走，最近胸口有点闷，需要深呼吸，喝水偶尔觉得慢。医生：接下来了解既往情况。您以前有没有类似发作或类似不适？平时有没有慢性病、住院史，或做过相关检查？患者：以前没有类似四肢对称无力，也没长期慢性病。医生：您的家人中有没有人年轻或年老后出现过相似表现，或者被反复要求做头部、神经方面检查？患者：家族里没有明确神经系统方面疾病。医生：最后问一下，近期有没有旅行、腹泻或感冒，是否接触特殊环境？平常作息和运动规律吗？患者：最近出差劳累，睡眠少，感冒后仍继续上班，没有好好休息。
,,医生：您好，看您捂着头，表情很痛苦，今天是哪里感觉不对劲？患者：医生，我在健身房锻炼的时候出事了。我正戴着耳机在跑步机上猛跑，突然感觉听到了一阵极其刺耳的电锯声，嗡嗡的，但我摘下耳机发现健身房里根本没这个声音。还没等我反应过来，我就人事不省了。教练说我直接从跑步机上滚了下来，全身抽搐，嘴里吐着白沫。我现在觉得非常丢人，而且头痛得要命。医生：在运动时突发意识丧失和抽搐非常危险，幸好没受重伤。在听到奇怪的电锯声之前，您有没有觉得一阵强烈的恶心想吐，或者觉得肚子里有一股气往上冲？患者：没有觉得恶心，就是那个电锯声音太真实了，震得我头皮发麻。现在浑身肌肉就像被人用棍子打过一样，酸痛得都不想动弹。医生：这种发作前的幻听是非常有定位价值的先兆。您以前有没有得过结核性脑膜炎，或者做过脑部的手术？患者：我八岁的时候得过结核性脑膜炎，当时病情挺重的，治了快半年才出院，医生说可能会留点后遗症。医生：好的，这确实是个相关的既往史。您的家族里，比如父母或者祖父母，有没有人得过容易突然晕倒抽搐的疾病？患者：没有，家里人都没有这种毛病。医生：了解了。最后问问您的生活细节，您发病前是不是长时间没有休息？或者喝了大量的刺激性饮料？患者：最近为了减肥，我每天只吃一点点东西，去健身房前为了提神，我还连着喝了两大罐红牛，当时在跑步机上确实觉得心跳得特别快，整个人都很亢奋。,医生：您好，您这次来看诊，主要是哪方面的问题？患者：医生您好，主要是手脚麻木向上发展。大概半天前先是双脚发麻，像踩棉花，后来小腿也没劲，这两天手指也开始麻，拿东西不稳。医生：这些表现是突然出现还是逐渐加重？大概从什么时候开始，最明显影响到什么活动？患者：大概从半天前开始，最初不明显，后来越来越影响走路和做事，休息后也不一定完全好。医生：近期有没有感觉手脚反射变迟钝、走路踩不实，或者需要扶墙才能走？大小便有没有变化？患者：大小便还可以，但出汗比平时多，心里发慌，家人说我笑起来脸有点僵。医生：关于既往史，您之前有没有因为神经、头部、肌肉无力或意识变化等问题就医？平时有什么基础病？患者：发病前十来天拉过肚子，还有点低烧，自己吃药后好了。医生：再了解一下家族情况。您的父母、兄弟姐妹或子女中，有没有人出现过类似症状，或有相关的长期疾病？患者：父母和兄弟姐妹都没有类似病史，也没听说亲戚长期肢体无力。医生：最后了解一下生活习惯。您平时作息、饮食、运动、吸烟饮酒情况怎么样？最近有没有劳累、熬夜、感染或情绪波动？患者：最近出差劳累，睡眠少，感冒后仍继续上班，没有好好休息。
,,医生：您好，请坐，看您捂着胳膊，今天是怎么个情况？患者：大夫，我在健身房跑步的时候出事了。跑到一半，突然感觉右边半张脸开始不受控制地抽搐，紧接着右胳膊也跟着猛烈抽动起来。我赶紧按了跑步机的停止键，但很快眼前一黑就摔倒了。健身教练说我倒在地上全身抽筋，持续了一分多钟。现在右胳膊擦破了皮，全身肌肉都酸痛。医生：运动时突发局部抽搐发展到全身，必须要重视。在您脸部抽搐前，有没有看到眼前有什么闪光，或者觉得哪里的肌肉有些发麻？事后有没有觉得极度疲倦？患者：脸抽之前，我看到跑步机屏幕边缘有一圈彩色的锯齿状闪光，一闪一闪的。现在醒过来觉得特别累，头也很痛，只想睡觉。医生：这种视觉先兆和疲劳感很有特征。您以前有没有被诊断过脑部有微小的血管畸形，或者受过严重的头部撞击？患者：几年前在工地上被掉落的砖块砸过头，当时有轻微的颅内出血，后来保守治疗吸收了。医生：这是一个重要的线索。您的家族亲属中，有没有人有过突然抽搐或者晕厥的经历？患者：我亲弟弟以前有过两次不明原因的突然晕倒抽搐，后来一直在吃药。医生：明白了。最后了解下，您平时是不是有喝大量功能饮料的习惯？发病前是不是在极度疲劳的状态下剧烈运动？患者：为了减肥，我最近每天只睡四五个小时，去健身房前还喝了两大瓶红牛和一杯黑咖啡，当时在跑步机上确实心跳得特别快。,医生：您好，请您从最开始的不舒服说起，哪里最明显？患者：医生您好，主要是感冒后出现双腿乏力。最近走路不稳，双腿没力气，蹲下站起来困难，手也有针刺感。医生：我明白了。请您再具体说说，当时最早出现的症状是什么，后来又有什么变化？患者：发作时自己有些害怕，持续时间和程度不太固定，但最近次数或程度都比以前多。医生：近期有没有感觉手脚反射变迟钝、走路踩不实，或者需要扶墙才能走？大小便有没有变化？患者：有腰背酸痛和小腿疼，脚底踩不实，走路要扶着墙，双手也开始麻。医生：我再问一下过去的身体情况：以前出现过这样的症状吗？有没有长期疾病、外伤、手术或正在服用的药物？患者：一个月前打过针后有点发热，之后一直乏力，最近明显加重。医生：家里直系亲属有没有发生过类似的肢体无力、抽搐、手抖、说话或走路异常等情况？患者：家里没有人出现过这种从脚往上麻、四肢无力的情况。医生：平时生活习惯方面，是否经常久坐、熬夜、饮食偏咸偏油、饮酒吸烟？发作前有没有特别劳累或不适？患者：前阵子旅游吃了海鲜和路边摊，回来后肠胃不舒服，后来才出现腿软。
,,医生：您好，看您下巴上贴着纱布，今天是遇到了什么突发状况？患者：医生，我今天在公司走廊里走着，突然双腿一点力气都没有了，像被人抽了筋一样，整个人直挺挺地往前栽倒，下巴狠狠地磕在瓷砖上，缝了三针。同事说我倒下去那一瞬间眼睛是直的。过了十几秒我才缓过来自己爬起来。医生：这种突发的“猝倒”发作非常危险，很容易受伤。在您倒下之前，有没有觉得肚子里有一股热流往上涌？或者有没有闻到什么烧焦的味道？患者：没有怪味。但是倒下去前一秒，我确实感觉胃里有一种强烈的下坠感，像坐过山车一样，心里一慌就什么都不知道了。医生：好的。回忆一下，您小时候有没有发生过高热惊厥？或者做过什么脑部手术？患者：我妈说我一岁多的时候发高烧，抽风过好几次。脑部手术倒是没做过。医生：那您的家族长辈中，有没有人有过这种突然浑身发软摔倒，或者突然发愣的毛病？患者：我母亲年轻的时候有过几次突然晕倒的经历，但没查出什么原因。医生：了解。最后问问您的生活习惯，最近是不是经常熬夜打游戏，或者精神压力极大？患者：最近刚失恋，心情极度抑郁，每天晚上都在借酒浇愁，连续好几天都是喝得酩酊大醉才睡。,医生：您好，我先了解一下，最让您担心的症状是什么？患者：医生您好，主要是双下肢无力伴踩棉花感。最近走路不稳，双腿没力气，蹲下站起来困难，手也有针刺感。医生：这些表现是突然出现还是逐渐加重？大概从什么时候开始，最明显影响到什么活动？患者：发作时自己有些害怕，持续时间和程度不太固定，但最近次数或程度都比以前多。医生：我还要问一些细节：这种无力是不是两侧差不多？有没有从脚往上发展？有没有腰背痛或肢体疼痛？患者：大小便还可以，但出汗比平时多，心里发慌，家人说我笑起来脸有点僵。没有明显发热了，头脑清楚，就是四肢越来越没力。医生：关于既往史，您之前有没有因为神经、头部、肌肉无力或意识变化等问题就医？平时有什么基础病？患者：发病前十来天拉过肚子，还有点低烧，自己吃药后好了。医生：再了解一下家族情况。您的父母、兄弟姐妹或子女中，有没有人出现过类似症状，或有相关的长期疾病？患者：没有遗传病史，家里人多数只是普通高血压、糖尿病。医生：我还想了解生活和诱因：最近睡眠、压力、饮食、饮酒、吸烟、运动，以及外出或特殊接触情况如何？患者：最近出差劳累，睡眠少，感冒后仍继续上班，没有好好休息。
,,医生：您好，看您是由家属搀扶着进来的，步伐不太稳，今天主要是遇到了什么突发状况？患者：医生，我现在脑子还嗡嗡的。今天早上我正在厨房煎鸡蛋，手里拿着铲子。突然间，我老婆说我两眼发直，死死盯着墙角，手里的铲子也掉地上了。然后我就直挺挺地往后倒，全身绷得像块木板，接着就开始剧烈抽筋，嘴里还吐了带血的白沫。大概过了两三分钟我才慢慢有意识。我现在觉得舌头钻心地疼，估计是自己咬破了。医生：这种突发的全身抽搐和意识丧失非常需要引起重视。在您倒下失去意识之前，有没有觉得闻到什么周围并没有的怪味，比如烧焦的味道？或者事后觉得像跑了马拉松一样全身酸痛疲劳？患者：倒下之前，我确实闻到了一股像臭水沟一样的难闻气味，我还以为是下水道返味了。现在醒过来，不仅舌头疼，全身上下的肌肉都像被人打了一顿一样，酸痛得抬不起胳膊，而且特别想睡觉。医生：这种发作前的幻嗅和发作后的极度疲乏是很有参考价值的。我们回顾一下过去，您小的时候有没有因为高热发生过惊厥，或者大脑有没有受过比较严重的撞击？患者：高热惊厥我妈没提过。不过大概七八年前，我下雨天骑电动车滑倒，脑袋重重地磕在马路牙子上，当时医生说是脑挫裂伤，在医院躺了快一个月。医生：好的，这个脑外伤的病史我会详细记录。那您的父母、兄弟姐妹里，有没有人也有过这种突然晕倒、全身抽搐的情况？患者：我亲大伯以前有过，听家里人说他受刺激或者太累的时候就会倒在地上抽风，不知道跟这有没有关系。医生：了解了。最后了解一下您最近的生活状态，是不是经常熬夜、睡眠严重不足？或者有没有大量饮酒的习惯？患者：最近年底结账，我是做财务的，天天对账到凌晨三四点，连着熬了一个多星期了，每天只能睡三个小时，确实疲劳到了极点。,医生：您好，我先了解一下，最让您担心的症状是什么？患者：医生您好，主要是四肢麻木无力逐渐加重。最近走路不稳，双腿没力气，蹲下站起来困难，手也有针刺感。医生：请您描述一下发作或加重时的样子，包括持续时间、部位和对日常活动的影响。患者：发作时自己有些害怕，持续时间和程度不太固定，但最近次数或程度都比以前多。医生：除了麻木无力，您有没有呼吸费力、吞咽不顺、饮水呛咳、面部无力，或者心慌、出汗异常？患者：有腰背酸痛和小腿疼，脚底踩不实，走路要扶着墙，双手也开始麻。现在没有明显大小便失禁，但走路越来越不稳。医生：之前身体状况怎么样？有没有类似症状、慢性病、外伤史，或体检提示过异常？患者：两周前感冒过，咳嗽、发热几天，后来刚好就开始腿软。医生：从家族史方面看，家里有没有人有类似发作，或者长期的神经系统、肌肉无力、脑血管方面问题？患者：父母和兄弟姐妹都没有类似病史，也没听说亲戚长期肢体无力。医生：最后了解一下生活习惯。您平时作息、饮食、运动、吸烟饮酒情况怎么样？最近有没有劳累、熬夜、感染或情绪波动？患者：最近出差劳累，睡眠少，感冒后仍继续上班，没有好好休息。
,,医生：您好，看您是由家属推过来的，今天主要是怎么了？患者：医生，我早上在刷牙的时候，右手拿着牙刷，突然右手就不受控制地猛烈抖动起来，牙刷掉在水池里。接着我觉得半边脸也开始抽，然后眼前一黑就倒在卫生间了。老伴说我在地上全身抽筋，吓死她了。医生：从局部的肢体抽动发展到全身意识丧失，这种情况不能耽误。在您右手开始抖之前，有没有觉得手指发麻？事后有没有觉得右半边身子一点力气都没有？患者：抖之前手指确实有一阵发麻，像触电一样。现在醒过来，右边胳膊和腿软绵绵的，根本抬不起来，头也疼得厉害。医生：这种发作后的局部无力叫Todd麻痹，很有特征。您以前有没有被确诊过脑部有小血管瘤，或者颅内感染？患者：十几年前得过一次脑囊虫病，当时吃了很多打虫药治好了，医生说脑子里可能会留小钙化点。医生：这是一个非常重要的线索。您的家族里，有没有人得过容易突然晕倒抽搐的疾病？患者：没有，家里人都挺健康的。医生：了解。您平时饮食上是不是喜欢吃一些未煮熟的肉类？最近有没有过度劳累？患者：以前在老家确实喜欢吃半生不熟的烤肉。最近为了帮儿子带孙子，天天睡不好觉，特别累。,医生：您好，我先了解一下，最让您担心的症状是什么？患者：医生您好，主要是四肢麻木无力逐渐加重。前几天还只是脚底麻，现在膝盖以下都木，走路发飘，今天连拧瓶盖都费劲。医生：这些表现是突然出现还是逐渐加重？大概从什么时候开始，最明显影响到什么活动？患者：中间有过短暂好一点的时候，但总体比刚开始重，尤其到晚上或活动后更明显。医生：除了麻木无力，您有没有呼吸费力、吞咽不顺、饮水呛咳、面部无力，或者心慌、出汗异常？患者：大小便还可以，但出汗比平时多，心里发慌，家人说我笑起来脸有点僵。现在没有明显大小便失禁，但走路越来越不稳。医生：之前身体状况怎么样？有没有类似症状、慢性病、外伤史，或体检提示过异常？患者：发病前十来天拉过肚子，还有点低烧，自己吃药后好了。医生：从家族史方面看，家里有没有人有类似发作，或者长期的神经系统、肌肉无力、脑血管方面问题？患者：父母和兄弟姐妹都没有类似病史，也没听说亲戚长期肢体无力。医生：平时生活习惯方面，是否经常久坐、熬夜、饮食偏咸偏油、饮酒吸烟？发作前有没有特别劳累或不适？患者：前阵子旅游吃了海鲜和路边摊，回来后肠胃不舒服，后来才出现腿软。
,,医生：您好，看您嘴唇肿得老高，还有血迹，昨晚是发生了什么可怕的事情吗？患者：医生，我到现在心里都在发毛。我昨天半夜睡得正香，我老婆说我突然在床上发出一声像被人掐住脖子一样的怪叫，然后整个人绷得笔直，双手双脚剧烈地抽筋，把床头柜上的台灯都踹翻了。我今天早上醒过来，发现自己不仅把舌头和嘴唇咬破了，床单上还尿了一大片！我一个大男人怎么会尿床呢？我现在觉得全身骨头都快散架了。医生：夜间睡眠中突发的全身抽搐，伴随尿失禁和咬伤，这是非常典型的发作表现，您不必觉得难为情。在您发作前，或者平时临睡前，有没有看到过眼前有闪烁的彩色光点，或者觉得肚子里有一股热气往上涌？患者：彩色光点我倒没注意。但是昨晚睡觉前，我确实觉得胃里一阵翻江倒海，有一股奇怪的热气直冲嗓子眼，心里慌得要命，然后我就什么都不知道了。医生：这种胃气上升的感觉是重要的先兆。回忆一下，您以前有没有查出过脑部血管有微小的畸形，或者得过脑囊虫病？患者：二十多年前我在乡下确实得过脑囊虫病，当时吃了不少打虫药。后来大夫拍片子说脑子里留下了几个小的钙化点，说没事了。医生：这绝对是一个关键的既往史。您的家族里，比如您的父母长辈，有没有人也有过这种睡梦中突然抽搐，或者白天突然摔倒抽风的情况？患者：没有，家里长辈都没听说过这种病。医生：了解。最后问问您的生活习惯，您平时是不是每天都要大量喝酒？昨天晚上是不是喝得醉醺醺的才睡觉的？患者：我这人没啥爱好就是爱喝酒，昨天晚上跟几个老伙计聚餐，喝了快八两高度白酒，醉得连衣服都没脱就倒头睡了。,医生：您好，请您从最开始的不舒服说起，哪里最明显？患者：医生您好，主要是四肢麻木无力逐渐加重。大概2天前先是双脚发麻，像踩棉花，后来小腿也没劲，这两天手指也开始麻，拿东西不稳。医生：我明白了。请您再具体说说，当时最早出现的症状是什么，后来又有什么变化？患者：大概从2天前开始，最初不明显，后来越来越影响走路和做事，休息后也不一定完全好。医生：除了麻木无力，您有没有呼吸费力、吞咽不顺、饮水呛咳、面部无力，或者心慌、出汗异常？患者：两边差不多，确实是从脚往上走，最近胸口有点闷，需要深呼吸，喝水偶尔觉得慢。现在没有明显大小便失禁，但走路越来越不稳。医生：关于既往史，您之前有没有因为神经、头部、肌肉无力或意识变化等问题就医？平时有什么基础病？患者：以前没有类似四肢对称无力，也没长期慢性病。医生：再了解一下家族情况。您的父母、兄弟姐妹或子女中，有没有人出现过类似症状，或有相关的长期疾病？患者：家里没有人出现过这种从脚往上麻、四肢无力的情况。医生：最后了解一下生活习惯。您平时作息、饮食、运动、吸烟饮酒情况怎么样？最近有没有劳累、熬夜、感染或情绪波动？患者：最近出差劳累，睡眠少，感冒后仍继续上班，没有好好休息。
,,医生：您好，看您脸色苍白，嘴唇还有血痂，昨晚是发生了什么可怕的事情吗？患者：大夫，我到现在心里都在发毛。我昨天半夜睡得正香，我老婆说我突然在床上发出一声像被人掐住脖子一样的怪叫，然后整个人绷得笔直，双手双脚剧烈地抽筋，把床头柜上的水杯都踹碎了。我今天早上醒过来，发现自己不仅把舌头咬破了，床单上还尿了一大片！我现在觉得全身骨头都快散架了。医生：夜间睡眠中突发的全身抽搐，伴随尿失禁和咬伤，这是非常典型的发作表现，您不必觉得难为情。在您发作前，或者平时临睡前，有没有看到过眼前有闪烁的彩色光点，或者觉得肚子里有一股热气往上涌？患者：彩色光点我倒没注意。但是昨晚睡觉前，我确实觉得胃里一阵翻江倒海，有一股奇怪的热气直冲嗓子眼，心里慌得要命，然后我就什么都不知道了。医生：这种胃气上升的感觉是重要的先兆。回忆一下，您以前有没有查出过脑部血管有微小的畸形，或者做过开颅手术？患者：三年前我因为车祸，脑子里有硬膜下血肿，当时做了个微创的钻孔引流手术，把瘀血抽出来了。医生：这绝对是一个关键的既往史。您的家族里，比如您的父母长辈，有没有人也有过这种睡梦中突然抽搐，或者白天突然摔倒抽风的情况？患者：我亲大伯以前有过这种毛病，突然就倒在地上不省人事，过一会儿又自己醒了。医生：了解。最后问问您的生活习惯，您平时是不是每天都要大量喝酒？昨天晚上是不是喝得醉醺醺的才睡觉的？患者：昨天晚上跟几个客户应酬，喝了快一斤白酒，醉得连衣服都没脱就倒头睡了，半夜就出事了。,医生：您好，今天主要因为什么不舒服来就诊？患者：医生您好，主要是行走不稳伴肢体酸痛。最近走路不稳，双腿没力气，蹲下站起来困难，手也有针刺感。医生：这些表现是突然出现还是逐渐加重？大概从什么时候开始，最明显影响到什么活动？患者：发作时自己有些害怕，持续时间和程度不太固定，但最近次数或程度都比以前多。医生：近期有没有感觉手脚反射变迟钝、走路踩不实，或者需要扶墙才能走？大小便有没有变化？患者：两边差不多，确实是从脚往上走，最近胸口有点闷，需要深呼吸，喝水偶尔觉得慢。医生：关于既往史，您之前有没有因为神经、头部、肌肉无力或意识变化等问题就医？平时有什么基础病？患者：两周前感冒过，咳嗽、发热几天，后来刚好就开始腿软。医生：再了解一下家族情况。您的父母、兄弟姐妹或子女中，有没有人出现过类似症状，或有相关的长期疾病？患者：家里没有人出现过这种从脚往上麻、四肢无力的情况。医生：最后了解一下生活习惯。您平时作息、饮食、运动、吸烟饮酒情况怎么样？最近有没有劳累、熬夜、感染或情绪波动？患者：发病前和朋友烧烤，吃过没完全熟的鸡肉，之后拉了几天肚子。
,,医生：您好，看您是由家属扶着走进来的，步伐有些虚浮，今天是怎么个情况让您赶紧来医院的？患者：大夫啊，真是丢人又吓人。我昨天晚上睡觉的时候，本来睡得好好的。我老婆说，我半夜突然发出一声怪叫，然后整个人在床上直挺挺地抽筋，双手双脚乱蹬，连床板都快被我震塌了。最要命的是，我今天早上醒来，发现自己尿床了！我都快五十的人了，怎么会尿床呢？而且我现在觉得浑身骨头都快散架了，特别是后背和腿上的肌肉，酸痛得要命，舌头边上也咬破了一大块。医生：夜间的突发抽搐伴随尿失禁和舌咬伤，这是非常典型的体征，您不用觉得难为情。除了这些，您在发作前或者这两天，有没有觉得肚子里有一股气往上顶，或者经常看到眼前有五颜六色的闪光点？患者：您别说，我前两天看电视的时候，确实总觉得电视机旁边有那种一闪一闪的亮斑，我揉了半天眼睛也没用。肚子胀气往上顶的感觉倒是不明显，就是一直觉得头蒙蒙的。医生：这些早期的视觉现象非常重要。那您年轻的时候，有没有得过什么脑部的感染性疾病？或者有没有高热惊厥的病史？患者：我妈跟我说过，我三岁那年出麻疹，烧到了四十度，当时整个人都烧抽过去了，在村里的卫生所挂了好几天水。脑部感染倒是没听说过。医生：了解。家族方面，您的兄弟姐妹或者长辈中，有没有人也有过这种睡梦中突然发作，或者白天突然倒地抽搐的情况？患者：我亲大伯以前就有个毛病，听说是受了刺激后，偶尔会突然倒在地上口吐白沫，当时村里人都说是“羊角风”。医生：好的，我记录下来了。最后了解一下您最近的生活状态，最近有没有大量饮酒，或者因为什么事情导致极度疲惫、睡眠质量极差？患者：最近厂里效益不好，我天天愁得睡不着觉，晚上只能靠喝大半瓶白酒把自己灌醉才能睡着。昨天晚上也是喝得醉醺醺地才躺下的。,医生：您好，请您从最开始的不舒服说起，哪里最明显？患者：医生您好，主要是四肢麻木无力逐渐加重。一开始是两条腿酸痛、乏力，上楼困难，后来双手也发麻，症状是慢慢往上发展的。医生：好的。这个情况持续了多久？中间有没有完全缓解，还是一直存在或越来越明显？患者：中间有过短暂好一点的时候，但总体比刚开始重，尤其到晚上或活动后更明显。医生：除了麻木无力，您有没有呼吸费力、吞咽不顺、饮水呛咳、面部无力，或者心慌、出汗异常？患者：两边差不多，确实是从脚往上走，最近胸口有点闷，需要深呼吸，喝水偶尔觉得慢。现在没有明显大小便失禁，但走路越来越不稳。医生：接下来了解既往情况。您以前有没有类似发作或类似不适？平时有没有慢性病、住院史，或做过相关检查？患者：两周前感冒过，咳嗽、发热几天，后来刚好就开始腿软。医生：家里直系亲属有没有发生过类似的肢体无力、抽搐、手抖、说话或走路异常等情况？患者：父母和兄弟姐妹都没有类似病史，也没听说亲戚长期肢体无力。医生：最后了解一下生活习惯。您平时作息、饮食、运动、吸烟饮酒情况怎么样？最近有没有劳累、熬夜、感染或情绪波动？患者：前阵子旅游吃了海鲜和路边摊，回来后肠胃不舒服，后来才出现腿软。
,,医生：您好，看您满头大汗、神情疲惫的，今天是怎么个突发情况让您来急诊？患者：大夫，我今天在公司真是出了大丑了。我本来坐在工位上敲代码，我同事说，我突然站了起来，两眼发直，嘴里不停地吧嗒吧嗒砸吧嘴，还用手一直搓自己的衣角。他们叫我我完全没反应，然后我就像个游魂一样走出了办公室，在走廊里转悠了两圈。等我猛地清醒过来的时候，我发现自己站在洗手间门口，完全不知道刚才这几分钟发生了什么！医生：这种伴随着无意识的咀嚼、摸索动作以及四处游走的短暂意识丧失，我们必须要详细排查。在您彻底失去意识前的那几秒钟，您有没有突然觉得眼前的场景有一种极度的熟悉感，就像在梦里经历过一样？或者清醒后觉得脑子像灌了铅一样沉重？患者：您说得太准了！发作前一瞬间，我确实有一种强烈的“似曾相识”的感觉，特别诡异。而且现在我虽然清醒了，但觉得头痛欲裂，浑身一点力气都没有，只想找个地方倒头就睡。医生：这种强烈的似曾相识感和事后的极度疲劳是很有价值的参考线索。我们回顾一下过去，您小的时候大脑有没有受过比较严重的撞击，或者得过脑膜炎之类的颅内感染？患者：颅内感染倒没有。不过我大概十岁的时候，从老家的平房顶上摔下来过，当时脑袋磕在一块石头上，昏迷了半天，医生说是脑挫裂伤，还住了半个月的院。医生：这确实是个不可忽视的既往史。那您的父母或者兄弟姐妹中，有没有人也有过这种突然发愣，或者做奇怪动作、不明原因晕倒的情况？患者：我亲舅舅以前就有过。他年轻的时候，有时候吃着饭突然就两眼发直，手里筷子掉了都不知道，家里人一直以为他是受了什么刺激。医生：明白了，家族情况我会记录下来。最后了解一下您最近的生活状态，最近是不是工作压力极大，经常熬夜，或者有大量喝咖啡的习惯？患者：最近公司裁员，我为了保住饭碗，天天主动加班到凌晨两三点。每天靠喝四大杯浓美式咖啡强撑着，神经一直紧绷着，根本没睡过一个安稳觉。,医生：您好，我先了解一下，最让您担心的症状是什么？患者：医生您好，主要是手脚麻木向上发展。最近走路不稳，双腿没力气，蹲下站起来困难，手也有针刺感。医生：我明白了。请您再具体说说，当时最早出现的症状是什么，后来又有什么变化？患者：发作时自己有些害怕，持续时间和程度不太固定，但最近次数或程度都比以前多。医生：近期有没有感觉手脚反射变迟钝、走路踩不实，或者需要扶墙才能走？大小便有没有变化？患者：大小便还可以，但出汗比平时多，心里发慌，家人说我笑起来脸有点僵。医生：我再问一下过去的身体情况：以前出现过这样的症状吗？有没有长期疾病、外伤、手术或正在服用的药物？患者：两周前感冒过，咳嗽、发热几天，后来刚好就开始腿软。医生：您的家人中有没有人年轻或年老后出现过相似表现，或者被反复要求做头部、神经方面检查？患者：没有遗传病史，家里人多数只是普通高血压、糖尿病。医生：平时生活习惯方面，是否经常久坐、熬夜、饮食偏咸偏油、饮酒吸烟？发作前有没有特别劳累或不适？患者：最近出差劳累，睡眠少，感冒后仍继续上班，没有好好休息。
,,医生：您好，请坐，看您神情有些迷茫，今天是遇到了什么说不清楚的麻烦？患者：医生，我觉得自己最近像撞邪了一样。今天早上我本来是去楼下超市买盐的，结果等我猛地清醒过来的时候，我发现自己竟然站在离家三条街外的一个公交站牌下！我完全不知道自己是怎么走过去的。后来遇到个邻居，他说在路上看到我，不管怎么跟我打招呼我都不理人，眼神直勾勾的，嘴里还吧嗒吧嗒地嚼着空气，像个游魂一样。医生：这种伴随无意识咀嚼动作以及毫无目的漫游的意识障碍，我们需要做深入检查。在您出现这种断片和漫游之前，有没有感觉胃里有一股热气突然往上冲？或者回过神来之后，是不是觉得脑子像一团浆糊？患者：对！我刚走进超市的时候，确实感觉胃里一阵翻腾，像坐电梯失重一样，有一股气直冲嗓子眼，心里慌得不行。清醒过来之后，我就觉得整个人特别迟钝，反应很慢，而且困得睁不开眼。医生：这种胃气上升的感觉是典型的先兆。那您以前有没有得过病毒性脑炎、脑膜炎之类的颅内感染？或者做过脑部的手术？患者：没做过手术。不过我上初中的时候得过一次病毒性脑膜炎，当时头痛发烧，住了大半个月的院。医生：这确实是个非常核心的既往史。您的家族里，比如您的长辈们，有没有人有过这种突然发愣，或者做奇怪动作、到处乱走的病史？患者：我外婆以前老了的时候偶尔会这样，突然不认识人，到处乱走，嘴里嘟嘟囔囔的，我们当时都以为她是老年痴呆。医生：明白了。最后问问您的生活细节，您最近是不是工作压力极大，或者经常熬夜打乱了作息？患者：最近为了准备职称考试，我天天晚上挑灯夜战到凌晨三四点，睡眠严重不足，精神一直处于极度紧绷的状态。,医生：您好，我先了解一下，最让您担心的症状是什么？患者：医生您好，主要是感冒后出现双腿乏力。大概十来天前先是双脚发麻，像踩棉花，后来小腿也没劲，这两天手指也开始麻，拿东西不稳。医生：这些表现是突然出现还是逐渐加重？大概从什么时候开始，最明显影响到什么活动？患者：开始时比较轻，我以为能缓过去，但这两天家里人也看出不对，日常吃饭、穿衣或走路都受影响。医生：除了麻木无力，您有没有呼吸费力、吞咽不顺、饮水呛咳、面部无力，或者心慌、出汗异常？患者：大小便还可以，但出汗比平时多，心里发慌，家人说我笑起来脸有点僵。现在没有明显大小便失禁，但走路越来越不稳。医生：我再问一下过去的身体情况：以前出现过这样的症状吗？有没有长期疾病、外伤、手术或正在服用的药物？患者：发病前十来天拉过肚子，还有点低烧，自己吃药后好了。医生：再了解一下家族情况。您的父母、兄弟姐妹或子女中，有没有人出现过类似症状，或有相关的长期疾病？患者：没有遗传病史，家里人多数只是普通高血压、糖尿病。医生：平时生活习惯方面，是否经常久坐、熬夜、饮食偏咸偏油、饮酒吸烟？发作前有没有特别劳累或不适？患者：前阵子旅游吃了海鲜和路边摊，回来后肠胃不舒服，后来才出现腿软。
,,医生：您好，看您是由同学陪着来的，眼神还有些迷茫，今天发生了什么事？患者：医生，我是个大学生。今天在食堂跟同学吃饭，他们说我吃着吃着突然就不动了，两眼发直死死盯着手里的筷子。他们叫我名字，在我眼前晃手，我都没反应，手里夹着的肉也掉在了桌子上。大概过了二十多秒，我突然又深吸了一口气回过神来，但我完全不知道刚才发生了什么，只觉得脑子突然断片了。医生：这种突发的愣神和意识中断确实不能掉以轻心。除了这种发呆，您在发作前后，有没有感觉到一种强烈的莫名恐惧感？或者事后觉得非常疲倦，特别想睡觉？患者：恐惧感没有。但是我每次回过神来之后，就觉得头有些昏昏沉沉的，眼皮直打架，只想趴在桌子上大睡一觉。医生：这种事后的疲倦感是非常重要的信息。您以前有没有得过脑膜炎、脑炎之类的颅内感染？或者小的时候有过高热惊厥的经历？患者：我妈跟我说过，我两岁多的时候因为肺炎发了高烧，烧到了四十度，当时整个人都烧抽过去了，在医院抢救了两天才缓过来。医生：好的，这个高热惊厥病史我会重点记录。那您的父母或者兄弟姐妹中，有没有人也有过这种突然发呆，或者莫名其妙晕倒的毛病？患者：我亲姐姐上初中的时候，上课也经常走神发呆，当时带她去看了医生，一直在吃药控制。医生：了解了。最后了解一下您最近的生活状态，是不是期末考试压力特别大，情绪非常焦虑？有没有长时间盯着电脑或者手机屏幕熬夜？患者：马上要考研了，我每天晚上都在被窝里打着手电看书，或者盯着平板看网课到凌晨三点，精神一直绷得很紧，睡眠严重不足。,医生：您好，今天主要因为什么不舒服来就诊？患者：医生您好，主要是双下肢无力伴踩棉花感。一开始是两条腿酸痛、乏力，上楼困难，后来双手也发麻，症状是慢慢往上发展的。医生：请您描述一下发作或加重时的样子，包括持续时间、部位和对日常活动的影响。患者：大概从2天前开始，最初不明显，后来越来越影响走路和做事，休息后也不一定完全好。医生：除了麻木无力，您有没有呼吸费力、吞咽不顺、饮水呛咳、面部无力，或者心慌、出汗异常？患者：两边差不多，确实是从脚往上走，最近胸口有点闷，需要深呼吸，喝水偶尔觉得慢。医生：之前身体状况怎么样？有没有类似症状、慢性病、外伤史，或体检提示过异常？患者：一个月前打过针后有点发热，之后一直乏力，最近明显加重。医生：您的家人中有没有人年轻或年老后出现过相似表现，或者被反复要求做头部、神经方面检查？患者：父母和兄弟姐妹都没有类似病史，也没听说亲戚长期肢体无力。医生：最后了解一下生活习惯。您平时作息、饮食、运动、吸烟饮酒情况怎么样？最近有没有劳累、熬夜、感染或情绪波动？患者：前阵子旅游吃了海鲜和路边摊，回来后肠胃不舒服，后来才出现腿软。
,,医生：您好，看您脸色苍白，今天是哪里感觉异常了？患者：医生，我觉得自己最近脑子出了大问题。我今天和女朋友在餐厅吃饭，吃到一半，我突然觉得眼前的场景有一种诡异的熟悉感，就好像以前在梦里一模一样地发生过。然后我女朋友说，我突然两眼发直，不说话了，手里拿着筷子不停地敲碗边缘，嘴里还吧嗒吧嗒作响。过了快两分钟我才回过神，但我完全不记得刚才发生了什么。医生：这种强烈的似曾相识感伴随无意识小动作和短暂意识中断，我们需要做详细检查。回过神来之后，有没有觉得极度的疲惫，或者头蒙蒙的痛？患者：对，缓过来之后就觉得头重脚轻的，脑子里像塞了团棉花，特别想找个地方躺下睡觉，浑身都没力气。医生：这种发作后的疲劳感是非常关键的描述。您以前大脑有没有查出过微小的血管畸形？或者受过严重的撞击？患者：五年前我出过一场车祸，头重重撞在挡风玻璃上，当时医生说有轻微脑挫伤，治好后我就没再复查过。医生：这个外伤史很重要。您的直系亲属里，有没有人有类似不明原因发呆，或者确诊过脑部异常放电的？患者：我亲妹妹以前经常突然发愣，后来去医院查说是脑电波异常，一直在吃药。医生：明白了。您最近是不是经常熬夜，或者有大量喝浓茶、咖啡提神的习惯？患者：最近为了准备一个重要的竞标，天天熬夜写方案到凌晨三四点，每天靠好几杯浓咖啡撑着，神经崩得很紧。,医生：您好，请您从最开始的不舒服说起，哪里最明显？患者：医生您好，主要是感冒后出现双腿乏力。一开始是两条腿酸痛、乏力，上楼困难，后来双手也发麻，症状是慢慢往上发展的。医生：好的。这个情况持续了多久？中间有没有完全缓解，还是一直存在或越来越明显？患者：发作时自己有些害怕，持续时间和程度不太固定，但最近次数或程度都比以前多。医生：近期有没有感觉手脚反射变迟钝、走路踩不实，或者需要扶墙才能走？大小便有没有变化？患者：有腰背酸痛和小腿疼，脚底踩不实，走路要扶着墙，双手也开始麻。没有明显发热了，头脑清楚，就是四肢越来越没力。医生：我再问一下过去的身体情况：以前出现过这样的症状吗？有没有长期疾病、外伤、手术或正在服用的药物？患者：一个月前打过针后有点发热，之后一直乏力，最近明显加重。医生：家里直系亲属有没有发生过类似的肢体无力、抽搐、手抖、说话或走路异常等情况？患者：没有遗传病史，家里人多数只是普通高血压、糖尿病。医生：最后了解一下生活习惯。您平时作息、饮食、运动、吸烟饮酒情况怎么样？最近有没有劳累、熬夜、感染或情绪波动？患者：平时久坐，运动少，近期压力大，但没有接触特殊化学品。
,,医生：您好，请坐，看您精神不太集中，今天是哪里不舒服？患者：大夫，我是被我大学室友硬拉来的。他们说我最近很奇怪，经常在宿舍里打游戏打得好好的，突然就盯着屏幕发呆，手里鼠标也掉了。别人叫我我也没反应，有时候嘴里还嘀嘀咕咕不知道在说啥。过个十几秒我又突然回过神来，继续问他们“刚才打到哪了”。但我自己对这段时间完全没有记忆，感觉像丢了魂一样。医生：这种频繁的短暂意识中断和发呆，我们需要做详细的检查。在您每次回过神来之后，有没有觉得极度的疲惫，或者在发呆前的一瞬间，觉得眼前的场景特别熟悉，像做梦一样？患者：对！我经常在那种时候觉得，眼前的人和事有一种强烈的“我以前绝对经历过”的感觉，特别诡异。而且每次缓过来之后，就觉得头重脚轻的，特别想睡觉。医生：这种似曾相识感是非常关键的描述。回忆一下过去，您小的时候有没有受过头部外伤，或者因为高热发生过惊厥？患者：我小学的时候调皮，从两米多高的墙上摔下来过，当时摔到了头，昏迷了半天，后来做CT说有脑部挫伤。医生：这个外伤史很重要。那您的直系亲属里，有没有人有类似不明原因发呆，或者确诊过类似的脑部放电异常疾病的？患者：我亲舅舅以前就是经常突然发愣，后来去大医院查出来说是脑子里放电异常，一直在吃药。医生：明白了。最后了解一下您最近的生活状态，是不是天天熬夜打游戏？有没有长时间盯着闪烁的屏幕？患者：我是个重度网游玩家，经常晚上熄灯后躲在被窝里用电脑打游戏，屏幕光一闪一闪的，一打就是一通宵，白天上课都在打瞌睡。,医生：您好，您这次来看诊，主要是哪方面的问题？患者：医生您好，主要是行走不稳伴肢体酸痛。最近走路不稳，双腿没力气，蹲下站起来困难，手也有针刺感。医生：好的。这个情况持续了多久？中间有没有完全缓解，还是一直存在或越来越明显？患者：中间有过短暂好一点的时候，但总体比刚开始重，尤其到晚上或活动后更明显。医生：除了麻木无力，您有没有呼吸费力、吞咽不顺、饮水呛咳、面部无力，或者心慌、出汗异常？患者：两边差不多，确实是从脚往上走，最近胸口有点闷，需要深呼吸，喝水偶尔觉得慢。医生：我再问一下过去的身体情况：以前出现过这样的症状吗？有没有长期疾病、外伤、手术或正在服用的药物？患者：两周前感冒过，咳嗽、发热几天，后来刚好就开始腿软。医生：再了解一下家族情况。您的父母、兄弟姐妹或子女中，有没有人出现过类似症状，或有相关的长期疾病？患者：家族里没有明确神经系统方面疾病。医生：最后了解一下生活习惯。您平时作息、饮食、运动、吸烟饮酒情况怎么样？最近有没有劳累、熬夜、感染或情绪波动？患者：发病前和朋友烧烤，吃过没完全熟的鸡肉，之后拉了几天肚子。
,,医生：您好，看您右手还被纱布包扎着，今天是怎么受的伤？患者：医生，我这伤是在公园里摔的。今天早上我散步的时候，右手突然像触了电一样，大拇指和食指不受控制地猛烈抽动，接着整条右胳膊都开始剧烈抖动。我吓坏了，用左手死死抱住右胳膊都没用。大概抖了半分钟，我眼前一黑就倒在石板路上了。醒来的时候胳膊擦破了很大一块皮，浑身痛。医生：这种从局部手指开始抽动，然后蔓延到全身失去意识的情况，不能掉以轻心。在您倒下之前，有没有看到眼前有什么五颜六色的闪光？或者醒来后觉得这只右胳膊一点力气都没有？患者：闪光倒没看到。但我醒过来之后，这只右胳膊真的是软绵绵的，像面条一样抬不起来，过了大概半个多小时才慢慢恢复力气。医生：这种发作后的肢体短暂无力是有定位意义的。您以前大脑有没有受过外伤？或者小时候有没有严重的发烧抽筋经历？患者：听我妈说，我两岁多的时候出麻疹，高烧到了四十度，当时整个人烧得翻白眼抽筋，在医院抢救了两天。医生：好的，高热惊厥史很有参考价值。那您的兄弟姐妹或者长辈里，有没有人有类似的抽动或者突然倒地的毛病？患者：我有个堂弟，从小就有这种经常抽风的毛病，一直在吃药控制。医生：了解了。最后了解下，您昨天晚上是不是长时间盯着闪烁的屏幕玩游戏？或者最近睡眠极度匮乏？患者：我昨晚跟朋友去网吧打那种枪战游戏，屏幕闪得很厉害，连着玩了个通宵，早上出来的时候眼睛都发酸了。,医生：您好，请您从最开始的不舒服说起，哪里最明显？患者：医生您好，主要是行走不稳伴肢体酸痛。前几天还只是脚底麻，现在膝盖以下都木，走路发飘，今天连拧瓶盖都费劲。医生：请您描述一下发作或加重时的样子，包括持续时间、部位和对日常活动的影响。患者：开始时比较轻，我以为能缓过去，但这两天家里人也看出不对，日常吃饭、穿衣或走路都受影响。医生：我还要问一些细节：这种无力是不是两侧差不多？有没有从脚往上发展？有没有腰背痛或肢体疼痛？患者：两边差不多，确实是从脚往上走，最近胸口有点闷，需要深呼吸，喝水偶尔觉得慢。没有明显发热了，头脑清楚，就是四肢越来越没力。医生：之前身体状况怎么样？有没有类似症状、慢性病、外伤史，或体检提示过异常？患者：两周前感冒过，咳嗽、发热几天，后来刚好就开始腿软。医生：从家族史方面看，家里有没有人有类似发作，或者长期的神经系统、肌肉无力、脑血管方面问题？患者：家里没有人出现过这种从脚往上麻、四肢无力的情况。医生：最后问一下，近期有没有旅行、腹泻或感冒，是否接触特殊环境？平常作息和运动规律吗？患者：前阵子旅游吃了海鲜和路边摊，回来后肠胃不舒服，后来才出现腿软。
,,医生：您好，别紧张，慢慢说今天是怎么个情况让您来医院的？患者：大夫，我昨天在看电影的时候，电影里那种爆闪的灯光一闪，我突然觉得脑袋里“嗡”的一声，然后就完全失去了意识。我朋友说我从座位上滑下去，四肢僵硬，不停地抽搐，嘴里还吐白沫。大概过了一分多钟才停下来。医生：这种在闪光刺激下突发的全身抽搐非常典型。在您失去意识前，除了看到闪光，有没有觉得恶心，或者闻到奇怪的气味？发作后现在感觉怎么样？患者：发作前确实觉得一阵恶心想吐。现在感觉头痛得像要裂开，四肢肌肉酸痛得连抬手的力气都没有。医生：发作后的头痛和肌肉酸痛是常见现象。您以前大脑有没有受过外伤，比如出过车祸，或者得过脑膜炎？患者：五年前出过车祸，头撞在方向盘上，当时有轻度脑震荡。脑膜炎没得过。医生：这确实是个不可忽视的病史。您的直系亲属里，有没有人有过这种突发的抽搐？患者：我亲叔叔以前有过类似的情况，听说也是看到闪光的东西就容易犯病。医生：明白了。最后问问，您平时是不是经常熬夜看手机屏幕？发病前是不是长时间没有休息？患者：我是个程序员，天天对着电脑屏幕敲代码到半夜。昨天看电影前已经连续通宵赶项目两天了。,医生：您好，今天主要因为什么不舒服来就诊？患者：医生您好，主要是行走不稳伴肢体酸痛。大概半个月前先是双脚发麻，像踩棉花，后来小腿也没劲，这两天手指也开始麻，拿东西不稳。医生：这些表现是突然出现还是逐渐加重？大概从什么时候开始，最明显影响到什么活动？患者：大概从半个月前开始，最初不明显，后来越来越影响走路和做事，休息后也不一定完全好。医生：除了麻木无力，您有没有呼吸费力、吞咽不顺、饮水呛咳、面部无力，或者心慌、出汗异常？患者：两边差不多，确实是从脚往上走，最近胸口有点闷，需要深呼吸，喝水偶尔觉得慢。现在没有明显大小便失禁，但走路越来越不稳。医生：关于既往史，您之前有没有因为神经、头部、肌肉无力或意识变化等问题就医？平时有什么基础病？患者：一个月前打过针后有点发热，之后一直乏力，最近明显加重。医生：您的家人中有没有人年轻或年老后出现过相似表现，或者被反复要求做头部、神经方面检查？患者：没有遗传病史，家里人多数只是普通高血压、糖尿病。医生：我还想了解生活和诱因：最近睡眠、压力、饮食、饮酒、吸烟、运动，以及外出或特殊接触情况如何？患者：最近出差劳累，睡眠少，感冒后仍继续上班，没有好好休息。
,,医生：您好，看您表情有些迷茫，今天主要是遇到了什么身体上的麻烦？患者：医生，我觉得自己最近脑子出了大问题。我今天在厨房切菜，突然手里就不受控制了。我老婆说，我当时两眼呆滞，嘴里一直在不由自主地吧嗒吧嗒砸吧嘴，两只手还不停地去解自己衣服的扣子，又摸又搓的，怎么叫我都不答应。过了大概两分钟，我才突然清醒过来。我看着案板上的菜和自己解开的衣服，完全不知道刚才发生了什么。医生：这种伴随无意识小动作（比如砸吧嘴、摸索衣服）的意识障碍，我们需要高度重视。在您出现这种发呆和无意识动作之前，您有没有闻到过像臭鸡蛋或者烧焦的怪味？或者事后觉得像跑了马拉松一样累，头特别疼？患者：有！我当时正切着白菜，突然闻到一股特别难闻的像死老鼠一样的臭味，我还问我老婆是不是厨房里有死老鼠，还没等她回答，我就什么都不知道了。清醒过来之后，我就觉得特别疲倦，头也是木木的痛。医生：这种发作前的幻嗅是非常关键的定位线索。您以前头部有没有受过比较严重的撞击，或者做过什么脑部的手术？患者：做过手术。十年前我脑子里长过一个小小的良性肿瘤，当时做了开颅手术切除了。医生说手术很成功，这些年也一直没出过什么岔子。医生：这确实是个非常重要的既往史。那您的家族里，有没有人有类似不明原因的发呆，或者突然倒地抽搐的病史？患者：没有，家里人身体都挺健康的，都没得过这种需要开颅的病，也没人抽过风。医生：明白了。最后问问您的生活习惯，您平时是不是有经常熬夜的习惯？发病前是不是经历了极大的情绪波动？患者：我最近在做个大项目，已经连续熬了三个通宵了，每天靠浓茶强撑着，情绪也特别暴躁，经常跟下面的人发火。,医生：您好，我先了解一下，最让您担心的症状是什么？患者：医生您好，主要是四肢麻木无力逐渐加重。前几天还只是脚底麻，现在膝盖以下都木，走路发飘，今天连拧瓶盖都费劲。医生：这些表现是突然出现还是逐渐加重？大概从什么时候开始，最明显影响到什么活动？患者：中间有过短暂好一点的时候，但总体比刚开始重，尤其到晚上或活动后更明显。医生：除了麻木无力，您有没有呼吸费力、吞咽不顺、饮水呛咳、面部无力，或者心慌、出汗异常？患者：有腰背酸痛和小腿疼，脚底踩不实，走路要扶着墙，双手也开始麻。没有明显发热了，头脑清楚，就是四肢越来越没力。医生：关于既往史，您之前有没有因为神经、头部、肌肉无力或意识变化等问题就医？平时有什么基础病？患者：一个月前打过针后有点发热，之后一直乏力，最近明显加重。医生：从家族史方面看，家里有没有人有类似发作，或者长期的神经系统、肌肉无力、脑血管方面问题？患者：家里没有人出现过这种从脚往上麻、四肢无力的情况。医生：最后问一下，近期有没有旅行、腹泻或感冒，是否接触特殊环境？平常作息和运动规律吗？患者：最近出差劳累，睡眠少，感冒后仍继续上班，没有好好休息。
,,医生：您好，看您脸色苍白，嘴唇还有点破了，今天是怎么个情况让您赶紧来医院的？患者：医生，我现在整个人都是懵的。昨天晚上我正坐在电脑前加班，突然就什么都不知道了。等我再醒过来的时候，人已经躺在地板上了，旁边的椅子也被带倒了。我老婆吓得直哭，她说我突然眼珠子往上翻，直挺挺地摔倒，全身像触电一样抽筋，嘴里还吐白沫，持续了得有一分多钟。我自己一点记忆都没有，醒来就觉得舌头特别疼，一照镜子发现咬破了，全身肌肉像被人狠狠打了一顿一样酸痛。医生：这种突发的意识丧失和全身抽搐确实非常让人惊恐，您来做检查是非常正确的。在您失去意识倒下之前的几秒钟，您有没有闻到过一些周围根本不存在的怪味，比如烧焦的橡胶味？或者觉得肚子里有一股气直往脑门上冲？患者：您怎么知道？昨天倒下之前，我确实突然闻到一股特别刺鼻的、像电线烧焦了的味道，我还四处看是不是哪里短路了。接着就感觉胃里一阵翻江倒海，有种强烈的恐惧感冒出来，然后眼前一黑就断片了。现在头还痛得像要裂开一样。医生：这些发作前瞬间的先兆和发作后的头痛非常关键。那我们回忆一下很久以前，您小的时候有没有因为发高烧导致过惊厥抽搐？或者头部有没有受过比较严重的外伤？患者：外伤倒没有。但我听我妈唠叨过，说我两岁多的时候发过一次特别高的高烧，当时在家里抽抽了，翻白眼，连夜抱去卫生所急救才缓过来，不知道这有没有关系。医生：明白了，这些细节都很有用。在您的家族直系亲属里，有没有人被诊断过类似的会突然抽搐的疾病，或者经常发生不明原因晕厥的？患者：没有，我爸妈身体都挺好的。不过我有个亲姑姑，听说年轻的时候受过刺激，偶尔会有翻白眼抽风的情况，但后来老了好像又没怎么发作过了。医生：最后问一下您的生活习惯。最近这段时间，您是不是经常熬夜、睡眠严重不足？有没有长时间盯着闪烁的屏幕看，或者有大量饮酒的习惯？患者：最近年底公司冲业绩，我连续加了半个月的班，每天晚上盯着满屏幕的红绿数据熬到凌晨两三点才睡，精神高度紧张，每天只睡三四个小时。,医生：您好，今天主要因为什么不舒服来就诊？患者：医生您好，主要是四肢麻木无力逐渐加重。前几天还只是脚底麻，现在膝盖以下都木，走路发飘，今天连拧瓶盖都费劲。医生：请您描述一下发作或加重时的样子，包括持续时间、部位和对日常活动的影响。患者：开始时比较轻，我以为能缓过去，但这两天家里人也看出不对，日常吃饭、穿衣或走路都受影响。医生：除了麻木无力，您有没有呼吸费力、吞咽不顺、饮水呛咳、面部无力，或者心慌、出汗异常？患者：两边差不多，确实是从脚往上走，最近胸口有点闷，需要深呼吸，喝水偶尔觉得慢。医生：之前身体状况怎么样？有没有类似症状、慢性病、外伤史，或体检提示过异常？患者：以前没有类似四肢对称无力，也没长期慢性病。医生：家里直系亲属有没有发生过类似的肢体无力、抽搐、手抖、说话或走路异常等情况？患者：家族里没有明确神经系统方面疾病。医生：最后了解一下生活习惯。您平时作息、饮食、运动、吸烟饮酒情况怎么样？最近有没有劳累、熬夜、感染或情绪波动？患者：前阵子旅游吃了海鲜和路边摊，回来后肠胃不舒服，后来才出现腿软。
,,医生：您好，看您脸色不太好，今天是遇到了什么突发状况？患者：医生，我在家里洗澡的时候出事了。正洗着头，我突然感觉听到了一阵极其刺耳的电锯声，嗡嗡的，但我知道家里根本没人在装修。还没等我反应过来，我就人事不省了。我老婆听到浴室里“扑通”一声，跑进来发现我赤身裸体倒在地上，全身抽搐，嘴里吐着白沫。我现在觉得非常丢人，而且头痛得要命。医生：浴室这种环境突发意识丧失非常危险，幸好家属发现及时。在听到奇怪的电锯声之前，您有没有觉得一阵强烈的恶心，或者闻到烧焦的味道？事后除了头痛，肌肉酸不酸？患者：没有闻到怪味，就是那个声音太真实了，震得我头皮发麻。现在浑身肌肉就像跑了个马拉松一样，酸痛得都不想动弹，只想躺着睡觉。医生：这种发作前的幻听是非常有定位价值的先兆。您以前有没有得过脑膜炎，或者做过脑部CT提示有微小的损伤？患者：我八岁的时候得过结核性脑膜炎，当时病情挺重的，治了快半年才出院。医生：好的。您的家族里，比如父母或者祖父母，有没有人得过容易突然晕倒抽搐的疾病？患者：没有，家里人都没有这种毛病。医生：最后问问您的生活细节，您发病前是不是长时间在密闭环境里待着？或者最近有没有大量饮酒、极度劳累？患者：最近为了赶一个设计图，我连着通宵了两个晚上，每天就靠外卖和抽烟对付。今天也是觉得太累了想洗个热水澡放松一下，结果水温可能调得太高，浴室里雾气腾腾的，突然就出事了。,医生：您好，今天主要因为什么不舒服来就诊？患者：医生您好，主要是感冒后出现双腿乏力。大概1个月前先是双脚发麻，像踩棉花，后来小腿也没劲，这两天手指也开始麻，拿东西不稳。医生：请您描述一下发作或加重时的样子，包括持续时间、部位和对日常活动的影响。患者：开始时比较轻，我以为能缓过去，但这两天家里人也看出不对，日常吃饭、穿衣或走路都受影响。医生：近期有没有感觉手脚反射变迟钝、走路踩不实，或者需要扶墙才能走？大小便有没有变化？患者：两边差不多，确实是从脚往上走，最近胸口有点闷，需要深呼吸，喝水偶尔觉得慢。没有明显发热了，头脑清楚，就是四肢越来越没力。医生：关于既往史，您之前有没有因为神经、头部、肌肉无力或意识变化等问题就医？平时有什么基础病？患者：以前没有类似四肢对称无力，也没长期慢性病。医生：您的家人中有没有人年轻或年老后出现过相似表现，或者被反复要求做头部、神经方面检查？患者：家族里没有明确神经系统方面疾病。医生：我还想了解生活和诱因：最近睡眠、压力、饮食、饮酒、吸烟、运动，以及外出或特殊接触情况如何？患者：发病前和朋友烧烤，吃过没完全熟的鸡肉，之后拉了几天肚子。
,,医生：您好，请坐，看您表情很沮丧，今天是遇到了什么突发状况？患者：大夫，我今天在公司走廊里走着，突然双腿一点力气都没有了，像被人抽了筋一样，整个人直挺挺地往前栽倒，下巴狠狠地磕在瓷砖上，缝了三针。同事说我倒下去那一瞬间眼睛是直的。过了十几秒我才缓过来，自己爬起来。医生：这种突发的“猝倒”发作非常危险，很容易导致意外受伤。在您倒下之前，有没有感觉听到一种根本不存在的机器轰鸣声？事后有没有觉得极度头痛？患者：当时倒下去前一秒，我确实感觉胃里有一种强烈的下坠感，像坐过山车一样，心里一慌就什么都不知道了。现在缓过来以后，觉得后脑勺闷闷地痛。医生：这种强烈的下坠感也是一种关键先兆。回忆一下，您小时候发生过高热惊厥吗？或者脑部有没有长过囊肿、肿瘤？患者：我妈说我一岁多的时候发高烧，抽风过好几次。脑部肿瘤没长过。医生：这个高热惊厥史我会记下来。那您的家族长辈中，有没有人有过这种突然浑身发软摔倒，或者突然发愣的毛病？患者：我母亲年轻的时候有过几次突然晕倒的经历，但没查出什么原因。医生：了解。最后问问您的生活习惯，最近是不是经常熬夜，精神压力极大，或者有长期饮酒的习惯？患者：最近刚失恋，心情极度抑郁，每天晚上都在借酒浇愁，连续好几天都是喝得酩酊大醉才睡，精神状态很差。,医生：您好，今天主要因为什么不舒服来就诊？患者：医生您好，主要是手脚麻木向上发展。大概2天前先是双脚发麻，像踩棉花，后来小腿也没劲，这两天手指也开始麻，拿东西不稳。医生：这些表现是突然出现还是逐渐加重？大概从什么时候开始，最明显影响到什么活动？患者：大概从2天前开始，最初不明显，后来越来越影响走路和做事，休息后也不一定完全好。医生：我还要问一些细节：这种无力是不是两侧差不多？有没有从脚往上发展？有没有腰背痛或肢体疼痛？患者：大小便还可以，但出汗比平时多，心里发慌，家人说我笑起来脸有点僵。医生：接下来了解既往情况。您以前有没有类似发作或类似不适？平时有没有慢性病、住院史，或做过相关检查？患者：发病前十来天拉过肚子，还有点低烧，自己吃药后好了。医生：从家族史方面看，家里有没有人有类似发作，或者长期的神经系统、肌肉无力、脑血管方面问题？患者：家族里没有明确神经系统方面疾病。医生：平时生活习惯方面，是否经常久坐、熬夜、饮食偏咸偏油、饮酒吸烟？发作前有没有特别劳累或不适？患者：最近出差劳累，睡眠少，感冒后仍继续上班，没有好好休息。
,,医生：您好，别紧张，慢慢说今天是怎么个情况让您赶紧来医院的？患者：大夫，我今天在公司食堂打饭，手里端着个铁盘子。突然，我感觉右边肩膀的肌肉不受控制地猛烈抽动了一下，连带着右胳膊一扬，餐盘直接扣在了地上，饭菜撒了一地。当时所有人都看着我，但我其实脑子是清醒的，就是控制不住那只手。这已经是我这个星期第三次出现这种突然的肌肉抽动了。医生：这种在意识清醒下发生的局部肌肉猛烈抽动，确实会让人很尴尬也很担忧。除了胳膊抽动，您最近有没有觉得头痛，或者在抽动后觉得那只胳膊有些无力发麻？患者：抽动完之后，右胳膊确实觉得酸溜溜的，有点发麻，像刚提了重物一样使不上劲。头痛倒是偶尔会有，特别是早上刚起床的时候，觉得后脑勺闷闷的。医生：好的，这些情况我都记录下来了。那您以前有没有过出生时缺氧的经历，或者小时候发高烧抽过风？患者：听我妈说，我出生的时候难产，憋得全身发紫，在恒温箱里待了半个月。后来两三岁的时候，只要一发烧到三十九度，必定会翻白眼抽筋。医生：这确实是非常关键的早期病史。那您的父母或者兄弟姐妹里，有没有人有类似的抽动或者晕厥的毛病？患者：我堂哥听说从小就有“羊癫疯”，一直在吃药控制，不知道这会不会隔代或者旁系遗传。医生：了解。最后了解下您的生活习惯。您最近是不是为了考试或者工作，严重睡眠不足？有没有经常去酒吧或者看那种闪光很强烈的演唱会？患者：最近在准备考研，每天晚上看书看到凌晨三点，早上六点又得起。昨晚实在熬不住了，喝了两大杯特浓黑咖啡，结果今天中午就出丑了。,医生：您好，您这次来看诊，主要是哪方面的问题？患者：医生您好，主要是行走不稳伴肢体酸痛。最近走路不稳，双腿没力气，蹲下站起来困难，手也有针刺感。医生：这些表现是突然出现还是逐渐加重？大概从什么时候开始，最明显影响到什么活动？患者：开始时比较轻，我以为能缓过去，但这两天家里人也看出不对，日常吃饭、穿衣或走路都受影响。医生：除了麻木无力，您有没有呼吸费力、吞咽不顺、饮水呛咳、面部无力，或者心慌、出汗异常？患者：两边差不多，确实是从脚往上走，最近胸口有点闷，需要深呼吸，喝水偶尔觉得慢。医生：我再问一下过去的身体情况：以前出现过这样的症状吗？有没有长期疾病、外伤、手术或正在服用的药物？患者：发病前十来天拉过肚子，还有点低烧，自己吃药后好了。医生：从家族史方面看，家里有没有人有类似发作，或者长期的神经系统、肌肉无力、脑血管方面问题？患者：家里没有人出现过这种从脚往上麻、四肢无力的情况。医生：最后了解一下生活习惯。您平时作息、饮食、运动、吸烟饮酒情况怎么样？最近有没有劳累、熬夜、感染或情绪波动？患者：发病前和朋友烧烤，吃过没完全熟的鸡肉，之后拉了几天肚子。
,,医生：您好，请坐，看您右手还用另一只手托着，今天是哪里感觉不对劲？患者：医生，我这右手简直像中了邪一样。刚才在公交车上，我右手握着扶手，大拇指突然就开始不受控制地猛烈抽动，接着食指、中指也跟着抽，然后整条右胳膊都开始不受控制地甩动。我吓坏了，用左手死死按住右胳膊都没用。大概抽了半分钟，突然眼前一黑，就倒在车厢里了。醒来的时候已经在救护车上了。医生：这种从局部手指开始抽动，然后蔓延到整条胳膊，最后失去意识的情况，必须要立刻查明原因。在您失去意识倒下之前，有没有闻到过奇怪的金属味？或者现在醒来后，觉得这只右胳膊一点力气都没有，像瘫痪了一样？患者：金属味倒没有闻到。但我现在这右胳膊真的是一点劲都使不上，软绵绵的，连拿个手机都拿不稳。而且我现在头痛得厉害，像有人在里面拿锤子敲一样。医生：发作后的肢体无力和头痛是很常见的后续反应。那您以前大脑有没有受过外伤，比如出过车祸，或者从高处摔下来过？患者：五年前我骑电动车下班，被一辆拐弯的轿车撞飞过，当时脑袋磕在路灯杆上，头皮破了缝了十几针，医生说有轻微脑部挫伤，但后来复查说没事了，我就没再管它。医生：这确实是个不可忽视的既往史。您的直系亲属里，比如您的父母或者祖父母，有没有人有过这种突发的抽搐，或者有类似的神经系统病史？患者：没有，我们家祖祖辈辈都在农村务农，身体都挺硬朗的，没听说谁有这种一抽一抽的怪病。医生：明白了。最后问问您平时的生活习惯，您平时是不是喜欢长时间打电子游戏？发病前是不是长时间看着闪烁的屏幕？患者：我是个游戏迷，昨晚有个新游戏上线，我戴着耳机在那种五颜六色一直闪的屏幕前连续打了十几个小时，连饭都没吃，直到早上才出门坐公交，确实疲劳到了极点。,医生：您好，您这次来看诊，主要是哪方面的问题？患者：医生您好，主要是感冒后出现双腿乏力。大概3天前先是双脚发麻，像踩棉花，后来小腿也没劲，这两天手指也开始麻，拿东西不稳。医生：请您描述一下发作或加重时的样子，包括持续时间、部位和对日常活动的影响。患者：中间有过短暂好一点的时候，但总体比刚开始重，尤其到晚上或活动后更明显。医生：近期有没有感觉手脚反射变迟钝、走路踩不实，或者需要扶墙才能走？大小便有没有变化？患者：有腰背酸痛和小腿疼，脚底踩不实，走路要扶着墙，双手也开始麻。医生：关于既往史，您之前有没有因为神经、头部、肌肉无力或意识变化等问题就医？平时有什么基础病？患者：以前没有类似四肢对称无力，也没长期慢性病。医生：从家族史方面看，家里有没有人有类似发作，或者长期的神经系统、肌肉无力、脑血管方面问题？患者：家里没有人出现过这种从脚往上麻、四肢无力的情况。医生：平时生活习惯方面，是否经常久坐、熬夜、饮食偏咸偏油、饮酒吸烟？发作前有没有特别劳累或不适？患者：发病前和朋友烧烤，吃过没完全熟的鸡肉，之后拉了几天肚子。
,,医生：您好，看您早上刚起来的样子，今天是遇到了什么突发状况？患者：大夫，我今天早上刚睡醒，坐在床边想拿水杯喝水，突然感觉双臂像被高压电击了一下，猛地往上一甩，水杯直接砸在了墙上碎了。我刚想站起来去收拾，结果双腿也是猛地一抽，整个人直接摔倒在地，瞬间就失去了知觉。我老婆说我倒在地上全身僵硬，抽搐了好一会儿。医生：这种早晨刚醒时突发的肌肉快速抽动（肌阵挛），紧接着全身大抽搐，是非常典型的发作过程。在您失去知觉前，有没有闻到奇怪的臭味？事后有没有觉得极度疲劳和头痛？患者：没闻到怪味。但醒来后真的是全身酸痛，头痛得像要炸开一样，而且困得连眼睛都睁不开，一点精神都没有。医生：好的，这些发作后的症状我记下了。您以前大脑有没有受过外伤？或者小时候有没有严重的高热抽筋经历？患者：上高中的时候打篮球，被人撞倒后脑勺着地，当时昏迷了半个多小时，医生说是轻度脑震荡。医生：这个外伤史很重要。您的家族里，有没有人有过不明原因的突然抽搐或者晕倒？患者：我大伯以前有过这种毛病，听说是受了刺激或者没睡好觉后，就会倒在地上抽风吐白沫。医生：明白了。最后问问您的生活习惯，您昨晚是不是睡眠特别差？或者有大量饮酒的习惯？患者：昨晚公司团建，我喝了快半斤白酒，还去唱了KTV，凌晨三点才睡。今天一大早又被闹钟吵醒，强撑着起床，脑子完全是昏昏沉沉的。,医生：您好，您这次来看诊，主要是哪方面的问题？患者：医生您好，主要是四肢麻木无力逐渐加重。一开始是两条腿酸痛、乏力，上楼困难，后来双手也发麻，症状是慢慢往上发展的。医生：这些表现是突然出现还是逐渐加重？大概从什么时候开始，最明显影响到什么活动？患者：开始时比较轻，我以为能缓过去，但这两天家里人也看出不对，日常吃饭、穿衣或走路都受影响。医生：除了麻木无力，您有没有呼吸费力、吞咽不顺、饮水呛咳、面部无力，或者心慌、出汗异常？患者：大小便还可以，但出汗比平时多，心里发慌，家人说我笑起来脸有点僵。现在没有明显大小便失禁，但走路越来越不稳。医生：关于既往史，您之前有没有因为神经、头部、肌肉无力或意识变化等问题就医？平时有什么基础病？患者：两周前感冒过，咳嗽、发热几天，后来刚好就开始腿软。医生：您的家人中有没有人年轻或年老后出现过相似表现，或者被反复要求做头部、神经方面检查？患者：没有遗传病史，家里人多数只是普通高血压、糖尿病。医生：最后问一下，近期有没有旅行、腹泻或感冒，是否接触特殊环境？平常作息和运动规律吗？患者：前阵子旅游吃了海鲜和路边摊，回来后肠胃不舒服，后来才出现腿软。
,,医生：您好，看您是由交警同志送过来的，路上发生什么事了？患者：医生，我现在手都在抖。我刚才开着车在快速路上，不知道怎么回事，突然就觉得脑子一片空白，失去了知觉。交警说我的车直接擦着中央护栏开出去了十几米才停下。等我被叫醒的时候，发现自己咬破了舌头，满嘴都是血，他们说我在车里抽搐了好一会儿。医生：驾驶时发生突发的意识丧失和抽搐，后果不堪设想。在您完全失去知觉前的那几秒钟，有没有觉得闻到了什么奇怪的臭味？或者看到什么五颜六色的光斑？患者：没有闻到臭味。但我当时正看着前面的路，突然觉得胃里一阵恶心翻腾，像坐电梯突然下降那种失重感，接着就有一种强烈的恐惧感袭来，然后就断片了。医生：这种胃气上升和恐惧感是非常重要的发作先兆。您以前有没有查出过脑部有血管畸形，或者头部受过重伤？患者：三年前我从楼梯上滚下来过，当时诊断是硬膜下血肿，后来保守治疗血块吸收了，就没再管它。医生：明白了。您的家族里，比如您的长辈，有没有人有过不明原因的晕厥或者抽搐病史？患者：我爷爷以前有过这种毛病，突然就倒在地上不省人事，过一会儿又自己醒了，家里人说是羊角风。医生：最后问问，您平时的工作性质是不是经常需要熬夜？或者发病前有没有过度疲劳、大量抽烟？患者：我是跑长途运输的，经常连夜开车，为了提神，我每天都要抽两三包烟，作息完全是颠倒的，今天也是熬了一个通宵在开车。,医生：您好，请您从最开始的不舒服说起，哪里最明显？患者：医生您好，主要是四肢麻木无力逐渐加重。大概半个月前先是双脚发麻，像踩棉花，后来小腿也没劲，这两天手指也开始麻，拿东西不稳。医生：好的。这个情况持续了多久？中间有没有完全缓解，还是一直存在或越来越明显？患者：大概从半个月前开始，最初不明显，后来越来越影响走路和做事，休息后也不一定完全好。医生：我还要问一些细节：这种无力是不是两侧差不多？有没有从脚往上发展？有没有腰背痛或肢体疼痛？患者：两边差不多，确实是从脚往上走，最近胸口有点闷，需要深呼吸，喝水偶尔觉得慢。现在没有明显大小便失禁，但走路越来越不稳。医生：接下来了解既往情况。您以前有没有类似发作或类似不适？平时有没有慢性病、住院史，或做过相关检查？患者：发病前十来天拉过肚子，还有点低烧，自己吃药后好了。医生：再了解一下家族情况。您的父母、兄弟姐妹或子女中，有没有人出现过类似症状，或有相关的长期疾病？患者：家族里没有明确神经系统方面疾病。医生：平时生活习惯方面，是否经常久坐、熬夜、饮食偏咸偏油、饮酒吸烟？发作前有没有特别劳累或不适？患者：前阵子旅游吃了海鲜和路边摊，回来后肠胃不舒服，后来才出现腿软。
,,医生：您好，看您下巴上贴着一块大纱布，今天是遇到了什么突发状况？患者：医生，我今天在公司走廊里走着走着，双腿突然就像被抽掉了骨头一样，一点力气都没了，直挺挺地往前栽倒，下巴狠狠磕在大理石地面上，缝了四针。我同事说我倒下去那一瞬间，两只眼睛是发直的。大概过了十几秒，我自己才缓过神来爬起来。医生：这种突发的“猝倒”发作非常危险，特别容易受伤。在您倒下之前，有没有感觉听到一种根本不存在的机器轰鸣声？事后有没有觉得极度头痛？患者：当时倒下去之前，我确实觉得耳朵里突然有一阵很大的嗡嗡声，像有个大马达在耳边转。现在缓过来以后，觉得后脑勺闷闷地痛。医生：这种发作前的幻听是非常重要的先兆。回忆一下，您小时候发生过高热惊厥吗？或者脑部有没有受过比较严重的撞击？患者：高中打篮球的时候，被人猛撞了一下，后脑勺着地，当时昏迷了快一个小时，医生说是脑震荡。医生：这个外伤史我会记下来。那您的家族长辈中，有没有人有过这种突然浑身发软摔倒，或者突然发愣的毛病？患者：我母亲年轻的时候有过几次突然晕倒的经历，但去医院也没查出个所以然来。医生：了解。最后问问您的生活习惯，最近是不是经常熬夜，精神压力极大，或者有长期饮酒的习惯？患者：最近刚失恋，心情极度抑郁，每天晚上都在借酒浇愁，连续好几天都是喝到半夜才睡，精神状态很差。,医生：您好，我先了解一下，最让您担心的症状是什么？患者：医生您好，主要是四肢麻木无力逐渐加重。前几天还只是脚底麻，现在膝盖以下都木，走路发飘，今天连拧瓶盖都费劲。医生：我明白了。请您再具体说说，当时最早出现的症状是什么，后来又有什么变化？患者：发作时自己有些害怕，持续时间和程度不太固定，但最近次数或程度都比以前多。医生：除了麻木无力，您有没有呼吸费力、吞咽不顺、饮水呛咳、面部无力，或者心慌、出汗异常？患者：两边差不多，确实是从脚往上走，最近胸口有点闷，需要深呼吸，喝水偶尔觉得慢。没有明显发热了，头脑清楚，就是四肢越来越没力。医生：关于既往史，您之前有没有因为神经、头部、肌肉无力或意识变化等问题就医？平时有什么基础病？患者：一个月前打过针后有点发热，之后一直乏力，最近明显加重。医生：家里直系亲属有没有发生过类似的肢体无力、抽搐、手抖、说话或走路异常等情况？患者：家族里没有明确神经系统方面疾病。医生：最后问一下，近期有没有旅行、腹泻或感冒，是否接触特殊环境？平常作息和运动规律吗？患者：最近出差劳累，睡眠少，感冒后仍继续上班，没有好好休息。
,,医生：您好，请坐。看您神情有些恍惚，今天是遇到了什么说不清楚的麻烦？患者：大夫，我今天在公司出了个大丑。开早会的时候，同事说我突然站起来，两眼空洞地看着前方，嘴里一直在吧嗒吧嗒地嚼空气，两只手还在不停地搓衣角。不管谁叫我，我都没反应，甚至还漫无目的地在会议室里转了两圈。过了大概两分钟，我才突然回过神来，看着周围的人像看怪物一样看着我，我自己完全断片了。医生：这种伴随无意识小动作和漫游的意识障碍，我们需要做深入检查。在您出现这种发呆和摸索动作之前，有没有感觉胃里有一股气往上冲？或者回过神来之后，是不是觉得脑子像一团浆糊？患者：对！我发作前的一瞬间，确实感觉胃里一阵翻腾，像坐电梯失重一样，有一股热气直冲嗓子眼。清醒过来之后，我就觉得整个人特别迟钝，反应很慢，而且特别困。医生：这种胃气上升的感觉是典型的先兆。那您以前有没有得过病毒性脑炎、脑膜炎之类的颅内感染？或者做过脑部的手术？患者：做过手术的。十年前我查出脑子里有个良性的脑膜瘤，当时做了开颅手术切除了，后来恢复得挺好，就没怎么复查过。医生：这确实是个非常核心的既往史。您的家族里，比如您的长辈们，有没有人有过这种突然发愣，或者做奇怪动作的病史？患者：没有，家里人都没有这种毛病。医生：明白了。最后问问您的生活细节，您最近是不是工作压力极大，或者经常喝浓茶、咖啡来熬夜？患者：最近有个新项目上线，我精神压力大得快崩溃了，每天靠喝三大杯浓美式咖啡强撑着，晚上回到家脑子里也是嗡嗡响，根本睡不着。,医生：您好，请您从最开始的不舒服说起，哪里最明显？患者：医生您好，主要是四肢麻木无力逐渐加重。大概一周前先是双脚发麻，像踩棉花，后来小腿也没劲，这两天手指也开始麻，拿东西不稳。医生：好的。这个情况持续了多久？中间有没有完全缓解，还是一直存在或越来越明显？患者：开始时比较轻，我以为能缓过去，但这两天家里人也看出不对，日常吃饭、穿衣或走路都受影响。医生：近期有没有感觉手脚反射变迟钝、走路踩不实，或者需要扶墙才能走？大小便有没有变化？患者：大小便还可以，但出汗比平时多，心里发慌，家人说我笑起来脸有点僵。现在没有明显大小便失禁，但走路越来越不稳。医生：之前身体状况怎么样？有没有类似症状、慢性病、外伤史，或体检提示过异常？患者：发病前十来天拉过肚子，还有点低烧，自己吃药后好了。医生：从家族史方面看，家里有没有人有类似发作，或者长期的神经系统、肌肉无力、脑血管方面问题？患者：父母和兄弟姐妹都没有类似病史，也没听说亲戚长期肢体无力。医生：最后了解一下生活习惯。您平时作息、饮食、运动、吸烟饮酒情况怎么样？最近有没有劳累、熬夜、感染或情绪波动？患者：最近出差劳累，睡眠少，感冒后仍继续上班，没有好好休息。
,,医生：您好，看您下巴上贴着一块大纱布，今天是怎么受的伤？患者：大夫，我今天在厨房做饭的时候出事了。我正端着一锅热汤准备往桌上放，突然觉得双腿就像被抽掉了骨头一样，一点力气都没了。整个人直挺挺地往前栽倒，下巴狠狠磕在灶台上，缝了四针，热汤也洒了一地差点烫伤我。我老婆说我倒下去那一瞬间，两只眼睛是发直的。大概过了十几秒，我自己才缓过神来爬起来。医生：这种突发的“失张力猝倒”发作非常危险，特别容易导致严重外伤。在您倒下之前，有没有感觉听到一种根本不存在的机器轰鸣声？或者事后有没有觉得极度头痛？患者：当时倒下去前一秒，我确实觉得耳朵里突然有一阵很大的嗡嗡声，像有个大马达在耳边转，震得我头皮发麻。现在缓过来以后，觉得后脑勺闷闷地痛。医生：这种发作前的幻听是非常重要的先兆。回忆一下，您小时候有没有发生过高热惊厥？或者脑部有没有受过比较严重的撞击？患者：高中打篮球的时候，被人猛撞了一下，后脑勺着地，当时昏迷了快一个小时，医生说是脑震荡。医生：这个外伤史我会记下来。那您的家族长辈中，有没有人有过这种突然浑身发软摔倒，或者突然发愣的毛病？患者：我母亲年轻的时候有过几次突然晕倒的经历，但去医院也没查出个所以然来。医生：了解。最后问问您的生活习惯，最近是不是经常熬夜，精神压力极大，或者有长期饮酒的习惯？患者：最近刚失业，心情极度抑郁，每天晚上都在借酒浇愁，连续好几天都是喝到半夜才睡，精神状态很差。,医生：您好，请您从最开始的不舒服说起，哪里最明显？患者：医生您好，主要是感冒后出现双腿乏力。前几天还只是脚底麻，现在膝盖以下都木，走路发飘，今天连拧瓶盖都费劲。医生：请您描述一下发作或加重时的样子，包括持续时间、部位和对日常活动的影响。患者：开始时比较轻，我以为能缓过去，但这两天家里人也看出不对，日常吃饭、穿衣或走路都受影响。医生：近期有没有感觉手脚反射变迟钝、走路踩不实，或者需要扶墙才能走？大小便有没有变化？患者：大小便还可以，但出汗比平时多，心里发慌，家人说我笑起来脸有点僵。现在没有明显大小便失禁，但走路越来越不稳。医生：我再问一下过去的身体情况：以前出现过这样的症状吗？有没有长期疾病、外伤、手术或正在服用的药物？患者：以前没有类似四肢对称无力，也没长期慢性病。医生：家里直系亲属有没有发生过类似的肢体无力、抽搐、手抖、说话或走路异常等情况？患者：家里没有人出现过这种从脚往上麻、四肢无力的情况。医生：最后问一下，近期有没有旅行、腹泻或感冒，是否接触特殊环境？平常作息和运动规律吗？患者：前阵子旅游吃了海鲜和路边摊，回来后肠胃不舒服，后来才出现腿软。
